"‘Get Out’ While Bitcoin is Still Above $65k, Says Peter Schiff as Maximalist Dumps $20 Million in BTC",Gold Proponent Peter Schiff has stated that it is hard to believe Bitcoin is still above $65k and holders should cash out while they can.,2026-03-31T11:40:04Z,ZyCrypto
Are Dems now so corrupt they’d bar Bruce Blakeman from getting campaign funding?,New York state’s Public Campaign Finance Board is preparing to deny $7 million to Republican gubernatorial candidate Bruce Blakeman because he didn’t include his running mate’s name on a form . . . that doesn’t exist yet. This November is the first statewide …,2026-03-31T11:39:09Z,New York Post
Abhay Singh and Anahat Singh Receive Top Asian Squash Federation Awards,"Abhay Singh and Anahat Singh have been recognised as the Asian Squash Federation's outstanding players of the year, while the Indian boys team received the men's team award.",2026-03-31T11:38:18Z,Rediff.com
New twist in the Brandon Aiyuk case: 49ers owner Jed York hasn't ruled out his return,"The San Francisco 49ers&apos; ownership has injected a surprising dose of uncertainty into what many believed was a foregone conclusion regarding Brandon Aiyuk&apos;s future.

Spea",2026-03-31T11:35:07Z,Marca
"Kobo Resources Intersects Strong Gold Results Across All Three Zones at Kossou, Including 7.0 m at 5.06 g/t Au at the Road Cut Zone","High-grade gold results returned from the Road Cut Zone with 7.0 m at 5.06 g/t Au incl. 1.0 m at 20.00 g/t Au, with encouraging gold mineralisation intersected along the Contact Zone Fault area Strong gold mineralisation intersected in all three Kadie Zone ho…",2026-03-31T11:32:02Z,Financial Post
TomaGold Starts Drilling at Berrigan Mine,"1,500-metre Phase 2 drilling program aimed at testing the newly-discovered Berrigan Deep Zone MONTRÉAL — TOMAGOLD CORPORATION (TSXV: LOT; OTCPK: TOGOF) (“TomaGold” or the “Company”) is pleased to announce that drilling has started at its Berrigan Mine project…",2026-03-31T11:31:18Z,Financial Post
Pragmata ya es gold: Capcom confirma que su esperada aventura de ciencia ficción está lista para llegar en abril,"<!--cache-->El nuevo juego de Capcom ha superado una de las últimas grandes fases antes del lanzamiento y mantiene su esperado estreno para el 17 de abril en PS5, Xbox Series, Switch 2 y PC.<!--aa--->Capcom ya puede dar prácticamente por cerrado el desarrollo…",2026-03-31T11:31:00Z,Elespanol.com
Jarren Duran needs to be Captain Chaos for the Red Sox,Stop thinking and play ball.,2026-03-31T11:28:32Z,Over The Monster
"Piramal Finance AUM crosses ₹1 lakh crore, eyes microfinance acquisition","Piramal Finance plans to diversify beyond home loans into microfinance and gold loans, aiming to reach Rs 1.5 lakh crore AUM by March 2028, while maintaining a cautious approach amid global uncertainties",2026-03-31T11:27:56Z,BusinessLine
Middle East Conflict Erases Arab Region's Annual Economic Growth – UN,"The conflict in the Middle East has nullified the annual economic growth of the Arab region, with losses potentially reaching nearly $200 billion, according to a report by the United Nations Development Programme (UNDP).",2026-03-31T11:23:26Z,Sputnikglobe.com
Crypto Trading Platform BYDFi Marks Sixth Anniversary with Month-Long Celebration,"Beginning on April 1, 2026, the cryptocurrency trading platform BYDFi will commemorate its sixth anniversary with a month-long event highlighting its development into an all-in-one platform based on a CEX + DEX dual-engine concept. BYDFi has developed a platf…",2026-03-31T11:19:13Z,ZyCrypto
"Realme 16 5G, Vivo V70 FE, OnePlus Nord 6, OPPO Find X9 Ultra & more smartphones launching in April; Check launch date, price and features here","April 2026 is set to be a busy month for smartphone launches in India with devices from Realme, Vivo, Redmi, OnePlus and OPPO. Key models include Realme 16 5G and Vivo V70 FE on April 2, OnePlus Nord 6 on April 7, and the premium OPPO Find X9 Ultra on April 2…",2026-03-31T11:17:24Z,The Times of India
Did The Sullivan Generator Survive After Shark Tank? Here's What Happened After Season 3,"Of all the ideas presented to ""Shark Tank's"" judges, the Sullivan Generator is one of the most outwardly outlandish, but what happened to it and its creator?",2026-03-31T11:17:00Z,BGR
"Indonesian forest loss surges by 66% in 2025, driven by Prabowo's self-sufficiency drive: Report","A total of 433,751 hectares of forest was cleared last year, a dramatic jump from 261,575 hectares in 2024, a study by a think tank found.",2026-03-31T11:16:00Z,CNA
"Quantum risk resurfaces at the worst time for bitcoin, but 1 token is loving it","Your day-ahead look for March 31, 2026",2026-03-31T11:15:00Z,CoinDesk
Funnel’s Forum 2026 brings 150+ of multifamily’s top leaders to Scottsdale to build the world’s best renter experience,Funnel’s Forum 2026 brings 150+ of multifamily’s top leaders to Scottsdale to build the world’s best renter experience...,2026-03-31T11:15:00Z,GlobeNewswire
"Florida Panthers announce hiring of former Amazon, Disney exec Michael White as business president",The Florida Panthers have named tech and guest-experience executive Michael White as their new president of business operations,2026-03-31T11:14:45Z,Abcnews.com
Aya Gold & Silver Reports Record Results for Q4-2025 and Full Year 2025,"Record Revenue, Net Income and Cash Flow from Operations MONTREAL, March 31, 2026 (GLOBE NEWSWIRE) — Aya Gold & Silver Inc. (TSX: AYA; OTCQX: AYASF) (“Aya” or the “Corporation”) today announced its financial and operational results for the fourth quarter and …",2026-03-31T11:03:49Z,Financial Post
Bitget lists edgeX (EDGE) for Spot Trading,"Bitget adds edgeX (EDGE) in Innovation Zone. EDGE/USDT spot trading opens Mar 31, 2026 12:30 UTC; withdrawals Apr 1....",2026-03-31T11:03:00Z,GlobeNewswire
Fort Collins basketball star named Blue FCU's top winter girls athlete,Fort Collins basketball's Annika VanDalen was named the Fort Collins area's top winter girls athlete after leading a Lambkins' turnaround season.,2026-03-31T11:02:26Z,Coloradoan
"The new Lava Bold N2 Pro debuts with an old 4G chipset, 6.67"" 120Hz display","A month ago, Lava introduced the Bold N2, a fairly basic 4G phone. Now the company is launching the Lava Bold N2 Pro – confusingly, the Pro phone is smaller and cheaper than its vanilla sibling. Huh?

The N2 Pro is powered by the Unisoc T7250, a staple of che…",2026-03-31T11:01:02Z,GSMArena.com
Northisle Announces Infill Drill Results at Northwest Expo Extend Strike and Add New High-Grade Intervals,"High-grade interval in NW25-57 of 117.0 metres at 1.50 g/t Au Eq., including 52.5 metres at 1.91 g/t Au Eq. Highlights: Selected gold-equivalent assay intercepts include: NW25-57: 117.0 metres at 1.50 g/t Au Eq. from 231.0 metres, including 52.5 metres at 1.9…",2026-03-31T11:00:49Z,Financial Post
Science Has Two Exciting New Ideas for Your Hairline,"Discover the latest men’s hair loss treatments, from finasteride and minoxidil to emerging therapies. Learn what works, side effects, and how to regrow thinning hair effectively.",2026-03-31T11:00:00Z,menshealth.com
Aya Gold & Silver Reports Record Results for Q4-2025 and Full Year 2025,"Record Revenue, Net Income and Cash Flow from Operations Record Revenue, Net Income and Cash Flow from Operations",2026-03-31T11:00:00Z,GlobeNewswire
UNCF “A Mind Is…” New York Gala Raises Record $1.3M for HBCUs and Student Success,"Honoring visionary leaders and delivering transformative impact, funds will help continue UNCF's legacy of bridging the gap between potential and opportunity Honoring visionary leaders and delivering transformative impact, funds will help continue UNCF's lega…",2026-03-31T11:00:00Z,GlobeNewswire
Bitcoin Everlight Reports Continued Phase 3 Presale Activity Amid Shifting Global Market Conditions,"Bitcoin Everlight advances Phase 3 presale against a backdrop of US-Iran tensions as early participants continue entering the network  SAN FRANCISCO,...",2026-03-31T11:00:00Z,GlobeNewswire
"They Were Told Wrestling Was Only for Boys. Now, This NYC Club Is Proving Girls Can Fight for Their Futures.","In the Bronx and Harlem, shy girls and a two-time Olympian join forces to build a wrestling club that’s quietly changing futures and creating possibilities.",2026-03-31T11:00:00Z,Women's Health
Oil Shock Tests Bank of Thailand’s Wait-and-See Policy Stance,"Thailand’s central bank signaled a wait-and-see monetary policy approach, saying interest-rate cuts are unlikely to be effective against a Middle East-driven oil shock while leaving the door open to tightening if inflation pressures persist.",2026-03-31T10:54:22Z,Financial Post
"Ausblick: Edelmetallverband: Gold zieht wieder an, Silber gefragt","Rechenzentren, Photovoltaik, Katalysatoren oder der „sichere Hafen“ für Anleger: Gold, Silber und Platin sind begehrt. Trotzdem spürt die Branche auch negative Folgen des Weltgeschehens.",2026-03-31T10:47:21Z,Der Tagesspiegel
"Ausblick: Edelmetallverband: Gold zieht wieder an, Silber gefragt","Hier finden Sie Informationen zu dem Thema „Ausblick“. Lesen Sie jetzt „Edelmetallverband: Gold zieht wieder an, Silber gefragt“.",2026-03-31T10:46:02Z,Die Zeit
"Ausblick: Edelmetallverband: Gold zieht wieder an, Silber gefragt","Rechenzentren, Photovoltaik, Katalysatoren oder der ""sichere Hafen"" für Anleger: Gold, Silber und Platin sind begehrt. Trotzdem spürt die Branche auch negative Folgen des Weltgeschehens.",2026-03-31T10:46:02Z,STERN.de
Plus - Test: Avowed - Patch 2.0 im Nachtest: Mein umstrittener Rollenspiel-Geheimtipp ist ein Jahr nach Release um einiges besser geworden,"Neue Völker, New Game Plus und viele Bugfixes im Anniversary Update 2.0 machen Avowed in Peters Augen endgültig zum Pflichtbesuch für Rollenspieler mit Spaß am Erkunden.",2026-03-31T10:41:00Z,GameStar
"BYDFi Marks 6th Anniversary with Month-Long Celebration, Built for Reliability","Victoria, Seychelles, 31st March 2026, Chainwire
The post BYDFi Marks 6th Anniversary with Month-Long Celebration, Built for Reliability appeared first on The Daily Hodl.",2026-03-31T10:40:56Z,The Daily Hodl
"BYDFi Marks Sixth Anniversary With Month-Long Celebration, Built for Reliability","Global crypto trading platform BYDFi will mark its sixth anniversary with a month-long celebration beginning on April 1, 2026, highlighting BYDFi’s evolution into an all-in-one crypto trading platform built on a CEX + DEX dual-engine model.",2026-03-31T10:40:56Z,The Daily Hodl
"₹7,999 में Lava Bold N2 Pro भारत में लॉन्च, मिलेगा 50MP कैमरा और 5,000mAh बैटरी",Lava Bold N2 Pro: Lava Bold N2 Pro को भारत में मंगलवार को लॉन्च किया गया। कंपनी का यह एंट्री-लेवल स्मार्टफोन 50MP के रियर कैमरे और 8MP के सेल्फी कैमरे से लैस है। यह 4G कनेक्टिविटी को सपोर्ट करता है और Android 15 पर चलता है। यह हैंडसेट दो कलर ऑप्शन में उपलब्ध …,2026-03-31T10:39:30Z,Moneycontrol
(VIDEO) Socceroos vs Curacao LIVE: Where to Watch Australia's Final Home Friendly Before 2026 World Cup,"MELBOURNE — The CommBank Socceroos face Curaçao tonight at AAMI Park in what will be Australia's last international match on home soil before the 2026 FIFA World Cup, with fans able to watch the FIFA Series 2026 clash live and free on Network 10 or via Paramo…",2026-03-31T10:34:50Z,Ibtimes.com.au
Botnet russe : prison ferme aux États-Unis,"Condamnation d'un opérateur russe de botnet lié au ransomware, au cœur de la chaîne d’accès cybercriminelle.",2026-03-31T10:33:05Z,Zataz.com
LibreOffice vs ONLYOFFICE - Which One Is Right For You?,"Both are solid open source office suites but which one should you choose? This in-depth article compares LibreOffice and ONLYOFFICE across features, usability, and real-world experience.",2026-03-31T10:32:41Z,Itsfoss.com
Fastned bietet Osteraktion für kostenlose Schnellladung,Das Unternehmen Fastned bietet über Ostern an fünf Schnellladestationen in Deutschland kostenfreies Laden an. Doch es gibt einen kleinen Haken. Vom 04. bis 06. April können Nutzer an ausgewählten Standorten …,2026-03-31T10:30:50Z,mobiFlip.de
Lamar Odom in 2026: 10 Essential Things to Know About the Former NBA Star's Tumultuous Journey and Struggles,"LOS ANGELES — As Netflix prepares to release ""Untold: The Death and Life of Lamar Odom"" on March 31, 2026, the former NBA champion remains a compelling figure whose life has blended basketball glory, reality television fame, devastating personal losses and a …",2026-03-31T10:29:49Z,Ibtimes.com.au
Global equities rise; oil on track for record monthly gain,"NEW YORK/PARIS, March 31 : Global shares rose on Tuesday and Brent crude oil prices were poised for a record monthly increase, as traders came to the end of a tumultuous March dominated by the Iran war.Iran attacked a fully-loaded oil tanker off Dubai early o…",2026-03-31T10:29:31Z,CNA
"European stocks gain on hopes for Iran de-escalation, oil set for record monthly rise","PARIS, March 31 : European shares eked out small gains in morning trading on Tuesday but were still on track for their worst month since 2022, while oil prices were set for a record monthly rise, as traders came to the end of a tumultuous March dominated by t…",2026-03-31T10:29:31Z,CNA
"HarmonyOS 6 для устройств Huawei предлагает новый интерфейс, эффекты камеры, сценарии использования","Huawei опубликовала подробные списки устройств, которые могут получить доступ к новым функциям HarmonyOS 6, включая смартфоны, планшеты, умные часы и складные устройства. Huawei присвоила этому обновлению номер версии HarmonyOS 6.0.0.328 , чтобы обозначить вн…",2026-03-31T10:27:00Z,Ixbt.com
Kristaps Porzingis finds his stride with Warriors in March,Porzingis once belonged to someone else’s lottery. Now he might define the Warriors’ last dynastic gamble.,2026-03-31T10:24:30Z,Golden State of Mind
"Iran war exerts cost-push pressure on inflation, says Turkish Central Bank governor","The governor of the Turkish Central Bank said ongoing tensions in the Middle East have driven a sharp rise in energy prices, adding cost-push pressure on inflation and indirectly affecting prices across sectors.",2026-03-31T10:18:19Z,Hurriyet Daily News
"Ken Griffin, the CEO who won’t bend the knee to Trump",Everything you need to know before you reach the office this morning.,2026-03-31T10:17:08Z,Fortune
"Leaching Operations Commence at Calcatreu Project, Marking Transition to Operational Phase","VANCOUVER, British Columbia, March 31, 2026 (GLOBE NEWSWIRE) — Patagonia Gold Corp. (“Patagonia” or the “Company”) (TSXV: PGDC) is pleased to announce the successful commencement of leaching operations at its flagship Calcatreu Project (“Calcatreu” or the “Pr…",2026-03-31T10:16:21Z,Financial Post
GASF names 15 finalists for 2025-26 Central Texas athletes of the year award,The Greater Austin Sports Foundation has named 12 high school student-athletes from Central Texas as boys and girls athletes of the year finalists.,2026-03-31T10:15:00Z,Austin American-Statesman
"Last day to score up to $300 off Apple Watch, $130 off Series 11 Cell models, more","We have now entered the final day of Amazon’s Big Spring Sale and some of the Apple Watch deals are already starting to jump back up in price. Alongside the Series 11 offers from $299 or this Cell model at $130 off, one of the most notable price drops you can…",2026-03-31T10:11:22Z,9to5Toys
"Leaching Operations Commence at Calcatreu Project, Marking Transition to Operational Phase","LEACHING OPERATIONS COMMENCE AT CALCATREU PROJECT, MARKING TRANSITION TO OPERATIONAL PHASE...",2026-03-31T10:11:00Z,GlobeNewswire
Jumio Liveness Premium Wins Gold in 2026 Cybersecurity Excellence Awards,"Jumio is recognized for its advanced biometric liveness detection technology for defending against deepfakes and AI-powered fraud SUNNYVALE, Calif. — Jumio, leading provider of AI-powered identity intelligence, today announced that Jumio Liveness Premium has …",2026-03-31T10:09:57Z,Financial Post
Bvlgari Hotel Roma: grandeur and high design in the Eternal City,A stylish rooftop bar and subterranean spa take this luxury hotel to another level,2026-03-31T10:07:33Z,The Week Magazine
Caster Semenya pledges to fight against Olympic gender-testing policy,"'We're going to be vocal about it, we're going to make noise until we're heard,' South Africa's gold medallist says.",2026-03-31T10:06:55Z,Al Jazeera English
Analysts Remain Bullish on Vox Royalty (VOXR) Following Company’s Inclusion in the VanEck Junior Gold Miners ETF,,2026-03-31T10:06:13Z,Yahoo Entertainment
Analysts Sentiment on TRX Gold (TRX) Remains Robust Following Strong Q2 2026 Results,,2026-03-31T10:06:11Z,Yahoo Entertainment
Analysts Bullish on Gold Royalty (GROY) Following Record Fiscal Annual Revenue And Operating Cash Flows For 2025,,2026-03-31T10:06:09Z,Yahoo Entertainment
Taiwan Olympic boxing champ involved in gender debate wins first bout at Asian titles,Lin Yu-ting comfortably won her first international bout since the 2024 Paris Olympics at the Asian championships on Tuesday after World Boxing said she passed a gene test. Taiwan's first Olympic boxing champion beat Thananya Somnuek of Thailand 5-0 in the ro…,2026-03-31T10:06:07Z,Yahoo Entertainment
Analysts See Over 100% Upside for New Found (NFGC) Amid Accelerated Progress At Queensway Gold Project,,2026-03-31T10:06:07Z,Yahoo Entertainment
Analysts Bullish on Galiano Gold (GAU) Amid Strong Share Price Momentum,,2026-03-31T10:06:06Z,Yahoo Entertainment
Analysts Bullish on Dakota Gold (DC) Amid Accelerated Progress at Richmond Hill,"Dakota Gold Corp. (NYSE:DC) earns a place on our list of the 8 best gold penny stocks to buy according to analysts. As of March 28, 2026, 100% of covering...",2026-03-31T10:06:04Z,Yahoo Entertainment
"Canneseries 2026 Dials up the U.S. With HBO Opening Series ‘Half Man,’ Scott Free’s Latest ‘Terror’ Season and Apple TV+’s ‘Star City’","The Hollywood studios may be sitting out the Cannes Film Festival but a more than respectable cohort of major U.S. players will hit Canneseries, Cannes TV festival, a month earlier.  They are led by HBO with Richard Gadd’s highly anticipated “Half Man” which …",2026-03-31T10:03:25Z,Variety
"Records в C#: Классы, которые пишут код за вас","Давайте представим, что вам нужно создать класс для хранения данных пользователя. Сколько строк кода вы напишете? Конструктор, свойства, метод ToString(), сравнение объектов... А если добавится новое поле? Придется обновлять конструктор, метод Equals, GetHash…",2026-03-31T10:03:07Z,Habr.com
"22k gold rate today: Check 22K, 24K gold prices (March 31, 2026) on Tanishq, Malabar Gold & Diamonds, Kalyan Jewellers, Joyalukkas and IBJA","Gold rate prediction: Gold prices experienced a slight increase on March 31, 2026, with 22K gold rates rising across major jewelry brands like Tanishq, Kalyan Jewellers, Malabar Gold & Diamonds, and Joyalukkas.",2026-03-31T10:01:49Z,The Times of India
"Der Countdown läuft - Meldet sich keiner, kriegt ein Dorf das ganze Gold","Jetzt läuft die Zeit für den bisherigen Eigentümer ab. Meldet er sich nicht rechtzeitig, hat ein Bürgermeister große Pläne mit dem Schatz.",2026-03-31T10:01:25Z,Bild
From Prosthetics To Houses: 26 Brilliant Things Made With A 3D Printer,"3D printing has been around for much longer than you might think; almost 40 years in fact. But it's only recently that the potential of this technology has begun to be realized, advances in sensors, 3D printing software and materials mean that the most incred…",2026-03-31T10:01:03Z,Boredpanda.com
Today in Boston Celtics history: Boston's first playoff win; Barksdale born; '59 draft,"Today in Boston Celtics history, Don Barksdale was born in Oakland, California, in 1923.",2026-03-31T10:00:06Z,USA Today
How To Destroy Wealth,This November California voters might show the country how to wreck an economy in the name of fairness.,2026-03-31T10:00:00Z,Forbes
Trump sees 'America First' opportunity in Nasa mission to Moon,"A competitive edge with China and a possible lunar gold rush are twin goals behind Artemis II, experts tell the BBC.",2026-03-31T09:56:05Z,BBC News
"One Year Later, Trump’s Dirty 15 Trade Partners Are $85 Billion Dirtier","Despite a variety of efforts, including IEEPA tariffs, which the Supreme Court ruled unconstitutional last month, the U.S. trade deficit continued to increase.",2026-03-31T09:56:00Z,Forbes
Deion Sanders' wild reaction to Shedeur's jersey number change: Now let the church shout Amen!,"Shedeur Sanders, who navigated his rookie NFL season wearing number 12, has officially switched back to the number 2, the same digit that defined his record-breaking tenures at Jac",2026-03-31T09:53:24Z,Marca
"Money rule changes from 1 April: From 2FA for digital payments to revised ATM charges, top 5 updates you should know","Starting 1 April 2026, significant financial rule changes will affect taxpayers, bank customers, and digital payment users in India, including the new Income Tax Act and the two-factor authentication for digital transactions. Details here.&nbsp;",2026-03-31T09:49:06Z,Livemint
28 Kitchen Pendant Lighting Ideas for 2026 Where Light Drops Exactly Where Attention Should Go,"Looking to brighten up your kitchen with a stylish focal point? These 28 kitchen pendant lighting ideas are sleek, eye-catching, and beautifully functional perfect for adding warmth, enhancing ambiance, and elevating your space with the right glow. 28 Kitchen…",2026-03-31T09:45:00Z,Thecoolist.com
Stimmung in den USA: So zufrieden sind die Amerikaner mit Donald Trump,"Macht US-Präsident Donald Trump aus Sicht der Amerikaner einen guten Job? Regelmäßige Umfragen zeigen, wie viel Zustimmung und Ablehnung er daheim erfährt.",2026-03-31T09:44:00Z,STERN.de
Parity? Nope! Overpowering wins by Texas and South Carolina set up an all-No. 1 seed Final Four,"Texas and South Carolina triumphed in the Elite Eight, setting up a Final Four featuring all No. 1 seeds.",2026-03-31T09:35:00Z,Swish Appeal
Art Nouveau Interior Design: History and Key Styles,"Some design styles fade with the decade that made them. Art Nouveau interior design has outlasted them all, and it is not hard to see why. Today, as American homeowners push back against cold, uniform interiors, Art Nouveau house design is once again drawing …",2026-03-31T09:33:43Z,Ahouseinthehills.com
"Since his accident, Tiger Woods has been inundated with offers of free rides: no one wants him to drive again","Tiger Woods finds himself at a critical crossroads following his arrest on suspicion of driving under the influence on Friday afternoon.

The 15-time major champion was involved in",2026-03-31T09:33:31Z,Marca
Hier bekommen Elektroauto-Fahrer kostenlosen Strom an Ostern,"Zu den Osterferien startet Fastned eine zeitlich begrenzte Aktion für Reisende mit Elektroauto. Vom 4. bis 6. April 2026 haben Fahrer an ausgewählten Stationen in Deutschland die Chance, ihre Elektroautos kostenlos zu laden.",2026-03-31T09:33:00Z,Focus
Turkey Restarts FX Swaps to Counter War Impact on Reserves,"Turkey restarted foreign-currency swap transactions with local banks for the first time in a year, after a drawdown in reserves fueled by a broad selloff across emerging markets amid the war in the Middle East.",2026-03-31T09:32:25Z,Financial Post
West Red Lake Gold Adding Confidence to Rowan Mine Resource and Extending Vein Zones,"VANCOUVER, British Columbia, March 31, 2026 (GLOBE NEWSWIRE) — West Red Lake Gold Mines Ltd. (“West Red Lake Gold” or “WRLG” or the “Company”) (TSXV: WRLG) (OTCQB: WRLGF) is pleased to announce drill results from its fully funded infill and conversion drillin…",2026-03-31T09:30:28Z,Financial Post
The unfathomable reason MAGA remains infatuated with Trump — despite his contempt,"Hypocrisy, thy name is Donald J. Trump.And yet the MAGA cult refuses to see it.Trump is Biff from Back to the Future, always giving noogies to MAGA’s George McFly. Only they enjoy it and ask for more.He is the embodiment of “Rules for thee, but not for me,” b…",2026-03-31T09:30:02Z,Raw Story
West Red Lake Gold Adding Confidence to Rowan Mine Resource and Extending Vein Zones,Incorporating Veins 006b and 013 into the production profile has the potential to materially increase the daily mined tonnage from Rowan...,2026-03-31T09:30:00Z,GlobeNewswire
Private Equity’s Great Escape,"The industry bought companies for too much money and made a bunch of bad loans. Now they’re scrambling to avoid the reckoning.
The post Private Equity’s Great Escape appeared first on The American Prospect.",2026-03-31T09:30:00Z,The American Prospect
Jennifer Garner's Little Black Dress Is a Cute Wedding Style,"As wedding season enters the chat, Jennifer Garner reminded us to always have a little black dress ready to go. We found an affordable twin!",2026-03-31T09:23:55Z,Us Weekly
Zo gebruik je het privacy display van Samsung Galaxy S26 Ultra,"Samsung heeft dit jaar een technologie onthuld die we nog nergens anders hebben gezien: het gaat om het privacyscherm, dat Samsung zelf privacy display noemt. Hiermee kunnen mensen die naast… Lees verder op Androidworld.nl",2026-03-31T09:23:00Z,Androidworld.nl
Pink slip equivalent to Powerball win for some LSU coaches,A pink slip leads to a lot of of green for several former LSU coaches.,2026-03-31T09:12:51Z,Postsouth.com
"Why is gold price heading for biggest monthly drop in over 17 years, and will gold, silver and other precious metals continue to witness wild price movements? Analysts insights, market outlook and what should investors do now","Why is gold price heading for biggest monthly drop in over 17 years, and will gold, silver and other precious metals continue to witness wild price movements? Gold is set for a major monthly fall as investors move to the dollar. Oil, inflation fears, and rate…",2026-03-31T09:10:23Z,The Times of India
$50 billion Tiger Global just turned 25 years old. Here are some of the famous people who have given the firm advice over the years.,"The hedge fund has gotten advice for ballerina Misty Copeland, Olympian Michael Phelps, restauranteur Danny Meyer, and more over the years.",2026-03-31T09:05:01Z,Business Insider
"I started raising my grandson just a few months into my retirement. My wife and I want to give him a good life, but it's financially draining.","Martin Odum, 71, and his wife have raised their grandson Noah with spina bifida in central Illinois for five years, which has hurt their finances.",2026-03-31T09:05:01Z,Business Insider
"F2Pool co-founder says Thailand condo bought for 2,900 Bitcoin sold for 7","F2Pool co-founder Wang Chun sold a Pattaya condo for 7 BTC, a fraction of the 2,900 BTC he paid in 2015, highlighting Bitcoin’s huge outperformance over gold and stocks.",2026-03-31T09:04:21Z,Cointelegraph
定期的に暴落が起こるマーケットの中、お金を増やすためにすべき投資行動,暴落が頻繁に起こっても、「株」の実質トータルリターンは年約7％で推移 株式投資の名著として知られるジェレミー・シーゲル著『株式投資 第6版』には、1802年から2021年までの200年以上にわたって1ドルを株・長期国債・短期国債・金・米ドルの5つの資産に投資した場合の年次の実質トータルリターン指数の推移が示されています[…],2026-03-31T09:02:00Z,Zuuonline.com
Hä? Magazine–The Complete Collection,"The health magazine without taboos was developed for a young readership aged 16 and up....
Der Beitrag Hä? Magazine–The Complete Collection erschien zuerst auf slanted.",2026-03-31T09:00:21Z,Slanted.de
I Want to End This Love Game Anime's Promo Video Previews Opening Theme Song,CHiCo with HoneyWorks perform theme song for April 14 anime,2026-03-31T09:00:00Z,Anime News Network
"4月30日（木）17時よりオンライン開催！「富裕層1,000万枚の領収書を見た税理士」が解説　海外移住・投資前に知るべき国際税務の基本","[株式会社幻冬舎ゴールドオンライン]
株式会社幻冬舎ゴールドオンライン（本社：東京都渋谷区千駄ヶ谷二丁目30番１号 ベネッセビル２階、代表取締役：山下征孝）は株式会社ユナイテッド・パートナーズ会計事務所 パートナー・税理士 森田 貴子 氏によ...",2026-03-31T09:00:00Z,Prtimes.jp
Sabarimala row takes centre stage in Kerala,"The Sabarimala issue has resurfaced as a political flashpoint in Kerala’s Assembly elections, especially after the Kerala High Court closed its investigation into the reconstruction of the shrine’s golden flag mast",2026-03-31T08:55:44Z,BusinessLine
"Sammaan Capital becomes IHC Group company, receives Rs 5,652 cr in first tranche of stake sale","Sammaan Capital has officially become an International Holding Company group firm after receiving Rs 5,652 crore in the first tranche of a major stake sale. Through affiliate Avenir Investment RSC, IHC will acquire 41.5% now and complete the remaining investm…",2026-03-31T08:53:59Z,The Times of India
"Bitcoin, Gold, Aktien im Minus - Märkte fallen: Auf diese Aktien setzt der Experte","Die Märkte rutschen ab: Aktien, Rohstoffe, Krypto im Minus. Kapitalmarkt-Analyst Martin Utschneider erklärt, welche Aktien von einer Erholung zuerst profitieren könnten.",2026-03-31T08:49:23Z,Bild
"‘Get Out’ While Bitcoin is Still Above $65k, Says Peter Schiff as Maximalist Dumps $20 Million in BTC",Gold Proponent Peter Schiff has stated that it is hard to believe Bitcoin is still above $65k and holders should cash out while they can.,2026-03-31T11:40:04Z,ZyCrypto
Are Dems now so corrupt they’d bar Bruce Blakeman from getting campaign funding?,New York state’s Public Campaign Finance Board is preparing to deny $7 million to Republican gubernatorial candidate Bruce Blakeman because he didn’t include his running mate’s name on a form . . . that doesn’t exist yet. This November is the first statewide …,2026-03-31T11:39:09Z,New York Post
Abhay Singh and Anahat Singh Receive Top Asian Squash Federation Awards,"Abhay Singh and Anahat Singh have been recognised as the Asian Squash Federation's outstanding players of the year, while the Indian boys team received the men's team award.",2026-03-31T11:38:18Z,Rediff.com
New twist in the Brandon Aiyuk case: 49ers owner Jed York hasn't ruled out his return,"The San Francisco 49ers&apos; ownership has injected a surprising dose of uncertainty into what many believed was a foregone conclusion regarding Brandon Aiyuk&apos;s future.

Spea",2026-03-31T11:35:07Z,Marca
"Kobo Resources Intersects Strong Gold Results Across All Three Zones at Kossou, Including 7.0 m at 5.06 g/t Au at the Road Cut Zone","High-grade gold results returned from the Road Cut Zone with 7.0 m at 5.06 g/t Au incl. 1.0 m at 20.00 g/t Au, with encouraging gold mineralisation intersected along the Contact Zone Fault area Strong gold mineralisation intersected in all three Kadie Zone ho…",2026-03-31T11:32:02Z,Financial Post
TomaGold Starts Drilling at Berrigan Mine,"1,500-metre Phase 2 drilling program aimed at testing the newly-discovered Berrigan Deep Zone MONTRÉAL — TOMAGOLD CORPORATION (TSXV: LOT; OTCPK: TOGOF) (“TomaGold” or the “Company”) is pleased to announce that drilling has started at its Berrigan Mine project…",2026-03-31T11:31:18Z,Financial Post
Pragmata ya es gold: Capcom confirma que su esperada aventura de ciencia ficción está lista para llegar en abril,"<!--cache-->El nuevo juego de Capcom ha superado una de las últimas grandes fases antes del lanzamiento y mantiene su esperado estreno para el 17 de abril en PS5, Xbox Series, Switch 2 y PC.<!--aa--->Capcom ya puede dar prácticamente por cerrado el desarrollo…",2026-03-31T11:31:00Z,Elespanol.com
Jarren Duran needs to be Captain Chaos for the Red Sox,Stop thinking and play ball.,2026-03-31T11:28:32Z,Over The Monster
"Piramal Finance AUM crosses ₹1 lakh crore, eyes microfinance acquisition","Piramal Finance plans to diversify beyond home loans into microfinance and gold loans, aiming to reach Rs 1.5 lakh crore AUM by March 2028, while maintaining a cautious approach amid global uncertainties",2026-03-31T11:27:56Z,BusinessLine
Middle East Conflict Erases Arab Region's Annual Economic Growth – UN,"The conflict in the Middle East has nullified the annual economic growth of the Arab region, with losses potentially reaching nearly $200 billion, according to a report by the United Nations Development Programme (UNDP).",2026-03-31T11:23:26Z,Sputnikglobe.com
Crypto Trading Platform BYDFi Marks Sixth Anniversary with Month-Long Celebration,"Beginning on April 1, 2026, the cryptocurrency trading platform BYDFi will commemorate its sixth anniversary with a month-long event highlighting its development into an all-in-one platform based on a CEX + DEX dual-engine concept. BYDFi has developed a platf…",2026-03-31T11:19:13Z,ZyCrypto
"Realme 16 5G, Vivo V70 FE, OnePlus Nord 6, OPPO Find X9 Ultra & more smartphones launching in April; Check launch date, price and features here","April 2026 is set to be a busy month for smartphone launches in India with devices from Realme, Vivo, Redmi, OnePlus and OPPO. Key models include Realme 16 5G and Vivo V70 FE on April 2, OnePlus Nord 6 on April 7, and the premium OPPO Find X9 Ultra on April 2…",2026-03-31T11:17:24Z,The Times of India
Did The Sullivan Generator Survive After Shark Tank? Here's What Happened After Season 3,"Of all the ideas presented to ""Shark Tank's"" judges, the Sullivan Generator is one of the most outwardly outlandish, but what happened to it and its creator?",2026-03-31T11:17:00Z,BGR
"Indonesian forest loss surges by 66% in 2025, driven by Prabowo's self-sufficiency drive: Report","A total of 433,751 hectares of forest was cleared last year, a dramatic jump from 261,575 hectares in 2024, a study by a think tank found.",2026-03-31T11:16:00Z,CNA
"Quantum risk resurfaces at the worst time for bitcoin, but 1 token is loving it","Your day-ahead look for March 31, 2026",2026-03-31T11:15:00Z,CoinDesk
Funnel’s Forum 2026 brings 150+ of multifamily’s top leaders to Scottsdale to build the world’s best renter experience,Funnel’s Forum 2026 brings 150+ of multifamily’s top leaders to Scottsdale to build the world’s best renter experience...,2026-03-31T11:15:00Z,GlobeNewswire
"Florida Panthers announce hiring of former Amazon, Disney exec Michael White as business president",The Florida Panthers have named tech and guest-experience executive Michael White as their new president of business operations,2026-03-31T11:14:45Z,Abcnews.com
Aya Gold & Silver Reports Record Results for Q4-2025 and Full Year 2025,"Record Revenue, Net Income and Cash Flow from Operations MONTREAL, March 31, 2026 (GLOBE NEWSWIRE) — Aya Gold & Silver Inc. (TSX: AYA; OTCQX: AYASF) (“Aya” or the “Corporation”) today announced its financial and operational results for the fourth quarter and …",2026-03-31T11:03:49Z,Financial Post
Bitget lists edgeX (EDGE) for Spot Trading,"Bitget adds edgeX (EDGE) in Innovation Zone. EDGE/USDT spot trading opens Mar 31, 2026 12:30 UTC; withdrawals Apr 1....",2026-03-31T11:03:00Z,GlobeNewswire
Fort Collins basketball star named Blue FCU's top winter girls athlete,Fort Collins basketball's Annika VanDalen was named the Fort Collins area's top winter girls athlete after leading a Lambkins' turnaround season.,2026-03-31T11:02:26Z,Coloradoan
"The new Lava Bold N2 Pro debuts with an old 4G chipset, 6.67"" 120Hz display","A month ago, Lava introduced the Bold N2, a fairly basic 4G phone. Now the company is launching the Lava Bold N2 Pro – confusingly, the Pro phone is smaller and cheaper than its vanilla sibling. Huh?

The N2 Pro is powered by the Unisoc T7250, a staple of che…",2026-03-31T11:01:02Z,GSMArena.com
Northisle Announces Infill Drill Results at Northwest Expo Extend Strike and Add New High-Grade Intervals,"High-grade interval in NW25-57 of 117.0 metres at 1.50 g/t Au Eq., including 52.5 metres at 1.91 g/t Au Eq. Highlights: Selected gold-equivalent assay intercepts include: NW25-57: 117.0 metres at 1.50 g/t Au Eq. from 231.0 metres, including 52.5 metres at 1.9…",2026-03-31T11:00:49Z,Financial Post
Science Has Two Exciting New Ideas for Your Hairline,"Discover the latest men’s hair loss treatments, from finasteride and minoxidil to emerging therapies. Learn what works, side effects, and how to regrow thinning hair effectively.",2026-03-31T11:00:00Z,menshealth.com
Aya Gold & Silver Reports Record Results for Q4-2025 and Full Year 2025,"Record Revenue, Net Income and Cash Flow from Operations Record Revenue, Net Income and Cash Flow from Operations",2026-03-31T11:00:00Z,GlobeNewswire
UNCF “A Mind Is…” New York Gala Raises Record $1.3M for HBCUs and Student Success,"Honoring visionary leaders and delivering transformative impact, funds will help continue UNCF's legacy of bridging the gap between potential and opportunity Honoring visionary leaders and delivering transformative impact, funds will help continue UNCF's lega…",2026-03-31T11:00:00Z,GlobeNewswire
Bitcoin Everlight Reports Continued Phase 3 Presale Activity Amid Shifting Global Market Conditions,"Bitcoin Everlight advances Phase 3 presale against a backdrop of US-Iran tensions as early participants continue entering the network  SAN FRANCISCO,...",2026-03-31T11:00:00Z,GlobeNewswire
"They Were Told Wrestling Was Only for Boys. Now, This NYC Club Is Proving Girls Can Fight for Their Futures.","In the Bronx and Harlem, shy girls and a two-time Olympian join forces to build a wrestling club that’s quietly changing futures and creating possibilities.",2026-03-31T11:00:00Z,Women's Health
Oil Shock Tests Bank of Thailand’s Wait-and-See Policy Stance,"Thailand’s central bank signaled a wait-and-see monetary policy approach, saying interest-rate cuts are unlikely to be effective against a Middle East-driven oil shock while leaving the door open to tightening if inflation pressures persist.",2026-03-31T10:54:22Z,Financial Post
"Ausblick: Edelmetallverband: Gold zieht wieder an, Silber gefragt","Rechenzentren, Photovoltaik, Katalysatoren oder der „sichere Hafen“ für Anleger: Gold, Silber und Platin sind begehrt. Trotzdem spürt die Branche auch negative Folgen des Weltgeschehens.",2026-03-31T10:47:21Z,Der Tagesspiegel
"Ausblick: Edelmetallverband: Gold zieht wieder an, Silber gefragt","Hier finden Sie Informationen zu dem Thema „Ausblick“. Lesen Sie jetzt „Edelmetallverband: Gold zieht wieder an, Silber gefragt“.",2026-03-31T10:46:02Z,Die Zeit
"Ausblick: Edelmetallverband: Gold zieht wieder an, Silber gefragt","Rechenzentren, Photovoltaik, Katalysatoren oder der ""sichere Hafen"" für Anleger: Gold, Silber und Platin sind begehrt. Trotzdem spürt die Branche auch negative Folgen des Weltgeschehens.",2026-03-31T10:46:02Z,STERN.de
Plus - Test: Avowed - Patch 2.0 im Nachtest: Mein umstrittener Rollenspiel-Geheimtipp ist ein Jahr nach Release um einiges besser geworden,"Neue Völker, New Game Plus und viele Bugfixes im Anniversary Update 2.0 machen Avowed in Peters Augen endgültig zum Pflichtbesuch für Rollenspieler mit Spaß am Erkunden.",2026-03-31T10:41:00Z,GameStar
"BYDFi Marks 6th Anniversary with Month-Long Celebration, Built for Reliability","Victoria, Seychelles, 31st March 2026, Chainwire
The post BYDFi Marks 6th Anniversary with Month-Long Celebration, Built for Reliability appeared first on The Daily Hodl.",2026-03-31T10:40:56Z,The Daily Hodl
"BYDFi Marks Sixth Anniversary With Month-Long Celebration, Built for Reliability","Global crypto trading platform BYDFi will mark its sixth anniversary with a month-long celebration beginning on April 1, 2026, highlighting BYDFi’s evolution into an all-in-one crypto trading platform built on a CEX + DEX dual-engine model.",2026-03-31T10:40:56Z,The Daily Hodl
"₹7,999 में Lava Bold N2 Pro भारत में लॉन्च, मिलेगा 50MP कैमरा और 5,000mAh बैटरी",Lava Bold N2 Pro: Lava Bold N2 Pro को भारत में मंगलवार को लॉन्च किया गया। कंपनी का यह एंट्री-लेवल स्मार्टफोन 50MP के रियर कैमरे और 8MP के सेल्फी कैमरे से लैस है। यह 4G कनेक्टिविटी को सपोर्ट करता है और Android 15 पर चलता है। यह हैंडसेट दो कलर ऑप्शन में उपलब्ध …,2026-03-31T10:39:30Z,Moneycontrol
(VIDEO) Socceroos vs Curacao LIVE: Where to Watch Australia's Final Home Friendly Before 2026 World Cup,"MELBOURNE — The CommBank Socceroos face Curaçao tonight at AAMI Park in what will be Australia's last international match on home soil before the 2026 FIFA World Cup, with fans able to watch the FIFA Series 2026 clash live and free on Network 10 or via Paramo…",2026-03-31T10:34:50Z,Ibtimes.com.au
Botnet russe : prison ferme aux États-Unis,"Condamnation d'un opérateur russe de botnet lié au ransomware, au cœur de la chaîne d’accès cybercriminelle.",2026-03-31T10:33:05Z,Zataz.com
LibreOffice vs ONLYOFFICE - Which One Is Right For You?,"Both are solid open source office suites but which one should you choose? This in-depth article compares LibreOffice and ONLYOFFICE across features, usability, and real-world experience.",2026-03-31T10:32:41Z,Itsfoss.com
Fastned bietet Osteraktion für kostenlose Schnellladung,Das Unternehmen Fastned bietet über Ostern an fünf Schnellladestationen in Deutschland kostenfreies Laden an. Doch es gibt einen kleinen Haken. Vom 04. bis 06. April können Nutzer an ausgewählten Standorten …,2026-03-31T10:30:50Z,mobiFlip.de
Lamar Odom in 2026: 10 Essential Things to Know About the Former NBA Star's Tumultuous Journey and Struggles,"LOS ANGELES — As Netflix prepares to release ""Untold: The Death and Life of Lamar Odom"" on March 31, 2026, the former NBA champion remains a compelling figure whose life has blended basketball glory, reality television fame, devastating personal losses and a …",2026-03-31T10:29:49Z,Ibtimes.com.au
Global equities rise; oil on track for record monthly gain,"NEW YORK/PARIS, March 31 : Global shares rose on Tuesday and Brent crude oil prices were poised for a record monthly increase, as traders came to the end of a tumultuous March dominated by the Iran war.Iran attacked a fully-loaded oil tanker off Dubai early o…",2026-03-31T10:29:31Z,CNA
"European stocks gain on hopes for Iran de-escalation, oil set for record monthly rise","PARIS, March 31 : European shares eked out small gains in morning trading on Tuesday but were still on track for their worst month since 2022, while oil prices were set for a record monthly rise, as traders came to the end of a tumultuous March dominated by t…",2026-03-31T10:29:31Z,CNA
"HarmonyOS 6 для устройств Huawei предлагает новый интерфейс, эффекты камеры, сценарии использования","Huawei опубликовала подробные списки устройств, которые могут получить доступ к новым функциям HarmonyOS 6, включая смартфоны, планшеты, умные часы и складные устройства. Huawei присвоила этому обновлению номер версии HarmonyOS 6.0.0.328 , чтобы обозначить вн…",2026-03-31T10:27:00Z,Ixbt.com
Kristaps Porzingis finds his stride with Warriors in March,Porzingis once belonged to someone else’s lottery. Now he might define the Warriors’ last dynastic gamble.,2026-03-31T10:24:30Z,Golden State of Mind
"Iran war exerts cost-push pressure on inflation, says Turkish Central Bank governor","The governor of the Turkish Central Bank said ongoing tensions in the Middle East have driven a sharp rise in energy prices, adding cost-push pressure on inflation and indirectly affecting prices across sectors.",2026-03-31T10:18:19Z,Hurriyet Daily News
"Ken Griffin, the CEO who won’t bend the knee to Trump",Everything you need to know before you reach the office this morning.,2026-03-31T10:17:08Z,Fortune
"Leaching Operations Commence at Calcatreu Project, Marking Transition to Operational Phase","VANCOUVER, British Columbia, March 31, 2026 (GLOBE NEWSWIRE) — Patagonia Gold Corp. (“Patagonia” or the “Company”) (TSXV: PGDC) is pleased to announce the successful commencement of leaching operations at its flagship Calcatreu Project (“Calcatreu” or the “Pr…",2026-03-31T10:16:21Z,Financial Post
GASF names 15 finalists for 2025-26 Central Texas athletes of the year award,The Greater Austin Sports Foundation has named 12 high school student-athletes from Central Texas as boys and girls athletes of the year finalists.,2026-03-31T10:15:00Z,Austin American-Statesman
"Last day to score up to $300 off Apple Watch, $130 off Series 11 Cell models, more","We have now entered the final day of Amazon’s Big Spring Sale and some of the Apple Watch deals are already starting to jump back up in price. Alongside the Series 11 offers from $299 or this Cell model at $130 off, one of the most notable price drops you can…",2026-03-31T10:11:22Z,9to5Toys
"Leaching Operations Commence at Calcatreu Project, Marking Transition to Operational Phase","LEACHING OPERATIONS COMMENCE AT CALCATREU PROJECT, MARKING TRANSITION TO OPERATIONAL PHASE...",2026-03-31T10:11:00Z,GlobeNewswire
Jumio Liveness Premium Wins Gold in 2026 Cybersecurity Excellence Awards,"Jumio is recognized for its advanced biometric liveness detection technology for defending against deepfakes and AI-powered fraud SUNNYVALE, Calif. — Jumio, leading provider of AI-powered identity intelligence, today announced that Jumio Liveness Premium has …",2026-03-31T10:09:57Z,Financial Post
Bvlgari Hotel Roma: grandeur and high design in the Eternal City,A stylish rooftop bar and subterranean spa take this luxury hotel to another level,2026-03-31T10:07:33Z,The Week Magazine
Caster Semenya pledges to fight against Olympic gender-testing policy,"'We're going to be vocal about it, we're going to make noise until we're heard,' South Africa's gold medallist says.",2026-03-31T10:06:55Z,Al Jazeera English
Analysts Remain Bullish on Vox Royalty (VOXR) Following Company’s Inclusion in the VanEck Junior Gold Miners ETF,,2026-03-31T10:06:13Z,Yahoo Entertainment
Analysts Sentiment on TRX Gold (TRX) Remains Robust Following Strong Q2 2026 Results,,2026-03-31T10:06:11Z,Yahoo Entertainment
Analysts Bullish on Gold Royalty (GROY) Following Record Fiscal Annual Revenue And Operating Cash Flows For 2025,,2026-03-31T10:06:09Z,Yahoo Entertainment
Taiwan Olympic boxing champ involved in gender debate wins first bout at Asian titles,Lin Yu-ting comfortably won her first international bout since the 2024 Paris Olympics at the Asian championships on Tuesday after World Boxing said she passed a gene test. Taiwan's first Olympic boxing champion beat Thananya Somnuek of Thailand 5-0 in the ro…,2026-03-31T10:06:07Z,Yahoo Entertainment
Analysts See Over 100% Upside for New Found (NFGC) Amid Accelerated Progress At Queensway Gold Project,,2026-03-31T10:06:07Z,Yahoo Entertainment
Analysts Bullish on Galiano Gold (GAU) Amid Strong Share Price Momentum,,2026-03-31T10:06:06Z,Yahoo Entertainment
Analysts Bullish on Dakota Gold (DC) Amid Accelerated Progress at Richmond Hill,"Dakota Gold Corp. (NYSE:DC) earns a place on our list of the 8 best gold penny stocks to buy according to analysts. As of March 28, 2026, 100% of covering...",2026-03-31T10:06:04Z,Yahoo Entertainment
"Canneseries 2026 Dials up the U.S. With HBO Opening Series ‘Half Man,’ Scott Free’s Latest ‘Terror’ Season and Apple TV+’s ‘Star City’","The Hollywood studios may be sitting out the Cannes Film Festival but a more than respectable cohort of major U.S. players will hit Canneseries, Cannes TV festival, a month earlier.  They are led by HBO with Richard Gadd’s highly anticipated “Half Man” which …",2026-03-31T10:03:25Z,Variety
"Records в C#: Классы, которые пишут код за вас","Давайте представим, что вам нужно создать класс для хранения данных пользователя. Сколько строк кода вы напишете? Конструктор, свойства, метод ToString(), сравнение объектов... А если добавится новое поле? Придется обновлять конструктор, метод Equals, GetHash…",2026-03-31T10:03:07Z,Habr.com
"22k gold rate today: Check 22K, 24K gold prices (March 31, 2026) on Tanishq, Malabar Gold & Diamonds, Kalyan Jewellers, Joyalukkas and IBJA","Gold rate prediction: Gold prices experienced a slight increase on March 31, 2026, with 22K gold rates rising across major jewelry brands like Tanishq, Kalyan Jewellers, Malabar Gold & Diamonds, and Joyalukkas.",2026-03-31T10:01:49Z,The Times of India
"Der Countdown läuft - Meldet sich keiner, kriegt ein Dorf das ganze Gold","Jetzt läuft die Zeit für den bisherigen Eigentümer ab. Meldet er sich nicht rechtzeitig, hat ein Bürgermeister große Pläne mit dem Schatz.",2026-03-31T10:01:25Z,Bild
From Prosthetics To Houses: 26 Brilliant Things Made With A 3D Printer,"3D printing has been around for much longer than you might think; almost 40 years in fact. But it's only recently that the potential of this technology has begun to be realized, advances in sensors, 3D printing software and materials mean that the most incred…",2026-03-31T10:01:03Z,Boredpanda.com
Today in Boston Celtics history: Boston's first playoff win; Barksdale born; '59 draft,"Today in Boston Celtics history, Don Barksdale was born in Oakland, California, in 1923.",2026-03-31T10:00:06Z,USA Today
How To Destroy Wealth,This November California voters might show the country how to wreck an economy in the name of fairness.,2026-03-31T10:00:00Z,Forbes
Trump sees 'America First' opportunity in Nasa mission to Moon,"A competitive edge with China and a possible lunar gold rush are twin goals behind Artemis II, experts tell the BBC.",2026-03-31T09:56:05Z,BBC News
"One Year Later, Trump’s Dirty 15 Trade Partners Are $85 Billion Dirtier","Despite a variety of efforts, including IEEPA tariffs, which the Supreme Court ruled unconstitutional last month, the U.S. trade deficit continued to increase.",2026-03-31T09:56:00Z,Forbes
Deion Sanders' wild reaction to Shedeur's jersey number change: Now let the church shout Amen!,"Shedeur Sanders, who navigated his rookie NFL season wearing number 12, has officially switched back to the number 2, the same digit that defined his record-breaking tenures at Jac",2026-03-31T09:53:24Z,Marca
"Money rule changes from 1 April: From 2FA for digital payments to revised ATM charges, top 5 updates you should know","Starting 1 April 2026, significant financial rule changes will affect taxpayers, bank customers, and digital payment users in India, including the new Income Tax Act and the two-factor authentication for digital transactions. Details here.&nbsp;",2026-03-31T09:49:06Z,Livemint
28 Kitchen Pendant Lighting Ideas for 2026 Where Light Drops Exactly Where Attention Should Go,"Looking to brighten up your kitchen with a stylish focal point? These 28 kitchen pendant lighting ideas are sleek, eye-catching, and beautifully functional perfect for adding warmth, enhancing ambiance, and elevating your space with the right glow. 28 Kitchen…",2026-03-31T09:45:00Z,Thecoolist.com
Stimmung in den USA: So zufrieden sind die Amerikaner mit Donald Trump,"Macht US-Präsident Donald Trump aus Sicht der Amerikaner einen guten Job? Regelmäßige Umfragen zeigen, wie viel Zustimmung und Ablehnung er daheim erfährt.",2026-03-31T09:44:00Z,STERN.de
Parity? Nope! Overpowering wins by Texas and South Carolina set up an all-No. 1 seed Final Four,"Texas and South Carolina triumphed in the Elite Eight, setting up a Final Four featuring all No. 1 seeds.",2026-03-31T09:35:00Z,Swish Appeal
Art Nouveau Interior Design: History and Key Styles,"Some design styles fade with the decade that made them. Art Nouveau interior design has outlasted them all, and it is not hard to see why. Today, as American homeowners push back against cold, uniform interiors, Art Nouveau house design is once again drawing …",2026-03-31T09:33:43Z,Ahouseinthehills.com
"Since his accident, Tiger Woods has been inundated with offers of free rides: no one wants him to drive again","Tiger Woods finds himself at a critical crossroads following his arrest on suspicion of driving under the influence on Friday afternoon.

The 15-time major champion was involved in",2026-03-31T09:33:31Z,Marca
Hier bekommen Elektroauto-Fahrer kostenlosen Strom an Ostern,"Zu den Osterferien startet Fastned eine zeitlich begrenzte Aktion für Reisende mit Elektroauto. Vom 4. bis 6. April 2026 haben Fahrer an ausgewählten Stationen in Deutschland die Chance, ihre Elektroautos kostenlos zu laden.",2026-03-31T09:33:00Z,Focus
Turkey Restarts FX Swaps to Counter War Impact on Reserves,"Turkey restarted foreign-currency swap transactions with local banks for the first time in a year, after a drawdown in reserves fueled by a broad selloff across emerging markets amid the war in the Middle East.",2026-03-31T09:32:25Z,Financial Post
West Red Lake Gold Adding Confidence to Rowan Mine Resource and Extending Vein Zones,"VANCOUVER, British Columbia, March 31, 2026 (GLOBE NEWSWIRE) — West Red Lake Gold Mines Ltd. (“West Red Lake Gold” or “WRLG” or the “Company”) (TSXV: WRLG) (OTCQB: WRLGF) is pleased to announce drill results from its fully funded infill and conversion drillin…",2026-03-31T09:30:28Z,Financial Post
The unfathomable reason MAGA remains infatuated with Trump — despite his contempt,"Hypocrisy, thy name is Donald J. Trump.And yet the MAGA cult refuses to see it.Trump is Biff from Back to the Future, always giving noogies to MAGA’s George McFly. Only they enjoy it and ask for more.He is the embodiment of “Rules for thee, but not for me,” b…",2026-03-31T09:30:02Z,Raw Story
West Red Lake Gold Adding Confidence to Rowan Mine Resource and Extending Vein Zones,Incorporating Veins 006b and 013 into the production profile has the potential to materially increase the daily mined tonnage from Rowan...,2026-03-31T09:30:00Z,GlobeNewswire
Private Equity’s Great Escape,"The industry bought companies for too much money and made a bunch of bad loans. Now they’re scrambling to avoid the reckoning.
The post Private Equity’s Great Escape appeared first on The American Prospect.",2026-03-31T09:30:00Z,The American Prospect
Jennifer Garner's Little Black Dress Is a Cute Wedding Style,"As wedding season enters the chat, Jennifer Garner reminded us to always have a little black dress ready to go. We found an affordable twin!",2026-03-31T09:23:55Z,Us Weekly
Zo gebruik je het privacy display van Samsung Galaxy S26 Ultra,"Samsung heeft dit jaar een technologie onthuld die we nog nergens anders hebben gezien: het gaat om het privacyscherm, dat Samsung zelf privacy display noemt. Hiermee kunnen mensen die naast… Lees verder op Androidworld.nl",2026-03-31T09:23:00Z,Androidworld.nl
Pink slip equivalent to Powerball win for some LSU coaches,A pink slip leads to a lot of of green for several former LSU coaches.,2026-03-31T09:12:51Z,Postsouth.com
"Why is gold price heading for biggest monthly drop in over 17 years, and will gold, silver and other precious metals continue to witness wild price movements? Analysts insights, market outlook and what should investors do now","Why is gold price heading for biggest monthly drop in over 17 years, and will gold, silver and other precious metals continue to witness wild price movements? Gold is set for a major monthly fall as investors move to the dollar. Oil, inflation fears, and rate…",2026-03-31T09:10:23Z,The Times of India
$50 billion Tiger Global just turned 25 years old. Here are some of the famous people who have given the firm advice over the years.,"The hedge fund has gotten advice for ballerina Misty Copeland, Olympian Michael Phelps, restauranteur Danny Meyer, and more over the years.",2026-03-31T09:05:01Z,Business Insider
"I started raising my grandson just a few months into my retirement. My wife and I want to give him a good life, but it's financially draining.","Martin Odum, 71, and his wife have raised their grandson Noah with spina bifida in central Illinois for five years, which has hurt their finances.",2026-03-31T09:05:01Z,Business Insider
"F2Pool co-founder says Thailand condo bought for 2,900 Bitcoin sold for 7","F2Pool co-founder Wang Chun sold a Pattaya condo for 7 BTC, a fraction of the 2,900 BTC he paid in 2015, highlighting Bitcoin’s huge outperformance over gold and stocks.",2026-03-31T09:04:21Z,Cointelegraph
定期的に暴落が起こるマーケットの中、お金を増やすためにすべき投資行動,暴落が頻繁に起こっても、「株」の実質トータルリターンは年約7％で推移 株式投資の名著として知られるジェレミー・シーゲル著『株式投資 第6版』には、1802年から2021年までの200年以上にわたって1ドルを株・長期国債・短期国債・金・米ドルの5つの資産に投資した場合の年次の実質トータルリターン指数の推移が示されています[…],2026-03-31T09:02:00Z,Zuuonline.com
Hä? Magazine–The Complete Collection,"The health magazine without taboos was developed for a young readership aged 16 and up....
Der Beitrag Hä? Magazine–The Complete Collection erschien zuerst auf slanted.",2026-03-31T09:00:21Z,Slanted.de
I Want to End This Love Game Anime's Promo Video Previews Opening Theme Song,CHiCo with HoneyWorks perform theme song for April 14 anime,2026-03-31T09:00:00Z,Anime News Network
"4月30日（木）17時よりオンライン開催！「富裕層1,000万枚の領収書を見た税理士」が解説　海外移住・投資前に知るべき国際税務の基本","[株式会社幻冬舎ゴールドオンライン]
株式会社幻冬舎ゴールドオンライン（本社：東京都渋谷区千駄ヶ谷二丁目30番１号 ベネッセビル２階、代表取締役：山下征孝）は株式会社ユナイテッド・パートナーズ会計事務所 パートナー・税理士 森田 貴子 氏によ...",2026-03-31T09:00:00Z,Prtimes.jp
Sabarimala row takes centre stage in Kerala,"The Sabarimala issue has resurfaced as a political flashpoint in Kerala’s Assembly elections, especially after the Kerala High Court closed its investigation into the reconstruction of the shrine’s golden flag mast",2026-03-31T08:55:44Z,BusinessLine
"Sammaan Capital becomes IHC Group company, receives Rs 5,652 cr in first tranche of stake sale","Sammaan Capital has officially become an International Holding Company group firm after receiving Rs 5,652 crore in the first tranche of a major stake sale. Through affiliate Avenir Investment RSC, IHC will acquire 41.5% now and complete the remaining investm…",2026-03-31T08:53:59Z,The Times of India
"Bitcoin, Gold, Aktien im Minus - Märkte fallen: Auf diese Aktien setzt der Experte","Die Märkte rutschen ab: Aktien, Rohstoffe, Krypto im Minus. Kapitalmarkt-Analyst Martin Utschneider erklärt, welche Aktien von einer Erholung zuerst profitieren könnten.",2026-03-31T08:49:23Z,Bild
"‘Get Out’ While Bitcoin is Still Above $65k, Says Peter Schiff as Maximalist Dumps $20 Million in BTC",Gold Proponent Peter Schiff has stated that it is hard to believe Bitcoin is still above $65k and holders should cash out while they can.,2026-03-31T11:40:04Z,ZyCrypto
Are Dems now so corrupt they’d bar Bruce Blakeman from getting campaign funding?,New York state’s Public Campaign Finance Board is preparing to deny $7 million to Republican gubernatorial candidate Bruce Blakeman because he didn’t include his running mate’s name on a form . . . that doesn’t exist yet. This November is the first statewide …,2026-03-31T11:39:09Z,New York Post
Abhay Singh and Anahat Singh Receive Top Asian Squash Federation Awards,"Abhay Singh and Anahat Singh have been recognised as the Asian Squash Federation's outstanding players of the year, while the Indian boys team received the men's team award.",2026-03-31T11:38:18Z,Rediff.com
New twist in the Brandon Aiyuk case: 49ers owner Jed York hasn't ruled out his return,"The San Francisco 49ers&apos; ownership has injected a surprising dose of uncertainty into what many believed was a foregone conclusion regarding Brandon Aiyuk&apos;s future.

Spea",2026-03-31T11:35:07Z,Marca
"Kobo Resources Intersects Strong Gold Results Across All Three Zones at Kossou, Including 7.0 m at 5.06 g/t Au at the Road Cut Zone","High-grade gold results returned from the Road Cut Zone with 7.0 m at 5.06 g/t Au incl. 1.0 m at 20.00 g/t Au, with encouraging gold mineralisation intersected along the Contact Zone Fault area Strong gold mineralisation intersected in all three Kadie Zone ho…",2026-03-31T11:32:02Z,Financial Post
TomaGold Starts Drilling at Berrigan Mine,"1,500-metre Phase 2 drilling program aimed at testing the newly-discovered Berrigan Deep Zone MONTRÉAL — TOMAGOLD CORPORATION (TSXV: LOT; OTCPK: TOGOF) (“TomaGold” or the “Company”) is pleased to announce that drilling has started at its Berrigan Mine project…",2026-03-31T11:31:18Z,Financial Post
Pragmata ya es gold: Capcom confirma que su esperada aventura de ciencia ficción está lista para llegar en abril,"<!--cache-->El nuevo juego de Capcom ha superado una de las últimas grandes fases antes del lanzamiento y mantiene su esperado estreno para el 17 de abril en PS5, Xbox Series, Switch 2 y PC.<!--aa--->Capcom ya puede dar prácticamente por cerrado el desarrollo…",2026-03-31T11:31:00Z,Elespanol.com
Jarren Duran needs to be Captain Chaos for the Red Sox,Stop thinking and play ball.,2026-03-31T11:28:32Z,Over The Monster
"Piramal Finance AUM crosses ₹1 lakh crore, eyes microfinance acquisition","Piramal Finance plans to diversify beyond home loans into microfinance and gold loans, aiming to reach Rs 1.5 lakh crore AUM by March 2028, while maintaining a cautious approach amid global uncertainties",2026-03-31T11:27:56Z,BusinessLine
Middle East Conflict Erases Arab Region's Annual Economic Growth – UN,"The conflict in the Middle East has nullified the annual economic growth of the Arab region, with losses potentially reaching nearly $200 billion, according to a report by the United Nations Development Programme (UNDP).",2026-03-31T11:23:26Z,Sputnikglobe.com
Crypto Trading Platform BYDFi Marks Sixth Anniversary with Month-Long Celebration,"Beginning on April 1, 2026, the cryptocurrency trading platform BYDFi will commemorate its sixth anniversary with a month-long event highlighting its development into an all-in-one platform based on a CEX + DEX dual-engine concept. BYDFi has developed a platf…",2026-03-31T11:19:13Z,ZyCrypto
"Realme 16 5G, Vivo V70 FE, OnePlus Nord 6, OPPO Find X9 Ultra & more smartphones launching in April; Check launch date, price and features here","April 2026 is set to be a busy month for smartphone launches in India with devices from Realme, Vivo, Redmi, OnePlus and OPPO. Key models include Realme 16 5G and Vivo V70 FE on April 2, OnePlus Nord 6 on April 7, and the premium OPPO Find X9 Ultra on April 2…",2026-03-31T11:17:24Z,The Times of India
Did The Sullivan Generator Survive After Shark Tank? Here's What Happened After Season 3,"Of all the ideas presented to ""Shark Tank's"" judges, the Sullivan Generator is one of the most outwardly outlandish, but what happened to it and its creator?",2026-03-31T11:17:00Z,BGR
"Indonesian forest loss surges by 66% in 2025, driven by Prabowo's self-sufficiency drive: Report","A total of 433,751 hectares of forest was cleared last year, a dramatic jump from 261,575 hectares in 2024, a study by a think tank found.",2026-03-31T11:16:00Z,CNA
"Quantum risk resurfaces at the worst time for bitcoin, but 1 token is loving it","Your day-ahead look for March 31, 2026",2026-03-31T11:15:00Z,CoinDesk
Funnel’s Forum 2026 brings 150+ of multifamily’s top leaders to Scottsdale to build the world’s best renter experience,Funnel’s Forum 2026 brings 150+ of multifamily’s top leaders to Scottsdale to build the world’s best renter experience...,2026-03-31T11:15:00Z,GlobeNewswire
"Florida Panthers announce hiring of former Amazon, Disney exec Michael White as business president",The Florida Panthers have named tech and guest-experience executive Michael White as their new president of business operations,2026-03-31T11:14:45Z,Abcnews.com
Aya Gold & Silver Reports Record Results for Q4-2025 and Full Year 2025,"Record Revenue, Net Income and Cash Flow from Operations MONTREAL, March 31, 2026 (GLOBE NEWSWIRE) — Aya Gold & Silver Inc. (TSX: AYA; OTCQX: AYASF) (“Aya” or the “Corporation”) today announced its financial and operational results for the fourth quarter and …",2026-03-31T11:03:49Z,Financial Post
Bitget lists edgeX (EDGE) for Spot Trading,"Bitget adds edgeX (EDGE) in Innovation Zone. EDGE/USDT spot trading opens Mar 31, 2026 12:30 UTC; withdrawals Apr 1....",2026-03-31T11:03:00Z,GlobeNewswire
Fort Collins basketball star named Blue FCU's top winter girls athlete,Fort Collins basketball's Annika VanDalen was named the Fort Collins area's top winter girls athlete after leading a Lambkins' turnaround season.,2026-03-31T11:02:26Z,Coloradoan
"The new Lava Bold N2 Pro debuts with an old 4G chipset, 6.67"" 120Hz display","A month ago, Lava introduced the Bold N2, a fairly basic 4G phone. Now the company is launching the Lava Bold N2 Pro – confusingly, the Pro phone is smaller and cheaper than its vanilla sibling. Huh?

The N2 Pro is powered by the Unisoc T7250, a staple of che…",2026-03-31T11:01:02Z,GSMArena.com
Northisle Announces Infill Drill Results at Northwest Expo Extend Strike and Add New High-Grade Intervals,"High-grade interval in NW25-57 of 117.0 metres at 1.50 g/t Au Eq., including 52.5 metres at 1.91 g/t Au Eq. Highlights: Selected gold-equivalent assay intercepts include: NW25-57: 117.0 metres at 1.50 g/t Au Eq. from 231.0 metres, including 52.5 metres at 1.9…",2026-03-31T11:00:49Z,Financial Post
Science Has Two Exciting New Ideas for Your Hairline,"Discover the latest men’s hair loss treatments, from finasteride and minoxidil to emerging therapies. Learn what works, side effects, and how to regrow thinning hair effectively.",2026-03-31T11:00:00Z,menshealth.com
Aya Gold & Silver Reports Record Results for Q4-2025 and Full Year 2025,"Record Revenue, Net Income and Cash Flow from Operations Record Revenue, Net Income and Cash Flow from Operations",2026-03-31T11:00:00Z,GlobeNewswire
UNCF “A Mind Is…” New York Gala Raises Record $1.3M for HBCUs and Student Success,"Honoring visionary leaders and delivering transformative impact, funds will help continue UNCF's legacy of bridging the gap between potential and opportunity Honoring visionary leaders and delivering transformative impact, funds will help continue UNCF's lega…",2026-03-31T11:00:00Z,GlobeNewswire
Bitcoin Everlight Reports Continued Phase 3 Presale Activity Amid Shifting Global Market Conditions,"Bitcoin Everlight advances Phase 3 presale against a backdrop of US-Iran tensions as early participants continue entering the network  SAN FRANCISCO,...",2026-03-31T11:00:00Z,GlobeNewswire
"They Were Told Wrestling Was Only for Boys. Now, This NYC Club Is Proving Girls Can Fight for Their Futures.","In the Bronx and Harlem, shy girls and a two-time Olympian join forces to build a wrestling club that’s quietly changing futures and creating possibilities.",2026-03-31T11:00:00Z,Women's Health
Oil Shock Tests Bank of Thailand’s Wait-and-See Policy Stance,"Thailand’s central bank signaled a wait-and-see monetary policy approach, saying interest-rate cuts are unlikely to be effective against a Middle East-driven oil shock while leaving the door open to tightening if inflation pressures persist.",2026-03-31T10:54:22Z,Financial Post
"Ausblick: Edelmetallverband: Gold zieht wieder an, Silber gefragt","Rechenzentren, Photovoltaik, Katalysatoren oder der „sichere Hafen“ für Anleger: Gold, Silber und Platin sind begehrt. Trotzdem spürt die Branche auch negative Folgen des Weltgeschehens.",2026-03-31T10:47:21Z,Der Tagesspiegel
"Ausblick: Edelmetallverband: Gold zieht wieder an, Silber gefragt","Hier finden Sie Informationen zu dem Thema „Ausblick“. Lesen Sie jetzt „Edelmetallverband: Gold zieht wieder an, Silber gefragt“.",2026-03-31T10:46:02Z,Die Zeit
"Ausblick: Edelmetallverband: Gold zieht wieder an, Silber gefragt","Rechenzentren, Photovoltaik, Katalysatoren oder der ""sichere Hafen"" für Anleger: Gold, Silber und Platin sind begehrt. Trotzdem spürt die Branche auch negative Folgen des Weltgeschehens.",2026-03-31T10:46:02Z,STERN.de
Plus - Test: Avowed - Patch 2.0 im Nachtest: Mein umstrittener Rollenspiel-Geheimtipp ist ein Jahr nach Release um einiges besser geworden,"Neue Völker, New Game Plus und viele Bugfixes im Anniversary Update 2.0 machen Avowed in Peters Augen endgültig zum Pflichtbesuch für Rollenspieler mit Spaß am Erkunden.",2026-03-31T10:41:00Z,GameStar
"BYDFi Marks 6th Anniversary with Month-Long Celebration, Built for Reliability","Victoria, Seychelles, 31st March 2026, Chainwire
The post BYDFi Marks 6th Anniversary with Month-Long Celebration, Built for Reliability appeared first on The Daily Hodl.",2026-03-31T10:40:56Z,The Daily Hodl
"BYDFi Marks Sixth Anniversary With Month-Long Celebration, Built for Reliability","Global crypto trading platform BYDFi will mark its sixth anniversary with a month-long celebration beginning on April 1, 2026, highlighting BYDFi’s evolution into an all-in-one crypto trading platform built on a CEX + DEX dual-engine model.",2026-03-31T10:40:56Z,The Daily Hodl
"₹7,999 में Lava Bold N2 Pro भारत में लॉन्च, मिलेगा 50MP कैमरा और 5,000mAh बैटरी",Lava Bold N2 Pro: Lava Bold N2 Pro को भारत में मंगलवार को लॉन्च किया गया। कंपनी का यह एंट्री-लेवल स्मार्टफोन 50MP के रियर कैमरे और 8MP के सेल्फी कैमरे से लैस है। यह 4G कनेक्टिविटी को सपोर्ट करता है और Android 15 पर चलता है। यह हैंडसेट दो कलर ऑप्शन में उपलब्ध …,2026-03-31T10:39:30Z,Moneycontrol
(VIDEO) Socceroos vs Curacao LIVE: Where to Watch Australia's Final Home Friendly Before 2026 World Cup,"MELBOURNE — The CommBank Socceroos face Curaçao tonight at AAMI Park in what will be Australia's last international match on home soil before the 2026 FIFA World Cup, with fans able to watch the FIFA Series 2026 clash live and free on Network 10 or via Paramo…",2026-03-31T10:34:50Z,Ibtimes.com.au
Botnet russe : prison ferme aux États-Unis,"Condamnation d'un opérateur russe de botnet lié au ransomware, au cœur de la chaîne d’accès cybercriminelle.",2026-03-31T10:33:05Z,Zataz.com
LibreOffice vs ONLYOFFICE - Which One Is Right For You?,"Both are solid open source office suites but which one should you choose? This in-depth article compares LibreOffice and ONLYOFFICE across features, usability, and real-world experience.",2026-03-31T10:32:41Z,Itsfoss.com
Fastned bietet Osteraktion für kostenlose Schnellladung,Das Unternehmen Fastned bietet über Ostern an fünf Schnellladestationen in Deutschland kostenfreies Laden an. Doch es gibt einen kleinen Haken. Vom 04. bis 06. April können Nutzer an ausgewählten Standorten …,2026-03-31T10:30:50Z,mobiFlip.de
Lamar Odom in 2026: 10 Essential Things to Know About the Former NBA Star's Tumultuous Journey and Struggles,"LOS ANGELES — As Netflix prepares to release ""Untold: The Death and Life of Lamar Odom"" on March 31, 2026, the former NBA champion remains a compelling figure whose life has blended basketball glory, reality television fame, devastating personal losses and a …",2026-03-31T10:29:49Z,Ibtimes.com.au
Global equities rise; oil on track for record monthly gain,"NEW YORK/PARIS, March 31 : Global shares rose on Tuesday and Brent crude oil prices were poised for a record monthly increase, as traders came to the end of a tumultuous March dominated by the Iran war.Iran attacked a fully-loaded oil tanker off Dubai early o…",2026-03-31T10:29:31Z,CNA
"European stocks gain on hopes for Iran de-escalation, oil set for record monthly rise","PARIS, March 31 : European shares eked out small gains in morning trading on Tuesday but were still on track for their worst month since 2022, while oil prices were set for a record monthly rise, as traders came to the end of a tumultuous March dominated by t…",2026-03-31T10:29:31Z,CNA
"HarmonyOS 6 для устройств Huawei предлагает новый интерфейс, эффекты камеры, сценарии использования","Huawei опубликовала подробные списки устройств, которые могут получить доступ к новым функциям HarmonyOS 6, включая смартфоны, планшеты, умные часы и складные устройства. Huawei присвоила этому обновлению номер версии HarmonyOS 6.0.0.328 , чтобы обозначить вн…",2026-03-31T10:27:00Z,Ixbt.com
Kristaps Porzingis finds his stride with Warriors in March,Porzingis once belonged to someone else’s lottery. Now he might define the Warriors’ last dynastic gamble.,2026-03-31T10:24:30Z,Golden State of Mind
"Iran war exerts cost-push pressure on inflation, says Turkish Central Bank governor","The governor of the Turkish Central Bank said ongoing tensions in the Middle East have driven a sharp rise in energy prices, adding cost-push pressure on inflation and indirectly affecting prices across sectors.",2026-03-31T10:18:19Z,Hurriyet Daily News
"Ken Griffin, the CEO who won’t bend the knee to Trump",Everything you need to know before you reach the office this morning.,2026-03-31T10:17:08Z,Fortune
"Leaching Operations Commence at Calcatreu Project, Marking Transition to Operational Phase","VANCOUVER, British Columbia, March 31, 2026 (GLOBE NEWSWIRE) — Patagonia Gold Corp. (“Patagonia” or the “Company”) (TSXV: PGDC) is pleased to announce the successful commencement of leaching operations at its flagship Calcatreu Project (“Calcatreu” or the “Pr…",2026-03-31T10:16:21Z,Financial Post
GASF names 15 finalists for 2025-26 Central Texas athletes of the year award,The Greater Austin Sports Foundation has named 12 high school student-athletes from Central Texas as boys and girls athletes of the year finalists.,2026-03-31T10:15:00Z,Austin American-Statesman
"Last day to score up to $300 off Apple Watch, $130 off Series 11 Cell models, more","We have now entered the final day of Amazon’s Big Spring Sale and some of the Apple Watch deals are already starting to jump back up in price. Alongside the Series 11 offers from $299 or this Cell model at $130 off, one of the most notable price drops you can…",2026-03-31T10:11:22Z,9to5Toys
"Leaching Operations Commence at Calcatreu Project, Marking Transition to Operational Phase","LEACHING OPERATIONS COMMENCE AT CALCATREU PROJECT, MARKING TRANSITION TO OPERATIONAL PHASE...",2026-03-31T10:11:00Z,GlobeNewswire
Jumio Liveness Premium Wins Gold in 2026 Cybersecurity Excellence Awards,"Jumio is recognized for its advanced biometric liveness detection technology for defending against deepfakes and AI-powered fraud SUNNYVALE, Calif. — Jumio, leading provider of AI-powered identity intelligence, today announced that Jumio Liveness Premium has …",2026-03-31T10:09:57Z,Financial Post
Bvlgari Hotel Roma: grandeur and high design in the Eternal City,A stylish rooftop bar and subterranean spa take this luxury hotel to another level,2026-03-31T10:07:33Z,The Week Magazine
Caster Semenya pledges to fight against Olympic gender-testing policy,"'We're going to be vocal about it, we're going to make noise until we're heard,' South Africa's gold medallist says.",2026-03-31T10:06:55Z,Al Jazeera English
Analysts Remain Bullish on Vox Royalty (VOXR) Following Company’s Inclusion in the VanEck Junior Gold Miners ETF,,2026-03-31T10:06:13Z,Yahoo Entertainment
Analysts Sentiment on TRX Gold (TRX) Remains Robust Following Strong Q2 2026 Results,,2026-03-31T10:06:11Z,Yahoo Entertainment
Analysts Bullish on Gold Royalty (GROY) Following Record Fiscal Annual Revenue And Operating Cash Flows For 2025,,2026-03-31T10:06:09Z,Yahoo Entertainment
Taiwan Olympic boxing champ involved in gender debate wins first bout at Asian titles,Lin Yu-ting comfortably won her first international bout since the 2024 Paris Olympics at the Asian championships on Tuesday after World Boxing said she passed a gene test. Taiwan's first Olympic boxing champion beat Thananya Somnuek of Thailand 5-0 in the ro…,2026-03-31T10:06:07Z,Yahoo Entertainment
Analysts See Over 100% Upside for New Found (NFGC) Amid Accelerated Progress At Queensway Gold Project,,2026-03-31T10:06:07Z,Yahoo Entertainment
Analysts Bullish on Galiano Gold (GAU) Amid Strong Share Price Momentum,,2026-03-31T10:06:06Z,Yahoo Entertainment
Analysts Bullish on Dakota Gold (DC) Amid Accelerated Progress at Richmond Hill,"Dakota Gold Corp. (NYSE:DC) earns a place on our list of the 8 best gold penny stocks to buy according to analysts. As of March 28, 2026, 100% of covering...",2026-03-31T10:06:04Z,Yahoo Entertainment
"Canneseries 2026 Dials up the U.S. With HBO Opening Series ‘Half Man,’ Scott Free’s Latest ‘Terror’ Season and Apple TV+’s ‘Star City’","The Hollywood studios may be sitting out the Cannes Film Festival but a more than respectable cohort of major U.S. players will hit Canneseries, Cannes TV festival, a month earlier.  They are led by HBO with Richard Gadd’s highly anticipated “Half Man” which …",2026-03-31T10:03:25Z,Variety
"Records в C#: Классы, которые пишут код за вас","Давайте представим, что вам нужно создать класс для хранения данных пользователя. Сколько строк кода вы напишете? Конструктор, свойства, метод ToString(), сравнение объектов... А если добавится новое поле? Придется обновлять конструктор, метод Equals, GetHash…",2026-03-31T10:03:07Z,Habr.com
"22k gold rate today: Check 22K, 24K gold prices (March 31, 2026) on Tanishq, Malabar Gold & Diamonds, Kalyan Jewellers, Joyalukkas and IBJA","Gold rate prediction: Gold prices experienced a slight increase on March 31, 2026, with 22K gold rates rising across major jewelry brands like Tanishq, Kalyan Jewellers, Malabar Gold & Diamonds, and Joyalukkas.",2026-03-31T10:01:49Z,The Times of India
"Der Countdown läuft - Meldet sich keiner, kriegt ein Dorf das ganze Gold","Jetzt läuft die Zeit für den bisherigen Eigentümer ab. Meldet er sich nicht rechtzeitig, hat ein Bürgermeister große Pläne mit dem Schatz.",2026-03-31T10:01:25Z,Bild
From Prosthetics To Houses: 26 Brilliant Things Made With A 3D Printer,"3D printing has been around for much longer than you might think; almost 40 years in fact. But it's only recently that the potential of this technology has begun to be realized, advances in sensors, 3D printing software and materials mean that the most incred…",2026-03-31T10:01:03Z,Boredpanda.com
Today in Boston Celtics history: Boston's first playoff win; Barksdale born; '59 draft,"Today in Boston Celtics history, Don Barksdale was born in Oakland, California, in 1923.",2026-03-31T10:00:06Z,USA Today
How To Destroy Wealth,This November California voters might show the country how to wreck an economy in the name of fairness.,2026-03-31T10:00:00Z,Forbes
Trump sees 'America First' opportunity in Nasa mission to Moon,"A competitive edge with China and a possible lunar gold rush are twin goals behind Artemis II, experts tell the BBC.",2026-03-31T09:56:05Z,BBC News
"One Year Later, Trump’s Dirty 15 Trade Partners Are $85 Billion Dirtier","Despite a variety of efforts, including IEEPA tariffs, which the Supreme Court ruled unconstitutional last month, the U.S. trade deficit continued to increase.",2026-03-31T09:56:00Z,Forbes
Deion Sanders' wild reaction to Shedeur's jersey number change: Now let the church shout Amen!,"Shedeur Sanders, who navigated his rookie NFL season wearing number 12, has officially switched back to the number 2, the same digit that defined his record-breaking tenures at Jac",2026-03-31T09:53:24Z,Marca
"Money rule changes from 1 April: From 2FA for digital payments to revised ATM charges, top 5 updates you should know","Starting 1 April 2026, significant financial rule changes will affect taxpayers, bank customers, and digital payment users in India, including the new Income Tax Act and the two-factor authentication for digital transactions. Details here.&nbsp;",2026-03-31T09:49:06Z,Livemint
28 Kitchen Pendant Lighting Ideas for 2026 Where Light Drops Exactly Where Attention Should Go,"Looking to brighten up your kitchen with a stylish focal point? These 28 kitchen pendant lighting ideas are sleek, eye-catching, and beautifully functional perfect for adding warmth, enhancing ambiance, and elevating your space with the right glow. 28 Kitchen…",2026-03-31T09:45:00Z,Thecoolist.com
Stimmung in den USA: So zufrieden sind die Amerikaner mit Donald Trump,"Macht US-Präsident Donald Trump aus Sicht der Amerikaner einen guten Job? Regelmäßige Umfragen zeigen, wie viel Zustimmung und Ablehnung er daheim erfährt.",2026-03-31T09:44:00Z,STERN.de
Parity? Nope! Overpowering wins by Texas and South Carolina set up an all-No. 1 seed Final Four,"Texas and South Carolina triumphed in the Elite Eight, setting up a Final Four featuring all No. 1 seeds.",2026-03-31T09:35:00Z,Swish Appeal
Art Nouveau Interior Design: History and Key Styles,"Some design styles fade with the decade that made them. Art Nouveau interior design has outlasted them all, and it is not hard to see why. Today, as American homeowners push back against cold, uniform interiors, Art Nouveau house design is once again drawing …",2026-03-31T09:33:43Z,Ahouseinthehills.com
"Since his accident, Tiger Woods has been inundated with offers of free rides: no one wants him to drive again","Tiger Woods finds himself at a critical crossroads following his arrest on suspicion of driving under the influence on Friday afternoon.

The 15-time major champion was involved in",2026-03-31T09:33:31Z,Marca
Hier bekommen Elektroauto-Fahrer kostenlosen Strom an Ostern,"Zu den Osterferien startet Fastned eine zeitlich begrenzte Aktion für Reisende mit Elektroauto. Vom 4. bis 6. April 2026 haben Fahrer an ausgewählten Stationen in Deutschland die Chance, ihre Elektroautos kostenlos zu laden.",2026-03-31T09:33:00Z,Focus
Turkey Restarts FX Swaps to Counter War Impact on Reserves,"Turkey restarted foreign-currency swap transactions with local banks for the first time in a year, after a drawdown in reserves fueled by a broad selloff across emerging markets amid the war in the Middle East.",2026-03-31T09:32:25Z,Financial Post
West Red Lake Gold Adding Confidence to Rowan Mine Resource and Extending Vein Zones,"VANCOUVER, British Columbia, March 31, 2026 (GLOBE NEWSWIRE) — West Red Lake Gold Mines Ltd. (“West Red Lake Gold” or “WRLG” or the “Company”) (TSXV: WRLG) (OTCQB: WRLGF) is pleased to announce drill results from its fully funded infill and conversion drillin…",2026-03-31T09:30:28Z,Financial Post
The unfathomable reason MAGA remains infatuated with Trump — despite his contempt,"Hypocrisy, thy name is Donald J. Trump.And yet the MAGA cult refuses to see it.Trump is Biff from Back to the Future, always giving noogies to MAGA’s George McFly. Only they enjoy it and ask for more.He is the embodiment of “Rules for thee, but not for me,” b…",2026-03-31T09:30:02Z,Raw Story
West Red Lake Gold Adding Confidence to Rowan Mine Resource and Extending Vein Zones,Incorporating Veins 006b and 013 into the production profile has the potential to materially increase the daily mined tonnage from Rowan...,2026-03-31T09:30:00Z,GlobeNewswire
Private Equity’s Great Escape,"The industry bought companies for too much money and made a bunch of bad loans. Now they’re scrambling to avoid the reckoning.
The post Private Equity’s Great Escape appeared first on The American Prospect.",2026-03-31T09:30:00Z,The American Prospect
Jennifer Garner's Little Black Dress Is a Cute Wedding Style,"As wedding season enters the chat, Jennifer Garner reminded us to always have a little black dress ready to go. We found an affordable twin!",2026-03-31T09:23:55Z,Us Weekly
Zo gebruik je het privacy display van Samsung Galaxy S26 Ultra,"Samsung heeft dit jaar een technologie onthuld die we nog nergens anders hebben gezien: het gaat om het privacyscherm, dat Samsung zelf privacy display noemt. Hiermee kunnen mensen die naast… Lees verder op Androidworld.nl",2026-03-31T09:23:00Z,Androidworld.nl
Pink slip equivalent to Powerball win for some LSU coaches,A pink slip leads to a lot of of green for several former LSU coaches.,2026-03-31T09:12:51Z,Postsouth.com
"Why is gold price heading for biggest monthly drop in over 17 years, and will gold, silver and other precious metals continue to witness wild price movements? Analysts insights, market outlook and what should investors do now","Why is gold price heading for biggest monthly drop in over 17 years, and will gold, silver and other precious metals continue to witness wild price movements? Gold is set for a major monthly fall as investors move to the dollar. Oil, inflation fears, and rate…",2026-03-31T09:10:23Z,The Times of India
$50 billion Tiger Global just turned 25 years old. Here are some of the famous people who have given the firm advice over the years.,"The hedge fund has gotten advice for ballerina Misty Copeland, Olympian Michael Phelps, restauranteur Danny Meyer, and more over the years.",2026-03-31T09:05:01Z,Business Insider
"I started raising my grandson just a few months into my retirement. My wife and I want to give him a good life, but it's financially draining.","Martin Odum, 71, and his wife have raised their grandson Noah with spina bifida in central Illinois for five years, which has hurt their finances.",2026-03-31T09:05:01Z,Business Insider
"F2Pool co-founder says Thailand condo bought for 2,900 Bitcoin sold for 7","F2Pool co-founder Wang Chun sold a Pattaya condo for 7 BTC, a fraction of the 2,900 BTC he paid in 2015, highlighting Bitcoin’s huge outperformance over gold and stocks.",2026-03-31T09:04:21Z,Cointelegraph
定期的に暴落が起こるマーケットの中、お金を増やすためにすべき投資行動,暴落が頻繁に起こっても、「株」の実質トータルリターンは年約7％で推移 株式投資の名著として知られるジェレミー・シーゲル著『株式投資 第6版』には、1802年から2021年までの200年以上にわたって1ドルを株・長期国債・短期国債・金・米ドルの5つの資産に投資した場合の年次の実質トータルリターン指数の推移が示されています[…],2026-03-31T09:02:00Z,Zuuonline.com
Hä? Magazine–The Complete Collection,"The health magazine without taboos was developed for a young readership aged 16 and up....
Der Beitrag Hä? Magazine–The Complete Collection erschien zuerst auf slanted.",2026-03-31T09:00:21Z,Slanted.de
I Want to End This Love Game Anime's Promo Video Previews Opening Theme Song,CHiCo with HoneyWorks perform theme song for April 14 anime,2026-03-31T09:00:00Z,Anime News Network
"4月30日（木）17時よりオンライン開催！「富裕層1,000万枚の領収書を見た税理士」が解説　海外移住・投資前に知るべき国際税務の基本","[株式会社幻冬舎ゴールドオンライン]
株式会社幻冬舎ゴールドオンライン（本社：東京都渋谷区千駄ヶ谷二丁目30番１号 ベネッセビル２階、代表取締役：山下征孝）は株式会社ユナイテッド・パートナーズ会計事務所 パートナー・税理士 森田 貴子 氏によ...",2026-03-31T09:00:00Z,Prtimes.jp
Sabarimala row takes centre stage in Kerala,"The Sabarimala issue has resurfaced as a political flashpoint in Kerala’s Assembly elections, especially after the Kerala High Court closed its investigation into the reconstruction of the shrine’s golden flag mast",2026-03-31T08:55:44Z,BusinessLine
"Sammaan Capital becomes IHC Group company, receives Rs 5,652 cr in first tranche of stake sale","Sammaan Capital has officially become an International Holding Company group firm after receiving Rs 5,652 crore in the first tranche of a major stake sale. Through affiliate Avenir Investment RSC, IHC will acquire 41.5% now and complete the remaining investm…",2026-03-31T08:53:59Z,The Times of India
"Bitcoin, Gold, Aktien im Minus - Märkte fallen: Auf diese Aktien setzt der Experte","Die Märkte rutschen ab: Aktien, Rohstoffe, Krypto im Minus. Kapitalmarkt-Analyst Martin Utschneider erklärt, welche Aktien von einer Erholung zuerst profitieren könnten.",2026-03-31T08:49:23Z,Bild
"‘Get Out’ While Bitcoin is Still Above $65k, Says Peter Schiff as Maximalist Dumps $20 Million in BTC",Gold Proponent Peter Schiff has stated that it is hard to believe Bitcoin is still above $65k and holders should cash out while they can.,2026-03-31T11:40:04Z,ZyCrypto
Are Dems now so corrupt they’d bar Bruce Blakeman from getting campaign funding?,New York state’s Public Campaign Finance Board is preparing to deny $7 million to Republican gubernatorial candidate Bruce Blakeman because he didn’t include his running mate’s name on a form . . . that doesn’t exist yet. This November is the first statewide …,2026-03-31T11:39:09Z,New York Post
Abhay Singh and Anahat Singh Receive Top Asian Squash Federation Awards,"Abhay Singh and Anahat Singh have been recognised as the Asian Squash Federation's outstanding players of the year, while the Indian boys team received the men's team award.",2026-03-31T11:38:18Z,Rediff.com
New twist in the Brandon Aiyuk case: 49ers owner Jed York hasn't ruled out his return,"The San Francisco 49ers&apos; ownership has injected a surprising dose of uncertainty into what many believed was a foregone conclusion regarding Brandon Aiyuk&apos;s future.

Spea",2026-03-31T11:35:07Z,Marca
"Kobo Resources Intersects Strong Gold Results Across All Three Zones at Kossou, Including 7.0 m at 5.06 g/t Au at the Road Cut Zone","High-grade gold results returned from the Road Cut Zone with 7.0 m at 5.06 g/t Au incl. 1.0 m at 20.00 g/t Au, with encouraging gold mineralisation intersected along the Contact Zone Fault area Strong gold mineralisation intersected in all three Kadie Zone ho…",2026-03-31T11:32:02Z,Financial Post
TomaGold Starts Drilling at Berrigan Mine,"1,500-metre Phase 2 drilling program aimed at testing the newly-discovered Berrigan Deep Zone MONTRÉAL — TOMAGOLD CORPORATION (TSXV: LOT; OTCPK: TOGOF) (“TomaGold” or the “Company”) is pleased to announce that drilling has started at its Berrigan Mine project…",2026-03-31T11:31:18Z,Financial Post
Pragmata ya es gold: Capcom confirma que su esperada aventura de ciencia ficción está lista para llegar en abril,"<!--cache-->El nuevo juego de Capcom ha superado una de las últimas grandes fases antes del lanzamiento y mantiene su esperado estreno para el 17 de abril en PS5, Xbox Series, Switch 2 y PC.<!--aa--->Capcom ya puede dar prácticamente por cerrado el desarrollo…",2026-03-31T11:31:00Z,Elespanol.com
Jarren Duran needs to be Captain Chaos for the Red Sox,Stop thinking and play ball.,2026-03-31T11:28:32Z,Over The Monster
"Piramal Finance AUM crosses ₹1 lakh crore, eyes microfinance acquisition","Piramal Finance plans to diversify beyond home loans into microfinance and gold loans, aiming to reach Rs 1.5 lakh crore AUM by March 2028, while maintaining a cautious approach amid global uncertainties",2026-03-31T11:27:56Z,BusinessLine
Middle East Conflict Erases Arab Region's Annual Economic Growth – UN,"The conflict in the Middle East has nullified the annual economic growth of the Arab region, with losses potentially reaching nearly $200 billion, according to a report by the United Nations Development Programme (UNDP).",2026-03-31T11:23:26Z,Sputnikglobe.com
Crypto Trading Platform BYDFi Marks Sixth Anniversary with Month-Long Celebration,"Beginning on April 1, 2026, the cryptocurrency trading platform BYDFi will commemorate its sixth anniversary with a month-long event highlighting its development into an all-in-one platform based on a CEX + DEX dual-engine concept. BYDFi has developed a platf…",2026-03-31T11:19:13Z,ZyCrypto
"Realme 16 5G, Vivo V70 FE, OnePlus Nord 6, OPPO Find X9 Ultra & more smartphones launching in April; Check launch date, price and features here","April 2026 is set to be a busy month for smartphone launches in India with devices from Realme, Vivo, Redmi, OnePlus and OPPO. Key models include Realme 16 5G and Vivo V70 FE on April 2, OnePlus Nord 6 on April 7, and the premium OPPO Find X9 Ultra on April 2…",2026-03-31T11:17:24Z,The Times of India
Did The Sullivan Generator Survive After Shark Tank? Here's What Happened After Season 3,"Of all the ideas presented to ""Shark Tank's"" judges, the Sullivan Generator is one of the most outwardly outlandish, but what happened to it and its creator?",2026-03-31T11:17:00Z,BGR
"Indonesian forest loss surges by 66% in 2025, driven by Prabowo's self-sufficiency drive: Report","A total of 433,751 hectares of forest was cleared last year, a dramatic jump from 261,575 hectares in 2024, a study by a think tank found.",2026-03-31T11:16:00Z,CNA
"Quantum risk resurfaces at the worst time for bitcoin, but 1 token is loving it","Your day-ahead look for March 31, 2026",2026-03-31T11:15:00Z,CoinDesk
Funnel’s Forum 2026 brings 150+ of multifamily’s top leaders to Scottsdale to build the world’s best renter experience,Funnel’s Forum 2026 brings 150+ of multifamily’s top leaders to Scottsdale to build the world’s best renter experience...,2026-03-31T11:15:00Z,GlobeNewswire
"Florida Panthers announce hiring of former Amazon, Disney exec Michael White as business president",The Florida Panthers have named tech and guest-experience executive Michael White as their new president of business operations,2026-03-31T11:14:45Z,Abcnews.com
Aya Gold & Silver Reports Record Results for Q4-2025 and Full Year 2025,"Record Revenue, Net Income and Cash Flow from Operations MONTREAL, March 31, 2026 (GLOBE NEWSWIRE) — Aya Gold & Silver Inc. (TSX: AYA; OTCQX: AYASF) (“Aya” or the “Corporation”) today announced its financial and operational results for the fourth quarter and …",2026-03-31T11:03:49Z,Financial Post
Bitget lists edgeX (EDGE) for Spot Trading,"Bitget adds edgeX (EDGE) in Innovation Zone. EDGE/USDT spot trading opens Mar 31, 2026 12:30 UTC; withdrawals Apr 1....",2026-03-31T11:03:00Z,GlobeNewswire
Fort Collins basketball star named Blue FCU's top winter girls athlete,Fort Collins basketball's Annika VanDalen was named the Fort Collins area's top winter girls athlete after leading a Lambkins' turnaround season.,2026-03-31T11:02:26Z,Coloradoan
"The new Lava Bold N2 Pro debuts with an old 4G chipset, 6.67"" 120Hz display","A month ago, Lava introduced the Bold N2, a fairly basic 4G phone. Now the company is launching the Lava Bold N2 Pro – confusingly, the Pro phone is smaller and cheaper than its vanilla sibling. Huh?

The N2 Pro is powered by the Unisoc T7250, a staple of che…",2026-03-31T11:01:02Z,GSMArena.com
Northisle Announces Infill Drill Results at Northwest Expo Extend Strike and Add New High-Grade Intervals,"High-grade interval in NW25-57 of 117.0 metres at 1.50 g/t Au Eq., including 52.5 metres at 1.91 g/t Au Eq. Highlights: Selected gold-equivalent assay intercepts include: NW25-57: 117.0 metres at 1.50 g/t Au Eq. from 231.0 metres, including 52.5 metres at 1.9…",2026-03-31T11:00:49Z,Financial Post
Science Has Two Exciting New Ideas for Your Hairline,"Discover the latest men’s hair loss treatments, from finasteride and minoxidil to emerging therapies. Learn what works, side effects, and how to regrow thinning hair effectively.",2026-03-31T11:00:00Z,menshealth.com
Aya Gold & Silver Reports Record Results for Q4-2025 and Full Year 2025,"Record Revenue, Net Income and Cash Flow from Operations Record Revenue, Net Income and Cash Flow from Operations",2026-03-31T11:00:00Z,GlobeNewswire
UNCF “A Mind Is…” New York Gala Raises Record $1.3M for HBCUs and Student Success,"Honoring visionary leaders and delivering transformative impact, funds will help continue UNCF's legacy of bridging the gap between potential and opportunity Honoring visionary leaders and delivering transformative impact, funds will help continue UNCF's lega…",2026-03-31T11:00:00Z,GlobeNewswire
Bitcoin Everlight Reports Continued Phase 3 Presale Activity Amid Shifting Global Market Conditions,"Bitcoin Everlight advances Phase 3 presale against a backdrop of US-Iran tensions as early participants continue entering the network  SAN FRANCISCO,...",2026-03-31T11:00:00Z,GlobeNewswire
"They Were Told Wrestling Was Only for Boys. Now, This NYC Club Is Proving Girls Can Fight for Their Futures.","In the Bronx and Harlem, shy girls and a two-time Olympian join forces to build a wrestling club that’s quietly changing futures and creating possibilities.",2026-03-31T11:00:00Z,Women's Health
Oil Shock Tests Bank of Thailand’s Wait-and-See Policy Stance,"Thailand’s central bank signaled a wait-and-see monetary policy approach, saying interest-rate cuts are unlikely to be effective against a Middle East-driven oil shock while leaving the door open to tightening if inflation pressures persist.",2026-03-31T10:54:22Z,Financial Post
"Ausblick: Edelmetallverband: Gold zieht wieder an, Silber gefragt","Rechenzentren, Photovoltaik, Katalysatoren oder der „sichere Hafen“ für Anleger: Gold, Silber und Platin sind begehrt. Trotzdem spürt die Branche auch negative Folgen des Weltgeschehens.",2026-03-31T10:47:21Z,Der Tagesspiegel
"Ausblick: Edelmetallverband: Gold zieht wieder an, Silber gefragt","Hier finden Sie Informationen zu dem Thema „Ausblick“. Lesen Sie jetzt „Edelmetallverband: Gold zieht wieder an, Silber gefragt“.",2026-03-31T10:46:02Z,Die Zeit
"Ausblick: Edelmetallverband: Gold zieht wieder an, Silber gefragt","Rechenzentren, Photovoltaik, Katalysatoren oder der ""sichere Hafen"" für Anleger: Gold, Silber und Platin sind begehrt. Trotzdem spürt die Branche auch negative Folgen des Weltgeschehens.",2026-03-31T10:46:02Z,STERN.de
Plus - Test: Avowed - Patch 2.0 im Nachtest: Mein umstrittener Rollenspiel-Geheimtipp ist ein Jahr nach Release um einiges besser geworden,"Neue Völker, New Game Plus und viele Bugfixes im Anniversary Update 2.0 machen Avowed in Peters Augen endgültig zum Pflichtbesuch für Rollenspieler mit Spaß am Erkunden.",2026-03-31T10:41:00Z,GameStar
"BYDFi Marks 6th Anniversary with Month-Long Celebration, Built for Reliability","Victoria, Seychelles, 31st March 2026, Chainwire
The post BYDFi Marks 6th Anniversary with Month-Long Celebration, Built for Reliability appeared first on The Daily Hodl.",2026-03-31T10:40:56Z,The Daily Hodl
"BYDFi Marks Sixth Anniversary With Month-Long Celebration, Built for Reliability","Global crypto trading platform BYDFi will mark its sixth anniversary with a month-long celebration beginning on April 1, 2026, highlighting BYDFi’s evolution into an all-in-one crypto trading platform built on a CEX + DEX dual-engine model.",2026-03-31T10:40:56Z,The Daily Hodl
"₹7,999 में Lava Bold N2 Pro भारत में लॉन्च, मिलेगा 50MP कैमरा और 5,000mAh बैटरी",Lava Bold N2 Pro: Lava Bold N2 Pro को भारत में मंगलवार को लॉन्च किया गया। कंपनी का यह एंट्री-लेवल स्मार्टफोन 50MP के रियर कैमरे और 8MP के सेल्फी कैमरे से लैस है। यह 4G कनेक्टिविटी को सपोर्ट करता है और Android 15 पर चलता है। यह हैंडसेट दो कलर ऑप्शन में उपलब्ध …,2026-03-31T10:39:30Z,Moneycontrol
(VIDEO) Socceroos vs Curacao LIVE: Where to Watch Australia's Final Home Friendly Before 2026 World Cup,"MELBOURNE — The CommBank Socceroos face Curaçao tonight at AAMI Park in what will be Australia's last international match on home soil before the 2026 FIFA World Cup, with fans able to watch the FIFA Series 2026 clash live and free on Network 10 or via Paramo…",2026-03-31T10:34:50Z,Ibtimes.com.au
Botnet russe : prison ferme aux États-Unis,"Condamnation d'un opérateur russe de botnet lié au ransomware, au cœur de la chaîne d’accès cybercriminelle.",2026-03-31T10:33:05Z,Zataz.com
LibreOffice vs ONLYOFFICE - Which One Is Right For You?,"Both are solid open source office suites but which one should you choose? This in-depth article compares LibreOffice and ONLYOFFICE across features, usability, and real-world experience.",2026-03-31T10:32:41Z,Itsfoss.com
Fastned bietet Osteraktion für kostenlose Schnellladung,Das Unternehmen Fastned bietet über Ostern an fünf Schnellladestationen in Deutschland kostenfreies Laden an. Doch es gibt einen kleinen Haken. Vom 04. bis 06. April können Nutzer an ausgewählten Standorten …,2026-03-31T10:30:50Z,mobiFlip.de
Lamar Odom in 2026: 10 Essential Things to Know About the Former NBA Star's Tumultuous Journey and Struggles,"LOS ANGELES — As Netflix prepares to release ""Untold: The Death and Life of Lamar Odom"" on March 31, 2026, the former NBA champion remains a compelling figure whose life has blended basketball glory, reality television fame, devastating personal losses and a …",2026-03-31T10:29:49Z,Ibtimes.com.au
Global equities rise; oil on track for record monthly gain,"NEW YORK/PARIS, March 31 : Global shares rose on Tuesday and Brent crude oil prices were poised for a record monthly increase, as traders came to the end of a tumultuous March dominated by the Iran war.Iran attacked a fully-loaded oil tanker off Dubai early o…",2026-03-31T10:29:31Z,CNA
"European stocks gain on hopes for Iran de-escalation, oil set for record monthly rise","PARIS, March 31 : European shares eked out small gains in morning trading on Tuesday but were still on track for their worst month since 2022, while oil prices were set for a record monthly rise, as traders came to the end of a tumultuous March dominated by t…",2026-03-31T10:29:31Z,CNA
"HarmonyOS 6 для устройств Huawei предлагает новый интерфейс, эффекты камеры, сценарии использования","Huawei опубликовала подробные списки устройств, которые могут получить доступ к новым функциям HarmonyOS 6, включая смартфоны, планшеты, умные часы и складные устройства. Huawei присвоила этому обновлению номер версии HarmonyOS 6.0.0.328 , чтобы обозначить вн…",2026-03-31T10:27:00Z,Ixbt.com
Kristaps Porzingis finds his stride with Warriors in March,Porzingis once belonged to someone else’s lottery. Now he might define the Warriors’ last dynastic gamble.,2026-03-31T10:24:30Z,Golden State of Mind
"Iran war exerts cost-push pressure on inflation, says Turkish Central Bank governor","The governor of the Turkish Central Bank said ongoing tensions in the Middle East have driven a sharp rise in energy prices, adding cost-push pressure on inflation and indirectly affecting prices across sectors.",2026-03-31T10:18:19Z,Hurriyet Daily News
"Ken Griffin, the CEO who won’t bend the knee to Trump",Everything you need to know before you reach the office this morning.,2026-03-31T10:17:08Z,Fortune
"Leaching Operations Commence at Calcatreu Project, Marking Transition to Operational Phase","VANCOUVER, British Columbia, March 31, 2026 (GLOBE NEWSWIRE) — Patagonia Gold Corp. (“Patagonia” or the “Company”) (TSXV: PGDC) is pleased to announce the successful commencement of leaching operations at its flagship Calcatreu Project (“Calcatreu” or the “Pr…",2026-03-31T10:16:21Z,Financial Post
GASF names 15 finalists for 2025-26 Central Texas athletes of the year award,The Greater Austin Sports Foundation has named 12 high school student-athletes from Central Texas as boys and girls athletes of the year finalists.,2026-03-31T10:15:00Z,Austin American-Statesman
"Last day to score up to $300 off Apple Watch, $130 off Series 11 Cell models, more","We have now entered the final day of Amazon’s Big Spring Sale and some of the Apple Watch deals are already starting to jump back up in price. Alongside the Series 11 offers from $299 or this Cell model at $130 off, one of the most notable price drops you can…",2026-03-31T10:11:22Z,9to5Toys
"Leaching Operations Commence at Calcatreu Project, Marking Transition to Operational Phase","LEACHING OPERATIONS COMMENCE AT CALCATREU PROJECT, MARKING TRANSITION TO OPERATIONAL PHASE...",2026-03-31T10:11:00Z,GlobeNewswire
Jumio Liveness Premium Wins Gold in 2026 Cybersecurity Excellence Awards,"Jumio is recognized for its advanced biometric liveness detection technology for defending against deepfakes and AI-powered fraud SUNNYVALE, Calif. — Jumio, leading provider of AI-powered identity intelligence, today announced that Jumio Liveness Premium has …",2026-03-31T10:09:57Z,Financial Post
Bvlgari Hotel Roma: grandeur and high design in the Eternal City,A stylish rooftop bar and subterranean spa take this luxury hotel to another level,2026-03-31T10:07:33Z,The Week Magazine
Caster Semenya pledges to fight against Olympic gender-testing policy,"'We're going to be vocal about it, we're going to make noise until we're heard,' South Africa's gold medallist says.",2026-03-31T10:06:55Z,Al Jazeera English
Analysts Remain Bullish on Vox Royalty (VOXR) Following Company’s Inclusion in the VanEck Junior Gold Miners ETF,,2026-03-31T10:06:13Z,Yahoo Entertainment
Analysts Sentiment on TRX Gold (TRX) Remains Robust Following Strong Q2 2026 Results,,2026-03-31T10:06:11Z,Yahoo Entertainment
Analysts Bullish on Gold Royalty (GROY) Following Record Fiscal Annual Revenue And Operating Cash Flows For 2025,,2026-03-31T10:06:09Z,Yahoo Entertainment
Taiwan Olympic boxing champ involved in gender debate wins first bout at Asian titles,Lin Yu-ting comfortably won her first international bout since the 2024 Paris Olympics at the Asian championships on Tuesday after World Boxing said she passed a gene test. Taiwan's first Olympic boxing champion beat Thananya Somnuek of Thailand 5-0 in the ro…,2026-03-31T10:06:07Z,Yahoo Entertainment
Analysts See Over 100% Upside for New Found (NFGC) Amid Accelerated Progress At Queensway Gold Project,,2026-03-31T10:06:07Z,Yahoo Entertainment
Analysts Bullish on Galiano Gold (GAU) Amid Strong Share Price Momentum,,2026-03-31T10:06:06Z,Yahoo Entertainment
Analysts Bullish on Dakota Gold (DC) Amid Accelerated Progress at Richmond Hill,"Dakota Gold Corp. (NYSE:DC) earns a place on our list of the 8 best gold penny stocks to buy according to analysts. As of March 28, 2026, 100% of covering...",2026-03-31T10:06:04Z,Yahoo Entertainment
"Canneseries 2026 Dials up the U.S. With HBO Opening Series ‘Half Man,’ Scott Free’s Latest ‘Terror’ Season and Apple TV+’s ‘Star City’","The Hollywood studios may be sitting out the Cannes Film Festival but a more than respectable cohort of major U.S. players will hit Canneseries, Cannes TV festival, a month earlier.  They are led by HBO with Richard Gadd’s highly anticipated “Half Man” which …",2026-03-31T10:03:25Z,Variety
"Records в C#: Классы, которые пишут код за вас","Давайте представим, что вам нужно создать класс для хранения данных пользователя. Сколько строк кода вы напишете? Конструктор, свойства, метод ToString(), сравнение объектов... А если добавится новое поле? Придется обновлять конструктор, метод Equals, GetHash…",2026-03-31T10:03:07Z,Habr.com
"22k gold rate today: Check 22K, 24K gold prices (March 31, 2026) on Tanishq, Malabar Gold & Diamonds, Kalyan Jewellers, Joyalukkas and IBJA","Gold rate prediction: Gold prices experienced a slight increase on March 31, 2026, with 22K gold rates rising across major jewelry brands like Tanishq, Kalyan Jewellers, Malabar Gold & Diamonds, and Joyalukkas.",2026-03-31T10:01:49Z,The Times of India
"Der Countdown läuft - Meldet sich keiner, kriegt ein Dorf das ganze Gold","Jetzt läuft die Zeit für den bisherigen Eigentümer ab. Meldet er sich nicht rechtzeitig, hat ein Bürgermeister große Pläne mit dem Schatz.",2026-03-31T10:01:25Z,Bild
From Prosthetics To Houses: 26 Brilliant Things Made With A 3D Printer,"3D printing has been around for much longer than you might think; almost 40 years in fact. But it's only recently that the potential of this technology has begun to be realized, advances in sensors, 3D printing software and materials mean that the most incred…",2026-03-31T10:01:03Z,Boredpanda.com
Today in Boston Celtics history: Boston's first playoff win; Barksdale born; '59 draft,"Today in Boston Celtics history, Don Barksdale was born in Oakland, California, in 1923.",2026-03-31T10:00:06Z,USA Today
How To Destroy Wealth,This November California voters might show the country how to wreck an economy in the name of fairness.,2026-03-31T10:00:00Z,Forbes
Trump sees 'America First' opportunity in Nasa mission to Moon,"A competitive edge with China and a possible lunar gold rush are twin goals behind Artemis II, experts tell the BBC.",2026-03-31T09:56:05Z,BBC News
"One Year Later, Trump’s Dirty 15 Trade Partners Are $85 Billion Dirtier","Despite a variety of efforts, including IEEPA tariffs, which the Supreme Court ruled unconstitutional last month, the U.S. trade deficit continued to increase.",2026-03-31T09:56:00Z,Forbes
Deion Sanders' wild reaction to Shedeur's jersey number change: Now let the church shout Amen!,"Shedeur Sanders, who navigated his rookie NFL season wearing number 12, has officially switched back to the number 2, the same digit that defined his record-breaking tenures at Jac",2026-03-31T09:53:24Z,Marca
"Money rule changes from 1 April: From 2FA for digital payments to revised ATM charges, top 5 updates you should know","Starting 1 April 2026, significant financial rule changes will affect taxpayers, bank customers, and digital payment users in India, including the new Income Tax Act and the two-factor authentication for digital transactions. Details here.&nbsp;",2026-03-31T09:49:06Z,Livemint
28 Kitchen Pendant Lighting Ideas for 2026 Where Light Drops Exactly Where Attention Should Go,"Looking to brighten up your kitchen with a stylish focal point? These 28 kitchen pendant lighting ideas are sleek, eye-catching, and beautifully functional perfect for adding warmth, enhancing ambiance, and elevating your space with the right glow. 28 Kitchen…",2026-03-31T09:45:00Z,Thecoolist.com
Stimmung in den USA: So zufrieden sind die Amerikaner mit Donald Trump,"Macht US-Präsident Donald Trump aus Sicht der Amerikaner einen guten Job? Regelmäßige Umfragen zeigen, wie viel Zustimmung und Ablehnung er daheim erfährt.",2026-03-31T09:44:00Z,STERN.de
Parity? Nope! Overpowering wins by Texas and South Carolina set up an all-No. 1 seed Final Four,"Texas and South Carolina triumphed in the Elite Eight, setting up a Final Four featuring all No. 1 seeds.",2026-03-31T09:35:00Z,Swish Appeal
Art Nouveau Interior Design: History and Key Styles,"Some design styles fade with the decade that made them. Art Nouveau interior design has outlasted them all, and it is not hard to see why. Today, as American homeowners push back against cold, uniform interiors, Art Nouveau house design is once again drawing …",2026-03-31T09:33:43Z,Ahouseinthehills.com
"Since his accident, Tiger Woods has been inundated with offers of free rides: no one wants him to drive again","Tiger Woods finds himself at a critical crossroads following his arrest on suspicion of driving under the influence on Friday afternoon.

The 15-time major champion was involved in",2026-03-31T09:33:31Z,Marca
Hier bekommen Elektroauto-Fahrer kostenlosen Strom an Ostern,"Zu den Osterferien startet Fastned eine zeitlich begrenzte Aktion für Reisende mit Elektroauto. Vom 4. bis 6. April 2026 haben Fahrer an ausgewählten Stationen in Deutschland die Chance, ihre Elektroautos kostenlos zu laden.",2026-03-31T09:33:00Z,Focus
Turkey Restarts FX Swaps to Counter War Impact on Reserves,"Turkey restarted foreign-currency swap transactions with local banks for the first time in a year, after a drawdown in reserves fueled by a broad selloff across emerging markets amid the war in the Middle East.",2026-03-31T09:32:25Z,Financial Post
West Red Lake Gold Adding Confidence to Rowan Mine Resource and Extending Vein Zones,"VANCOUVER, British Columbia, March 31, 2026 (GLOBE NEWSWIRE) — West Red Lake Gold Mines Ltd. (“West Red Lake Gold” or “WRLG” or the “Company”) (TSXV: WRLG) (OTCQB: WRLGF) is pleased to announce drill results from its fully funded infill and conversion drillin…",2026-03-31T09:30:28Z,Financial Post
The unfathomable reason MAGA remains infatuated with Trump — despite his contempt,"Hypocrisy, thy name is Donald J. Trump.And yet the MAGA cult refuses to see it.Trump is Biff from Back to the Future, always giving noogies to MAGA’s George McFly. Only they enjoy it and ask for more.He is the embodiment of “Rules for thee, but not for me,” b…",2026-03-31T09:30:02Z,Raw Story
West Red Lake Gold Adding Confidence to Rowan Mine Resource and Extending Vein Zones,Incorporating Veins 006b and 013 into the production profile has the potential to materially increase the daily mined tonnage from Rowan...,2026-03-31T09:30:00Z,GlobeNewswire
Private Equity’s Great Escape,"The industry bought companies for too much money and made a bunch of bad loans. Now they’re scrambling to avoid the reckoning.
The post Private Equity’s Great Escape appeared first on The American Prospect.",2026-03-31T09:30:00Z,The American Prospect
Jennifer Garner's Little Black Dress Is a Cute Wedding Style,"As wedding season enters the chat, Jennifer Garner reminded us to always have a little black dress ready to go. We found an affordable twin!",2026-03-31T09:23:55Z,Us Weekly
Zo gebruik je het privacy display van Samsung Galaxy S26 Ultra,"Samsung heeft dit jaar een technologie onthuld die we nog nergens anders hebben gezien: het gaat om het privacyscherm, dat Samsung zelf privacy display noemt. Hiermee kunnen mensen die naast… Lees verder op Androidworld.nl",2026-03-31T09:23:00Z,Androidworld.nl
Pink slip equivalent to Powerball win for some LSU coaches,A pink slip leads to a lot of of green for several former LSU coaches.,2026-03-31T09:12:51Z,Postsouth.com
"Why is gold price heading for biggest monthly drop in over 17 years, and will gold, silver and other precious metals continue to witness wild price movements? Analysts insights, market outlook and what should investors do now","Why is gold price heading for biggest monthly drop in over 17 years, and will gold, silver and other precious metals continue to witness wild price movements? Gold is set for a major monthly fall as investors move to the dollar. Oil, inflation fears, and rate…",2026-03-31T09:10:23Z,The Times of India
$50 billion Tiger Global just turned 25 years old. Here are some of the famous people who have given the firm advice over the years.,"The hedge fund has gotten advice for ballerina Misty Copeland, Olympian Michael Phelps, restauranteur Danny Meyer, and more over the years.",2026-03-31T09:05:01Z,Business Insider
"I started raising my grandson just a few months into my retirement. My wife and I want to give him a good life, but it's financially draining.","Martin Odum, 71, and his wife have raised their grandson Noah with spina bifida in central Illinois for five years, which has hurt their finances.",2026-03-31T09:05:01Z,Business Insider
"F2Pool co-founder says Thailand condo bought for 2,900 Bitcoin sold for 7","F2Pool co-founder Wang Chun sold a Pattaya condo for 7 BTC, a fraction of the 2,900 BTC he paid in 2015, highlighting Bitcoin’s huge outperformance over gold and stocks.",2026-03-31T09:04:21Z,Cointelegraph
定期的に暴落が起こるマーケットの中、お金を増やすためにすべき投資行動,暴落が頻繁に起こっても、「株」の実質トータルリターンは年約7％で推移 株式投資の名著として知られるジェレミー・シーゲル著『株式投資 第6版』には、1802年から2021年までの200年以上にわたって1ドルを株・長期国債・短期国債・金・米ドルの5つの資産に投資した場合の年次の実質トータルリターン指数の推移が示されています[…],2026-03-31T09:02:00Z,Zuuonline.com
Hä? Magazine–The Complete Collection,"The health magazine without taboos was developed for a young readership aged 16 and up....
Der Beitrag Hä? Magazine–The Complete Collection erschien zuerst auf slanted.",2026-03-31T09:00:21Z,Slanted.de
I Want to End This Love Game Anime's Promo Video Previews Opening Theme Song,CHiCo with HoneyWorks perform theme song for April 14 anime,2026-03-31T09:00:00Z,Anime News Network
"4月30日（木）17時よりオンライン開催！「富裕層1,000万枚の領収書を見た税理士」が解説　海外移住・投資前に知るべき国際税務の基本","[株式会社幻冬舎ゴールドオンライン]
株式会社幻冬舎ゴールドオンライン（本社：東京都渋谷区千駄ヶ谷二丁目30番１号 ベネッセビル２階、代表取締役：山下征孝）は株式会社ユナイテッド・パートナーズ会計事務所 パートナー・税理士 森田 貴子 氏によ...",2026-03-31T09:00:00Z,Prtimes.jp
Sabarimala row takes centre stage in Kerala,"The Sabarimala issue has resurfaced as a political flashpoint in Kerala’s Assembly elections, especially after the Kerala High Court closed its investigation into the reconstruction of the shrine’s golden flag mast",2026-03-31T08:55:44Z,BusinessLine
"Sammaan Capital becomes IHC Group company, receives Rs 5,652 cr in first tranche of stake sale","Sammaan Capital has officially become an International Holding Company group firm after receiving Rs 5,652 crore in the first tranche of a major stake sale. Through affiliate Avenir Investment RSC, IHC will acquire 41.5% now and complete the remaining investm…",2026-03-31T08:53:59Z,The Times of India
"Bitcoin, Gold, Aktien im Minus - Märkte fallen: Auf diese Aktien setzt der Experte","Die Märkte rutschen ab: Aktien, Rohstoffe, Krypto im Minus. Kapitalmarkt-Analyst Martin Utschneider erklärt, welche Aktien von einer Erholung zuerst profitieren könnten.",2026-03-31T08:49:23Z,Bild
6 easy high protein breakfasts for busy mornings,"Overnight oats are the ultimate  grab-and-go  solution, requiring zero preparation time during the actual morning rush. By mixing rolled oats with a thick, protein-dense Greek yogurt and a scoop of your favorite protein powder, you create a creamy, pudding-li…",2026-03-31T11:45:07Z,Economictimes.com
"‘Get Out’ While Bitcoin is Still Above $65k, Says Peter Schiff as Maximalist Dumps $20 Million in BTC",Gold Proponent Peter Schiff has stated that it is hard to believe Bitcoin is still above $65k and holders should cash out while they can.,2026-03-31T11:40:04Z,ZyCrypto
Are Dems now so corrupt they’d bar Bruce Blakeman from getting campaign funding?,New York state’s Public Campaign Finance Board is preparing to deny $7 million to Republican gubernatorial candidate Bruce Blakeman because he didn’t include his running mate’s name on a form . . . that doesn’t exist yet. This November is the first statewide …,2026-03-31T11:39:09Z,New York Post
Abhay Singh and Anahat Singh Receive Top Asian Squash Federation Awards,"Abhay Singh and Anahat Singh have been recognised as the Asian Squash Federation's outstanding players of the year, while the Indian boys team received the men's team award.",2026-03-31T11:38:18Z,Rediff.com
New twist in the Brandon Aiyuk case: 49ers owner Jed York hasn't ruled out his return,"The San Francisco 49ers&apos; ownership has injected a surprising dose of uncertainty into what many believed was a foregone conclusion regarding Brandon Aiyuk&apos;s future.

Spea",2026-03-31T11:35:07Z,Marca
"Kobo Resources Intersects Strong Gold Results Across All Three Zones at Kossou, Including 7.0 m at 5.06 g/t Au at the Road Cut Zone","High-grade gold results returned from the Road Cut Zone with 7.0 m at 5.06 g/t Au incl. 1.0 m at 20.00 g/t Au, with encouraging gold mineralisation intersected along the Contact Zone Fault area Strong gold mineralisation intersected in all three Kadie Zone ho…",2026-03-31T11:32:02Z,Financial Post
TomaGold Starts Drilling at Berrigan Mine,"1,500-metre Phase 2 drilling program aimed at testing the newly-discovered Berrigan Deep Zone MONTRÉAL — TOMAGOLD CORPORATION (TSXV: LOT; OTCPK: TOGOF) (“TomaGold” or the “Company”) is pleased to announce that drilling has started at its Berrigan Mine project…",2026-03-31T11:31:18Z,Financial Post
Pragmata ya es gold: Capcom confirma que su esperada aventura de ciencia ficción está lista para llegar en abril,"<!--cache-->El nuevo juego de Capcom ha superado una de las últimas grandes fases antes del lanzamiento y mantiene su esperado estreno para el 17 de abril en PS5, Xbox Series, Switch 2 y PC.<!--aa--->Capcom ya puede dar prácticamente por cerrado el desarrollo…",2026-03-31T11:31:00Z,Elespanol.com
Jarren Duran needs to be Captain Chaos for the Red Sox,Stop thinking and play ball.,2026-03-31T11:28:32Z,Over The Monster
"Piramal Finance AUM crosses ₹1 lakh crore, eyes microfinance acquisition","Piramal Finance plans to diversify beyond home loans into microfinance and gold loans, aiming to reach Rs 1.5 lakh crore AUM by March 2028, while maintaining a cautious approach amid global uncertainties",2026-03-31T11:27:56Z,BusinessLine
Middle East Conflict Erases Arab Region's Annual Economic Growth – UN,"The conflict in the Middle East has nullified the annual economic growth of the Arab region, with losses potentially reaching nearly $200 billion, according to a report by the United Nations Development Programme (UNDP).",2026-03-31T11:23:26Z,Sputnikglobe.com
Crypto Trading Platform BYDFi Marks Sixth Anniversary with Month-Long Celebration,"Beginning on April 1, 2026, the cryptocurrency trading platform BYDFi will commemorate its sixth anniversary with a month-long event highlighting its development into an all-in-one platform based on a CEX + DEX dual-engine concept. BYDFi has developed a platf…",2026-03-31T11:19:13Z,ZyCrypto
"Realme 16 5G, Vivo V70 FE, OnePlus Nord 6, OPPO Find X9 Ultra & more smartphones launching in April; Check launch date, price and features here","April 2026 is set to be a busy month for smartphone launches in India with devices from Realme, Vivo, Redmi, OnePlus and OPPO. Key models include Realme 16 5G and Vivo V70 FE on April 2, OnePlus Nord 6 on April 7, and the premium OPPO Find X9 Ultra on April 2…",2026-03-31T11:17:24Z,The Times of India
Did The Sullivan Generator Survive After Shark Tank? Here's What Happened After Season 3,"Of all the ideas presented to ""Shark Tank's"" judges, the Sullivan Generator is one of the most outwardly outlandish, but what happened to it and its creator?",2026-03-31T11:17:00Z,BGR
"Indonesian forest loss surges by 66% in 2025, driven by Prabowo's self-sufficiency drive: Report","A total of 433,751 hectares of forest was cleared last year, a dramatic jump from 261,575 hectares in 2024, a study by a think tank found.",2026-03-31T11:16:00Z,CNA
"Quantum risk resurfaces at the worst time for bitcoin, but 1 token is loving it","Your day-ahead look for March 31, 2026",2026-03-31T11:15:00Z,CoinDesk
Funnel’s Forum 2026 brings 150+ of multifamily’s top leaders to Scottsdale to build the world’s best renter experience,Funnel’s Forum 2026 brings 150+ of multifamily’s top leaders to Scottsdale to build the world’s best renter experience...,2026-03-31T11:15:00Z,GlobeNewswire
"Florida Panthers announce hiring of former Amazon, Disney exec Michael White as business president",The Florida Panthers have named tech and guest-experience executive Michael White as their new president of business operations,2026-03-31T11:14:45Z,Abcnews.com
Aya Gold & Silver Reports Record Results for Q4-2025 and Full Year 2025,"Record Revenue, Net Income and Cash Flow from Operations MONTREAL, March 31, 2026 (GLOBE NEWSWIRE) — Aya Gold & Silver Inc. (TSX: AYA; OTCQX: AYASF) (“Aya” or the “Corporation”) today announced its financial and operational results for the fourth quarter and …",2026-03-31T11:03:49Z,Financial Post
Bitget lists edgeX (EDGE) for Spot Trading,"Bitget adds edgeX (EDGE) in Innovation Zone. EDGE/USDT spot trading opens Mar 31, 2026 12:30 UTC; withdrawals Apr 1....",2026-03-31T11:03:00Z,GlobeNewswire
Fort Collins basketball star named Blue FCU's top winter girls athlete,Fort Collins basketball's Annika VanDalen was named the Fort Collins area's top winter girls athlete after leading a Lambkins' turnaround season.,2026-03-31T11:02:26Z,Coloradoan
"The new Lava Bold N2 Pro debuts with an old 4G chipset, 6.67"" 120Hz display","A month ago, Lava introduced the Bold N2, a fairly basic 4G phone. Now the company is launching the Lava Bold N2 Pro – confusingly, the Pro phone is smaller and cheaper than its vanilla sibling. Huh?

The N2 Pro is powered by the Unisoc T7250, a staple of che…",2026-03-31T11:01:02Z,GSMArena.com
Northisle Announces Infill Drill Results at Northwest Expo Extend Strike and Add New High-Grade Intervals,"High-grade interval in NW25-57 of 117.0 metres at 1.50 g/t Au Eq., including 52.5 metres at 1.91 g/t Au Eq. Highlights: Selected gold-equivalent assay intercepts include: NW25-57: 117.0 metres at 1.50 g/t Au Eq. from 231.0 metres, including 52.5 metres at 1.9…",2026-03-31T11:00:49Z,Financial Post
Aya Gold & Silver Reports Record Results for Q4-2025 and Full Year 2025,"Record Revenue, Net Income and Cash Flow from Operations Record Revenue, Net Income and Cash Flow from Operations",2026-03-31T11:00:00Z,GlobeNewswire
Science Has Two Exciting New Ideas for Your Hairline,"Discover the latest men’s hair loss treatments, from finasteride and minoxidil to emerging therapies. Learn what works, side effects, and how to regrow thinning hair effectively.",2026-03-31T11:00:00Z,menshealth.com
UNCF “A Mind Is…” New York Gala Raises Record $1.3M for HBCUs and Student Success,"Honoring visionary leaders and delivering transformative impact, funds will help continue UNCF's legacy of bridging the gap between potential and opportunity Honoring visionary leaders and delivering transformative impact, funds will help continue UNCF's lega…",2026-03-31T11:00:00Z,GlobeNewswire
Bitcoin Everlight Reports Continued Phase 3 Presale Activity Amid Shifting Global Market Conditions,"Bitcoin Everlight advances Phase 3 presale against a backdrop of US-Iran tensions as early participants continue entering the network  SAN FRANCISCO,...",2026-03-31T11:00:00Z,GlobeNewswire
"They Were Told Wrestling Was Only for Boys. Now, This NYC Club Is Proving Girls Can Fight for Their Futures.","In the Bronx and Harlem, shy girls and a two-time Olympian join forces to build a wrestling club that’s quietly changing futures and creating possibilities.",2026-03-31T11:00:00Z,Women's Health
Oil Shock Tests Bank of Thailand’s Wait-and-See Policy Stance,"Thailand’s central bank signaled a wait-and-see monetary policy approach, saying interest-rate cuts are unlikely to be effective against a Middle East-driven oil shock while leaving the door open to tightening if inflation pressures persist.",2026-03-31T10:54:22Z,Financial Post
"Ausblick: Edelmetallverband: Gold zieht wieder an, Silber gefragt","Rechenzentren, Photovoltaik, Katalysatoren oder der „sichere Hafen“ für Anleger: Gold, Silber und Platin sind begehrt. Trotzdem spürt die Branche auch negative Folgen des Weltgeschehens.",2026-03-31T10:47:21Z,Der Tagesspiegel
"Ausblick: Edelmetallverband: Gold zieht wieder an, Silber gefragt","Hier finden Sie Informationen zu dem Thema „Ausblick“. Lesen Sie jetzt „Edelmetallverband: Gold zieht wieder an, Silber gefragt“.",2026-03-31T10:46:02Z,Die Zeit
"Ausblick: Edelmetallverband: Gold zieht wieder an, Silber gefragt","Rechenzentren, Photovoltaik, Katalysatoren oder der ""sichere Hafen"" für Anleger: Gold, Silber und Platin sind begehrt. Trotzdem spürt die Branche auch negative Folgen des Weltgeschehens.",2026-03-31T10:46:02Z,STERN.de
Plus - Test: Avowed - Patch 2.0 im Nachtest: Mein umstrittener Rollenspiel-Geheimtipp ist ein Jahr nach Release um einiges besser geworden,"Neue Völker, New Game Plus und viele Bugfixes im Anniversary Update 2.0 machen Avowed in Peters Augen endgültig zum Pflichtbesuch für Rollenspieler mit Spaß am Erkunden.",2026-03-31T10:41:00Z,GameStar
"BYDFi Marks 6th Anniversary with Month-Long Celebration, Built for Reliability","Victoria, Seychelles, 31st March 2026, Chainwire
The post BYDFi Marks 6th Anniversary with Month-Long Celebration, Built for Reliability appeared first on The Daily Hodl.",2026-03-31T10:40:56Z,The Daily Hodl
"BYDFi Marks Sixth Anniversary With Month-Long Celebration, Built for Reliability","Global crypto trading platform BYDFi will mark its sixth anniversary with a month-long celebration beginning on April 1, 2026, highlighting BYDFi’s evolution into an all-in-one crypto trading platform built on a CEX + DEX dual-engine model.",2026-03-31T10:40:56Z,The Daily Hodl
"₹7,999 में Lava Bold N2 Pro भारत में लॉन्च, मिलेगा 50MP कैमरा और 5,000mAh बैटरी",Lava Bold N2 Pro: Lava Bold N2 Pro को भारत में मंगलवार को लॉन्च किया गया। कंपनी का यह एंट्री-लेवल स्मार्टफोन 50MP के रियर कैमरे और 8MP के सेल्फी कैमरे से लैस है। यह 4G कनेक्टिविटी को सपोर्ट करता है और Android 15 पर चलता है। यह हैंडसेट दो कलर ऑप्शन में उपलब्ध …,2026-03-31T10:39:30Z,Moneycontrol
(VIDEO) Socceroos vs Curacao LIVE: Where to Watch Australia's Final Home Friendly Before 2026 World Cup,"MELBOURNE — The CommBank Socceroos face Curaçao tonight at AAMI Park in what will be Australia's last international match on home soil before the 2026 FIFA World Cup, with fans able to watch the FIFA Series 2026 clash live and free on Network 10 or via Paramo…",2026-03-31T10:34:50Z,Ibtimes.com.au
Botnet russe : prison ferme aux États-Unis,"Condamnation d'un opérateur russe de botnet lié au ransomware, au cœur de la chaîne d’accès cybercriminelle.",2026-03-31T10:33:05Z,Zataz.com
LibreOffice vs ONLYOFFICE - Which One Is Right For You?,"Both are solid open source office suites but which one should you choose? This in-depth article compares LibreOffice and ONLYOFFICE across features, usability, and real-world experience.",2026-03-31T10:32:41Z,Itsfoss.com
Fastned bietet Osteraktion für kostenlose Schnellladung,Das Unternehmen Fastned bietet über Ostern an fünf Schnellladestationen in Deutschland kostenfreies Laden an. Doch es gibt einen kleinen Haken. Vom 04. bis 06. April können Nutzer an ausgewählten Standorten …,2026-03-31T10:30:50Z,mobiFlip.de
Lamar Odom in 2026: 10 Essential Things to Know About the Former NBA Star's Tumultuous Journey and Struggles,"LOS ANGELES — As Netflix prepares to release ""Untold: The Death and Life of Lamar Odom"" on March 31, 2026, the former NBA champion remains a compelling figure whose life has blended basketball glory, reality television fame, devastating personal losses and a …",2026-03-31T10:29:49Z,Ibtimes.com.au
"European stocks gain on hopes for Iran de-escalation, oil set for record monthly rise","PARIS, March 31 : European shares eked out small gains in morning trading on Tuesday but were still on track for their worst month since 2022, while oil prices were set for a record monthly rise, as traders came to the end of a tumultuous March dominated by t…",2026-03-31T10:29:31Z,CNA
Global equities rise; oil on track for record monthly gain,"NEW YORK/PARIS, March 31 : Global shares rose on Tuesday and Brent crude oil prices were poised for a record monthly increase, as traders came to the end of a tumultuous March dominated by the Iran war.Iran attacked a fully-loaded oil tanker off Dubai early o…",2026-03-31T10:29:31Z,CNA
"HarmonyOS 6 для устройств Huawei предлагает новый интерфейс, эффекты камеры, сценарии использования","Huawei опубликовала подробные списки устройств, которые могут получить доступ к новым функциям HarmonyOS 6, включая смартфоны, планшеты, умные часы и складные устройства. Huawei присвоила этому обновлению номер версии HarmonyOS 6.0.0.328 , чтобы обозначить вн…",2026-03-31T10:27:00Z,Ixbt.com
Kristaps Porzingis finds his stride with Warriors in March,Porzingis once belonged to someone else’s lottery. Now he might define the Warriors’ last dynastic gamble.,2026-03-31T10:24:30Z,Golden State of Mind
"Iran war exerts cost-push pressure on inflation, says Turkish Central Bank governor","The governor of the Turkish Central Bank said ongoing tensions in the Middle East have driven a sharp rise in energy prices, adding cost-push pressure on inflation and indirectly affecting prices across sectors.",2026-03-31T10:18:19Z,Hurriyet Daily News
"Ken Griffin, the CEO who won’t bend the knee to Trump",Everything you need to know before you reach the office this morning.,2026-03-31T10:17:08Z,Fortune
"Leaching Operations Commence at Calcatreu Project, Marking Transition to Operational Phase","VANCOUVER, British Columbia, March 31, 2026 (GLOBE NEWSWIRE) — Patagonia Gold Corp. (“Patagonia” or the “Company”) (TSXV: PGDC) is pleased to announce the successful commencement of leaching operations at its flagship Calcatreu Project (“Calcatreu” or the “Pr…",2026-03-31T10:16:21Z,Financial Post
GASF names 15 finalists for 2025-26 Central Texas athletes of the year award,The Greater Austin Sports Foundation has named 12 high school student-athletes from Central Texas as boys and girls athletes of the year finalists.,2026-03-31T10:15:00Z,Austin American-Statesman
"Last day to score up to $300 off Apple Watch, $130 off Series 11 Cell models, more","We have now entered the final day of Amazon’s Big Spring Sale and some of the Apple Watch deals are already starting to jump back up in price. Alongside the Series 11 offers from $299 or this Cell model at $130 off, one of the most notable price drops you can…",2026-03-31T10:11:22Z,9to5Toys
"Leaching Operations Commence at Calcatreu Project, Marking Transition to Operational Phase","LEACHING OPERATIONS COMMENCE AT CALCATREU PROJECT, MARKING TRANSITION TO OPERATIONAL PHASE...",2026-03-31T10:11:00Z,GlobeNewswire
Jumio Liveness Premium Wins Gold in 2026 Cybersecurity Excellence Awards,"Jumio is recognized for its advanced biometric liveness detection technology for defending against deepfakes and AI-powered fraud SUNNYVALE, Calif. — Jumio, leading provider of AI-powered identity intelligence, today announced that Jumio Liveness Premium has …",2026-03-31T10:09:57Z,Financial Post
Bvlgari Hotel Roma: grandeur and high design in the Eternal City,A stylish rooftop bar and subterranean spa take this luxury hotel to another level,2026-03-31T10:07:33Z,The Week Magazine
Caster Semenya pledges to fight against Olympic gender-testing policy,"'We're going to be vocal about it, we're going to make noise until we're heard,' South Africa's gold medallist says.",2026-03-31T10:06:55Z,Al Jazeera English
Analysts Remain Bullish on Vox Royalty (VOXR) Following Company’s Inclusion in the VanEck Junior Gold Miners ETF,,2026-03-31T10:06:13Z,Yahoo Entertainment
Analysts Sentiment on TRX Gold (TRX) Remains Robust Following Strong Q2 2026 Results,,2026-03-31T10:06:11Z,Yahoo Entertainment
Analysts Bullish on Gold Royalty (GROY) Following Record Fiscal Annual Revenue And Operating Cash Flows For 2025,,2026-03-31T10:06:09Z,Yahoo Entertainment
Taiwan Olympic boxing champ involved in gender debate wins first bout at Asian titles,Lin Yu-ting comfortably won her first international bout since the 2024 Paris Olympics at the Asian championships on Tuesday after World Boxing said she passed a gene test. Taiwan's first Olympic boxing champion beat Thananya Somnuek of Thailand 5-0 in the ro…,2026-03-31T10:06:07Z,Yahoo Entertainment
Analysts See Over 100% Upside for New Found (NFGC) Amid Accelerated Progress At Queensway Gold Project,,2026-03-31T10:06:07Z,Yahoo Entertainment
Analysts Bullish on Galiano Gold (GAU) Amid Strong Share Price Momentum,,2026-03-31T10:06:06Z,Yahoo Entertainment
Analysts Bullish on Dakota Gold (DC) Amid Accelerated Progress at Richmond Hill,"Dakota Gold Corp. (NYSE:DC) earns a place on our list of the 8 best gold penny stocks to buy according to analysts. As of March 28, 2026, 100% of covering...",2026-03-31T10:06:04Z,Yahoo Entertainment
"Canneseries 2026 Dials up the U.S. With HBO Opening Series ‘Half Man,’ Scott Free’s Latest ‘Terror’ Season and Apple TV+’s ‘Star City’","The Hollywood studios may be sitting out the Cannes Film Festival but a more than respectable cohort of major U.S. players will hit Canneseries, Cannes TV festival, a month earlier.  They are led by HBO with Richard Gadd’s highly anticipated “Half Man” which …",2026-03-31T10:03:25Z,Variety
"Records в C#: Классы, которые пишут код за вас","Давайте представим, что вам нужно создать класс для хранения данных пользователя. Сколько строк кода вы напишете? Конструктор, свойства, метод ToString(), сравнение объектов... А если добавится новое поле? Придется обновлять конструктор, метод Equals, GetHash…",2026-03-31T10:03:07Z,Habr.com
"22k gold rate today: Check 22K, 24K gold prices (March 31, 2026) on Tanishq, Malabar Gold & Diamonds, Kalyan Jewellers, Joyalukkas and IBJA","Gold rate prediction: Gold prices experienced a slight increase on March 31, 2026, with 22K gold rates rising across major jewelry brands like Tanishq, Kalyan Jewellers, Malabar Gold & Diamonds, and Joyalukkas.",2026-03-31T10:01:49Z,The Times of India
"Der Countdown läuft - Meldet sich keiner, kriegt ein Dorf das ganze Gold","Jetzt läuft die Zeit für den bisherigen Eigentümer ab. Meldet er sich nicht rechtzeitig, hat ein Bürgermeister große Pläne mit dem Schatz.",2026-03-31T10:01:25Z,Bild
From Prosthetics To Houses: 26 Brilliant Things Made With A 3D Printer,"3D printing has been around for much longer than you might think; almost 40 years in fact. But it's only recently that the potential of this technology has begun to be realized, advances in sensors, 3D printing software and materials mean that the most incred…",2026-03-31T10:01:03Z,Boredpanda.com
Today in Boston Celtics history: Boston's first playoff win; Barksdale born; '59 draft,"Today in Boston Celtics history, Don Barksdale was born in Oakland, California, in 1923.",2026-03-31T10:00:06Z,USA Today
How To Destroy Wealth,This November California voters might show the country how to wreck an economy in the name of fairness.,2026-03-31T10:00:00Z,Forbes
Trump sees 'America First' opportunity in Nasa mission to Moon,"A competitive edge with China and a possible lunar gold rush are twin goals behind Artemis II, experts tell the BBC.",2026-03-31T09:56:05Z,BBC News
"One Year Later, Trump’s Dirty 15 Trade Partners Are $85 Billion Dirtier","Despite a variety of efforts, including IEEPA tariffs, which the Supreme Court ruled unconstitutional last month, the U.S. trade deficit continued to increase.",2026-03-31T09:56:00Z,Forbes
Deion Sanders' wild reaction to Shedeur's jersey number change: Now let the church shout Amen!,"Shedeur Sanders, who navigated his rookie NFL season wearing number 12, has officially switched back to the number 2, the same digit that defined his record-breaking tenures at Jac",2026-03-31T09:53:24Z,Marca
"Money rule changes from 1 April: From 2FA for digital payments to revised ATM charges, top 5 updates you should know","Starting 1 April 2026, significant financial rule changes will affect taxpayers, bank customers, and digital payment users in India, including the new Income Tax Act and the two-factor authentication for digital transactions. Details here.&nbsp;",2026-03-31T09:49:06Z,Livemint
28 Kitchen Pendant Lighting Ideas for 2026 Where Light Drops Exactly Where Attention Should Go,"Looking to brighten up your kitchen with a stylish focal point? These 28 kitchen pendant lighting ideas are sleek, eye-catching, and beautifully functional perfect for adding warmth, enhancing ambiance, and elevating your space with the right glow. 28 Kitchen…",2026-03-31T09:45:00Z,Thecoolist.com
Stimmung in den USA: So zufrieden sind die Amerikaner mit Donald Trump,"Macht US-Präsident Donald Trump aus Sicht der Amerikaner einen guten Job? Regelmäßige Umfragen zeigen, wie viel Zustimmung und Ablehnung er daheim erfährt.",2026-03-31T09:44:00Z,STERN.de
Parity? Nope! Overpowering wins by Texas and South Carolina set up an all-No. 1 seed Final Four,"Texas and South Carolina triumphed in the Elite Eight, setting up a Final Four featuring all No. 1 seeds.",2026-03-31T09:35:00Z,Swish Appeal
Art Nouveau Interior Design: History and Key Styles,"Some design styles fade with the decade that made them. Art Nouveau interior design has outlasted them all, and it is not hard to see why. Today, as American homeowners push back against cold, uniform interiors, Art Nouveau house design is once again drawing …",2026-03-31T09:33:43Z,Ahouseinthehills.com
"Since his accident, Tiger Woods has been inundated with offers of free rides: no one wants him to drive again","Tiger Woods finds himself at a critical crossroads following his arrest on suspicion of driving under the influence on Friday afternoon.

The 15-time major champion was involved in",2026-03-31T09:33:31Z,Marca
Hier bekommen Elektroauto-Fahrer kostenlosen Strom an Ostern,"Zu den Osterferien startet Fastned eine zeitlich begrenzte Aktion für Reisende mit Elektroauto. Vom 4. bis 6. April 2026 haben Fahrer an ausgewählten Stationen in Deutschland die Chance, ihre Elektroautos kostenlos zu laden.",2026-03-31T09:33:00Z,Focus
Turkey Restarts FX Swaps to Counter War Impact on Reserves,"Turkey restarted foreign-currency swap transactions with local banks for the first time in a year, after a drawdown in reserves fueled by a broad selloff across emerging markets amid the war in the Middle East.",2026-03-31T09:32:25Z,Financial Post
West Red Lake Gold Adding Confidence to Rowan Mine Resource and Extending Vein Zones,"VANCOUVER, British Columbia, March 31, 2026 (GLOBE NEWSWIRE) — West Red Lake Gold Mines Ltd. (“West Red Lake Gold” or “WRLG” or the “Company”) (TSXV: WRLG) (OTCQB: WRLGF) is pleased to announce drill results from its fully funded infill and conversion drillin…",2026-03-31T09:30:28Z,Financial Post
The unfathomable reason MAGA remains infatuated with Trump — despite his contempt,"Hypocrisy, thy name is Donald J. Trump.And yet the MAGA cult refuses to see it.Trump is Biff from Back to the Future, always giving noogies to MAGA’s George McFly. Only they enjoy it and ask for more.He is the embodiment of “Rules for thee, but not for me,” b…",2026-03-31T09:30:02Z,Raw Story
Private Equity’s Great Escape,"The industry bought companies for too much money and made a bunch of bad loans. Now they’re scrambling to avoid the reckoning.
The post Private Equity’s Great Escape appeared first on The American Prospect.",2026-03-31T09:30:00Z,The American Prospect
West Red Lake Gold Adding Confidence to Rowan Mine Resource and Extending Vein Zones,Incorporating Veins 006b and 013 into the production profile has the potential to materially increase the daily mined tonnage from Rowan...,2026-03-31T09:30:00Z,GlobeNewswire
Jennifer Garner's Little Black Dress Is a Cute Wedding Style,"As wedding season enters the chat, Jennifer Garner reminded us to always have a little black dress ready to go. We found an affordable twin!",2026-03-31T09:23:55Z,Us Weekly
Zo gebruik je het privacy display van Samsung Galaxy S26 Ultra,"Samsung heeft dit jaar een technologie onthuld die we nog nergens anders hebben gezien: het gaat om het privacyscherm, dat Samsung zelf privacy display noemt. Hiermee kunnen mensen die naast… Lees verder op Androidworld.nl",2026-03-31T09:23:00Z,Androidworld.nl
Pink slip equivalent to Powerball win for some LSU coaches,A pink slip leads to a lot of of green for several former LSU coaches.,2026-03-31T09:12:51Z,Postsouth.com
"Why is gold price heading for biggest monthly drop in over 17 years, and will gold, silver and other precious metals continue to witness wild price movements? Analysts insights, market outlook and what should investors do now","Why is gold price heading for biggest monthly drop in over 17 years, and will gold, silver and other precious metals continue to witness wild price movements? Gold is set for a major monthly fall as investors move to the dollar. Oil, inflation fears, and rate…",2026-03-31T09:10:23Z,The Times of India
"I started raising my grandson just a few months into my retirement. My wife and I want to give him a good life, but it's financially draining.","Martin Odum, 71, and his wife have raised their grandson Noah with spina bifida in central Illinois for five years, which has hurt their finances.",2026-03-31T09:05:01Z,Business Insider
$50 billion Tiger Global just turned 25 years old. Here are some of the famous people who have given the firm advice over the years.,"The hedge fund has gotten advice for ballerina Misty Copeland, Olympian Michael Phelps, restauranteur Danny Meyer, and more over the years.",2026-03-31T09:05:01Z,Business Insider
"F2Pool co-founder says Thailand condo bought for 2,900 Bitcoin sold for 7","F2Pool co-founder Wang Chun sold a Pattaya condo for 7 BTC, a fraction of the 2,900 BTC he paid in 2015, highlighting Bitcoin’s huge outperformance over gold and stocks.",2026-03-31T09:04:21Z,Cointelegraph
定期的に暴落が起こるマーケットの中、お金を増やすためにすべき投資行動,暴落が頻繁に起こっても、「株」の実質トータルリターンは年約7％で推移 株式投資の名著として知られるジェレミー・シーゲル著『株式投資 第6版』には、1802年から2021年までの200年以上にわたって1ドルを株・長期国債・短期国債・金・米ドルの5つの資産に投資した場合の年次の実質トータルリターン指数の推移が示されています[…],2026-03-31T09:02:00Z,Zuuonline.com
Hä? Magazine–The Complete Collection,"The health magazine without taboos was developed for a young readership aged 16 and up....
Der Beitrag Hä? Magazine–The Complete Collection erschien zuerst auf slanted.",2026-03-31T09:00:21Z,Slanted.de
I Want to End This Love Game Anime's Promo Video Previews Opening Theme Song,CHiCo with HoneyWorks perform theme song for April 14 anime,2026-03-31T09:00:00Z,Anime News Network
"4月30日（木）17時よりオンライン開催！「富裕層1,000万枚の領収書を見た税理士」が解説　海外移住・投資前に知るべき国際税務の基本","[株式会社幻冬舎ゴールドオンライン]
株式会社幻冬舎ゴールドオンライン（本社：東京都渋谷区千駄ヶ谷二丁目30番１号 ベネッセビル２階、代表取締役：山下征孝）は株式会社ユナイテッド・パートナーズ会計事務所 パートナー・税理士 森田 貴子 氏によ...",2026-03-31T09:00:00Z,Prtimes.jp
Sabarimala row takes centre stage in Kerala,"The Sabarimala issue has resurfaced as a political flashpoint in Kerala’s Assembly elections, especially after the Kerala High Court closed its investigation into the reconstruction of the shrine’s golden flag mast",2026-03-31T08:55:44Z,BusinessLine
"Sammaan Capital becomes IHC Group company, receives Rs 5,652 cr in first tranche of stake sale","Sammaan Capital has officially become an International Holding Company group firm after receiving Rs 5,652 crore in the first tranche of a major stake sale. Through affiliate Avenir Investment RSC, IHC will acquire 41.5% now and complete the remaining investm…",2026-03-31T08:53:59Z,The Times of India
6 easy high protein breakfasts for busy mornings,"Overnight oats are the ultimate  grab-and-go  solution, requiring zero preparation time during the actual morning rush. By mixing rolled oats with a thick, protein-dense Greek yogurt and a scoop of your favorite protein powder, you create a creamy, pudding-li…",2026-03-31T11:45:07Z,Economictimes.com
"‘Get Out’ While Bitcoin is Still Above $65k, Says Peter Schiff as Maximalist Dumps $20 Million in BTC",Gold Proponent Peter Schiff has stated that it is hard to believe Bitcoin is still above $65k and holders should cash out while they can.,2026-03-31T11:40:04Z,ZyCrypto
Are Dems now so corrupt they’d bar Bruce Blakeman from getting campaign funding?,New York state’s Public Campaign Finance Board is preparing to deny $7 million to Republican gubernatorial candidate Bruce Blakeman because he didn’t include his running mate’s name on a form . . . that doesn’t exist yet. This November is the first statewide …,2026-03-31T11:39:09Z,New York Post
Abhay Singh and Anahat Singh Receive Top Asian Squash Federation Awards,"Abhay Singh and Anahat Singh have been recognised as the Asian Squash Federation's outstanding players of the year, while the Indian boys team received the men's team award.",2026-03-31T11:38:18Z,Rediff.com
New twist in the Brandon Aiyuk case: 49ers owner Jed York hasn't ruled out his return,"The San Francisco 49ers&apos; ownership has injected a surprising dose of uncertainty into what many believed was a foregone conclusion regarding Brandon Aiyuk&apos;s future.

Spea",2026-03-31T11:35:07Z,Marca
"Kobo Resources Intersects Strong Gold Results Across All Three Zones at Kossou, Including 7.0 m at 5.06 g/t Au at the Road Cut Zone","High-grade gold results returned from the Road Cut Zone with 7.0 m at 5.06 g/t Au incl. 1.0 m at 20.00 g/t Au, with encouraging gold mineralisation intersected along the Contact Zone Fault area Strong gold mineralisation intersected in all three Kadie Zone ho…",2026-03-31T11:32:02Z,Financial Post
TomaGold Starts Drilling at Berrigan Mine,"1,500-metre Phase 2 drilling program aimed at testing the newly-discovered Berrigan Deep Zone MONTRÉAL — TOMAGOLD CORPORATION (TSXV: LOT; OTCPK: TOGOF) (“TomaGold” or the “Company”) is pleased to announce that drilling has started at its Berrigan Mine project…",2026-03-31T11:31:18Z,Financial Post
Pragmata ya es gold: Capcom confirma que su esperada aventura de ciencia ficción está lista para llegar en abril,"<!--cache-->El nuevo juego de Capcom ha superado una de las últimas grandes fases antes del lanzamiento y mantiene su esperado estreno para el 17 de abril en PS5, Xbox Series, Switch 2 y PC.<!--aa--->Capcom ya puede dar prácticamente por cerrado el desarrollo…",2026-03-31T11:31:00Z,Elespanol.com
Jarren Duran needs to be Captain Chaos for the Red Sox,Stop thinking and play ball.,2026-03-31T11:28:32Z,Over The Monster
"Piramal Finance AUM crosses ₹1 lakh crore, eyes microfinance acquisition","Piramal Finance plans to diversify beyond home loans into microfinance and gold loans, aiming to reach Rs 1.5 lakh crore AUM by March 2028, while maintaining a cautious approach amid global uncertainties",2026-03-31T11:27:56Z,BusinessLine
Middle East Conflict Erases Arab Region's Annual Economic Growth – UN,"The conflict in the Middle East has nullified the annual economic growth of the Arab region, with losses potentially reaching nearly $200 billion, according to a report by the United Nations Development Programme (UNDP).",2026-03-31T11:23:26Z,Sputnikglobe.com
Crypto Trading Platform BYDFi Marks Sixth Anniversary with Month-Long Celebration,"Beginning on April 1, 2026, the cryptocurrency trading platform BYDFi will commemorate its sixth anniversary with a month-long event highlighting its development into an all-in-one platform based on a CEX + DEX dual-engine concept. BYDFi has developed a platf…",2026-03-31T11:19:13Z,ZyCrypto
"Realme 16 5G, Vivo V70 FE, OnePlus Nord 6, OPPO Find X9 Ultra & more smartphones launching in April; Check launch date, price and features here","April 2026 is set to be a busy month for smartphone launches in India with devices from Realme, Vivo, Redmi, OnePlus and OPPO. Key models include Realme 16 5G and Vivo V70 FE on April 2, OnePlus Nord 6 on April 7, and the premium OPPO Find X9 Ultra on April 2…",2026-03-31T11:17:24Z,The Times of India
Did The Sullivan Generator Survive After Shark Tank? Here's What Happened After Season 3,"Of all the ideas presented to ""Shark Tank's"" judges, the Sullivan Generator is one of the most outwardly outlandish, but what happened to it and its creator?",2026-03-31T11:17:00Z,BGR
"Indonesian forest loss surges by 66% in 2025, driven by Prabowo's self-sufficiency drive: Report","A total of 433,751 hectares of forest was cleared last year, a dramatic jump from 261,575 hectares in 2024, a study by a think tank found.",2026-03-31T11:16:00Z,CNA
"Quantum risk resurfaces at the worst time for bitcoin, but 1 token is loving it","Your day-ahead look for March 31, 2026",2026-03-31T11:15:00Z,CoinDesk
Funnel’s Forum 2026 brings 150+ of multifamily’s top leaders to Scottsdale to build the world’s best renter experience,Funnel’s Forum 2026 brings 150+ of multifamily’s top leaders to Scottsdale to build the world’s best renter experience...,2026-03-31T11:15:00Z,GlobeNewswire
"Florida Panthers announce hiring of former Amazon, Disney exec Michael White as business president",The Florida Panthers have named tech and guest-experience executive Michael White as their new president of business operations,2026-03-31T11:14:45Z,Abcnews.com
Aya Gold & Silver Reports Record Results for Q4-2025 and Full Year 2025,"Record Revenue, Net Income and Cash Flow from Operations MONTREAL, March 31, 2026 (GLOBE NEWSWIRE) — Aya Gold & Silver Inc. (TSX: AYA; OTCQX: AYASF) (“Aya” or the “Corporation”) today announced its financial and operational results for the fourth quarter and …",2026-03-31T11:03:49Z,Financial Post
Bitget lists edgeX (EDGE) for Spot Trading,"Bitget adds edgeX (EDGE) in Innovation Zone. EDGE/USDT spot trading opens Mar 31, 2026 12:30 UTC; withdrawals Apr 1....",2026-03-31T11:03:00Z,GlobeNewswire
Fort Collins basketball star named Blue FCU's top winter girls athlete,Fort Collins basketball's Annika VanDalen was named the Fort Collins area's top winter girls athlete after leading a Lambkins' turnaround season.,2026-03-31T11:02:26Z,Coloradoan
"The new Lava Bold N2 Pro debuts with an old 4G chipset, 6.67"" 120Hz display","A month ago, Lava introduced the Bold N2, a fairly basic 4G phone. Now the company is launching the Lava Bold N2 Pro – confusingly, the Pro phone is smaller and cheaper than its vanilla sibling. Huh?

The N2 Pro is powered by the Unisoc T7250, a staple of che…",2026-03-31T11:01:02Z,GSMArena.com
Northisle Announces Infill Drill Results at Northwest Expo Extend Strike and Add New High-Grade Intervals,"High-grade interval in NW25-57 of 117.0 metres at 1.50 g/t Au Eq., including 52.5 metres at 1.91 g/t Au Eq. Highlights: Selected gold-equivalent assay intercepts include: NW25-57: 117.0 metres at 1.50 g/t Au Eq. from 231.0 metres, including 52.5 metres at 1.9…",2026-03-31T11:00:49Z,Financial Post
Aya Gold & Silver Reports Record Results for Q4-2025 and Full Year 2025,"Record Revenue, Net Income and Cash Flow from Operations Record Revenue, Net Income and Cash Flow from Operations",2026-03-31T11:00:00Z,GlobeNewswire
Science Has Two Exciting New Ideas for Your Hairline,"Discover the latest men’s hair loss treatments, from finasteride and minoxidil to emerging therapies. Learn what works, side effects, and how to regrow thinning hair effectively.",2026-03-31T11:00:00Z,menshealth.com
UNCF “A Mind Is…” New York Gala Raises Record $1.3M for HBCUs and Student Success,"Honoring visionary leaders and delivering transformative impact, funds will help continue UNCF's legacy of bridging the gap between potential and opportunity Honoring visionary leaders and delivering transformative impact, funds will help continue UNCF's lega…",2026-03-31T11:00:00Z,GlobeNewswire
Bitcoin Everlight Reports Continued Phase 3 Presale Activity Amid Shifting Global Market Conditions,"Bitcoin Everlight advances Phase 3 presale against a backdrop of US-Iran tensions as early participants continue entering the network  SAN FRANCISCO,...",2026-03-31T11:00:00Z,GlobeNewswire
"They Were Told Wrestling Was Only for Boys. Now, This NYC Club Is Proving Girls Can Fight for Their Futures.","In the Bronx and Harlem, shy girls and a two-time Olympian join forces to build a wrestling club that’s quietly changing futures and creating possibilities.",2026-03-31T11:00:00Z,Women's Health
Oil Shock Tests Bank of Thailand’s Wait-and-See Policy Stance,"Thailand’s central bank signaled a wait-and-see monetary policy approach, saying interest-rate cuts are unlikely to be effective against a Middle East-driven oil shock while leaving the door open to tightening if inflation pressures persist.",2026-03-31T10:54:22Z,Financial Post
"Ausblick: Edelmetallverband: Gold zieht wieder an, Silber gefragt","Rechenzentren, Photovoltaik, Katalysatoren oder der „sichere Hafen“ für Anleger: Gold, Silber und Platin sind begehrt. Trotzdem spürt die Branche auch negative Folgen des Weltgeschehens.",2026-03-31T10:47:21Z,Der Tagesspiegel
"Ausblick: Edelmetallverband: Gold zieht wieder an, Silber gefragt","Hier finden Sie Informationen zu dem Thema „Ausblick“. Lesen Sie jetzt „Edelmetallverband: Gold zieht wieder an, Silber gefragt“.",2026-03-31T10:46:02Z,Die Zeit
"Ausblick: Edelmetallverband: Gold zieht wieder an, Silber gefragt","Rechenzentren, Photovoltaik, Katalysatoren oder der ""sichere Hafen"" für Anleger: Gold, Silber und Platin sind begehrt. Trotzdem spürt die Branche auch negative Folgen des Weltgeschehens.",2026-03-31T10:46:02Z,STERN.de
Plus - Test: Avowed - Patch 2.0 im Nachtest: Mein umstrittener Rollenspiel-Geheimtipp ist ein Jahr nach Release um einiges besser geworden,"Neue Völker, New Game Plus und viele Bugfixes im Anniversary Update 2.0 machen Avowed in Peters Augen endgültig zum Pflichtbesuch für Rollenspieler mit Spaß am Erkunden.",2026-03-31T10:41:00Z,GameStar
"BYDFi Marks 6th Anniversary with Month-Long Celebration, Built for Reliability","Victoria, Seychelles, 31st March 2026, Chainwire
The post BYDFi Marks 6th Anniversary with Month-Long Celebration, Built for Reliability appeared first on The Daily Hodl.",2026-03-31T10:40:56Z,The Daily Hodl
"BYDFi Marks Sixth Anniversary With Month-Long Celebration, Built for Reliability","Global crypto trading platform BYDFi will mark its sixth anniversary with a month-long celebration beginning on April 1, 2026, highlighting BYDFi’s evolution into an all-in-one crypto trading platform built on a CEX + DEX dual-engine model.",2026-03-31T10:40:56Z,The Daily Hodl
"₹7,999 में Lava Bold N2 Pro भारत में लॉन्च, मिलेगा 50MP कैमरा और 5,000mAh बैटरी",Lava Bold N2 Pro: Lava Bold N2 Pro को भारत में मंगलवार को लॉन्च किया गया। कंपनी का यह एंट्री-लेवल स्मार्टफोन 50MP के रियर कैमरे और 8MP के सेल्फी कैमरे से लैस है। यह 4G कनेक्टिविटी को सपोर्ट करता है और Android 15 पर चलता है। यह हैंडसेट दो कलर ऑप्शन में उपलब्ध …,2026-03-31T10:39:30Z,Moneycontrol
(VIDEO) Socceroos vs Curacao LIVE: Where to Watch Australia's Final Home Friendly Before 2026 World Cup,"MELBOURNE — The CommBank Socceroos face Curaçao tonight at AAMI Park in what will be Australia's last international match on home soil before the 2026 FIFA World Cup, with fans able to watch the FIFA Series 2026 clash live and free on Network 10 or via Paramo…",2026-03-31T10:34:50Z,Ibtimes.com.au
Botnet russe : prison ferme aux États-Unis,"Condamnation d'un opérateur russe de botnet lié au ransomware, au cœur de la chaîne d’accès cybercriminelle.",2026-03-31T10:33:05Z,Zataz.com
LibreOffice vs ONLYOFFICE - Which One Is Right For You?,"Both are solid open source office suites but which one should you choose? This in-depth article compares LibreOffice and ONLYOFFICE across features, usability, and real-world experience.",2026-03-31T10:32:41Z,Itsfoss.com
Fastned bietet Osteraktion für kostenlose Schnellladung,Das Unternehmen Fastned bietet über Ostern an fünf Schnellladestationen in Deutschland kostenfreies Laden an. Doch es gibt einen kleinen Haken. Vom 04. bis 06. April können Nutzer an ausgewählten Standorten …,2026-03-31T10:30:50Z,mobiFlip.de
Lamar Odom in 2026: 10 Essential Things to Know About the Former NBA Star's Tumultuous Journey and Struggles,"LOS ANGELES — As Netflix prepares to release ""Untold: The Death and Life of Lamar Odom"" on March 31, 2026, the former NBA champion remains a compelling figure whose life has blended basketball glory, reality television fame, devastating personal losses and a …",2026-03-31T10:29:49Z,Ibtimes.com.au
"European stocks gain on hopes for Iran de-escalation, oil set for record monthly rise","PARIS, March 31 : European shares eked out small gains in morning trading on Tuesday but were still on track for their worst month since 2022, while oil prices were set for a record monthly rise, as traders came to the end of a tumultuous March dominated by t…",2026-03-31T10:29:31Z,CNA
Global equities rise; oil on track for record monthly gain,"NEW YORK/PARIS, March 31 : Global shares rose on Tuesday and Brent crude oil prices were poised for a record monthly increase, as traders came to the end of a tumultuous March dominated by the Iran war.Iran attacked a fully-loaded oil tanker off Dubai early o…",2026-03-31T10:29:31Z,CNA
"HarmonyOS 6 для устройств Huawei предлагает новый интерфейс, эффекты камеры, сценарии использования","Huawei опубликовала подробные списки устройств, которые могут получить доступ к новым функциям HarmonyOS 6, включая смартфоны, планшеты, умные часы и складные устройства. Huawei присвоила этому обновлению номер версии HarmonyOS 6.0.0.328 , чтобы обозначить вн…",2026-03-31T10:27:00Z,Ixbt.com
Kristaps Porzingis finds his stride with Warriors in March,Porzingis once belonged to someone else’s lottery. Now he might define the Warriors’ last dynastic gamble.,2026-03-31T10:24:30Z,Golden State of Mind
"Iran war exerts cost-push pressure on inflation, says Turkish Central Bank governor","The governor of the Turkish Central Bank said ongoing tensions in the Middle East have driven a sharp rise in energy prices, adding cost-push pressure on inflation and indirectly affecting prices across sectors.",2026-03-31T10:18:19Z,Hurriyet Daily News
"Ken Griffin, the CEO who won’t bend the knee to Trump",Everything you need to know before you reach the office this morning.,2026-03-31T10:17:08Z,Fortune
"Leaching Operations Commence at Calcatreu Project, Marking Transition to Operational Phase","VANCOUVER, British Columbia, March 31, 2026 (GLOBE NEWSWIRE) — Patagonia Gold Corp. (“Patagonia” or the “Company”) (TSXV: PGDC) is pleased to announce the successful commencement of leaching operations at its flagship Calcatreu Project (“Calcatreu” or the “Pr…",2026-03-31T10:16:21Z,Financial Post
GASF names 15 finalists for 2025-26 Central Texas athletes of the year award,The Greater Austin Sports Foundation has named 12 high school student-athletes from Central Texas as boys and girls athletes of the year finalists.,2026-03-31T10:15:00Z,Austin American-Statesman
"Last day to score up to $300 off Apple Watch, $130 off Series 11 Cell models, more","We have now entered the final day of Amazon’s Big Spring Sale and some of the Apple Watch deals are already starting to jump back up in price. Alongside the Series 11 offers from $299 or this Cell model at $130 off, one of the most notable price drops you can…",2026-03-31T10:11:22Z,9to5Toys
"Leaching Operations Commence at Calcatreu Project, Marking Transition to Operational Phase","LEACHING OPERATIONS COMMENCE AT CALCATREU PROJECT, MARKING TRANSITION TO OPERATIONAL PHASE...",2026-03-31T10:11:00Z,GlobeNewswire
Jumio Liveness Premium Wins Gold in 2026 Cybersecurity Excellence Awards,"Jumio is recognized for its advanced biometric liveness detection technology for defending against deepfakes and AI-powered fraud SUNNYVALE, Calif. — Jumio, leading provider of AI-powered identity intelligence, today announced that Jumio Liveness Premium has …",2026-03-31T10:09:57Z,Financial Post
Bvlgari Hotel Roma: grandeur and high design in the Eternal City,A stylish rooftop bar and subterranean spa take this luxury hotel to another level,2026-03-31T10:07:33Z,The Week Magazine
Caster Semenya pledges to fight against Olympic gender-testing policy,"'We're going to be vocal about it, we're going to make noise until we're heard,' South Africa's gold medallist says.",2026-03-31T10:06:55Z,Al Jazeera English
Analysts Remain Bullish on Vox Royalty (VOXR) Following Company’s Inclusion in the VanEck Junior Gold Miners ETF,,2026-03-31T10:06:13Z,Yahoo Entertainment
Analysts Sentiment on TRX Gold (TRX) Remains Robust Following Strong Q2 2026 Results,,2026-03-31T10:06:11Z,Yahoo Entertainment
Analysts Bullish on Gold Royalty (GROY) Following Record Fiscal Annual Revenue And Operating Cash Flows For 2025,,2026-03-31T10:06:09Z,Yahoo Entertainment
Taiwan Olympic boxing champ involved in gender debate wins first bout at Asian titles,Lin Yu-ting comfortably won her first international bout since the 2024 Paris Olympics at the Asian championships on Tuesday after World Boxing said she passed a gene test. Taiwan's first Olympic boxing champion beat Thananya Somnuek of Thailand 5-0 in the ro…,2026-03-31T10:06:07Z,Yahoo Entertainment
Analysts See Over 100% Upside for New Found (NFGC) Amid Accelerated Progress At Queensway Gold Project,,2026-03-31T10:06:07Z,Yahoo Entertainment
Analysts Bullish on Galiano Gold (GAU) Amid Strong Share Price Momentum,,2026-03-31T10:06:06Z,Yahoo Entertainment
Analysts Bullish on Dakota Gold (DC) Amid Accelerated Progress at Richmond Hill,"Dakota Gold Corp. (NYSE:DC) earns a place on our list of the 8 best gold penny stocks to buy according to analysts. As of March 28, 2026, 100% of covering...",2026-03-31T10:06:04Z,Yahoo Entertainment
"Canneseries 2026 Dials up the U.S. With HBO Opening Series ‘Half Man,’ Scott Free’s Latest ‘Terror’ Season and Apple TV+’s ‘Star City’","The Hollywood studios may be sitting out the Cannes Film Festival but a more than respectable cohort of major U.S. players will hit Canneseries, Cannes TV festival, a month earlier.  They are led by HBO with Richard Gadd’s highly anticipated “Half Man” which …",2026-03-31T10:03:25Z,Variety
"Records в C#: Классы, которые пишут код за вас","Давайте представим, что вам нужно создать класс для хранения данных пользователя. Сколько строк кода вы напишете? Конструктор, свойства, метод ToString(), сравнение объектов... А если добавится новое поле? Придется обновлять конструктор, метод Equals, GetHash…",2026-03-31T10:03:07Z,Habr.com
"22k gold rate today: Check 22K, 24K gold prices (March 31, 2026) on Tanishq, Malabar Gold & Diamonds, Kalyan Jewellers, Joyalukkas and IBJA","Gold rate prediction: Gold prices experienced a slight increase on March 31, 2026, with 22K gold rates rising across major jewelry brands like Tanishq, Kalyan Jewellers, Malabar Gold & Diamonds, and Joyalukkas.",2026-03-31T10:01:49Z,The Times of India
"Der Countdown läuft - Meldet sich keiner, kriegt ein Dorf das ganze Gold","Jetzt läuft die Zeit für den bisherigen Eigentümer ab. Meldet er sich nicht rechtzeitig, hat ein Bürgermeister große Pläne mit dem Schatz.",2026-03-31T10:01:25Z,Bild
From Prosthetics To Houses: 26 Brilliant Things Made With A 3D Printer,"3D printing has been around for much longer than you might think; almost 40 years in fact. But it's only recently that the potential of this technology has begun to be realized, advances in sensors, 3D printing software and materials mean that the most incred…",2026-03-31T10:01:03Z,Boredpanda.com
Today in Boston Celtics history: Boston's first playoff win; Barksdale born; '59 draft,"Today in Boston Celtics history, Don Barksdale was born in Oakland, California, in 1923.",2026-03-31T10:00:06Z,USA Today
How To Destroy Wealth,This November California voters might show the country how to wreck an economy in the name of fairness.,2026-03-31T10:00:00Z,Forbes
Trump sees 'America First' opportunity in Nasa mission to Moon,"A competitive edge with China and a possible lunar gold rush are twin goals behind Artemis II, experts tell the BBC.",2026-03-31T09:56:05Z,BBC News
"One Year Later, Trump’s Dirty 15 Trade Partners Are $85 Billion Dirtier","Despite a variety of efforts, including IEEPA tariffs, which the Supreme Court ruled unconstitutional last month, the U.S. trade deficit continued to increase.",2026-03-31T09:56:00Z,Forbes
Deion Sanders' wild reaction to Shedeur's jersey number change: Now let the church shout Amen!,"Shedeur Sanders, who navigated his rookie NFL season wearing number 12, has officially switched back to the number 2, the same digit that defined his record-breaking tenures at Jac",2026-03-31T09:53:24Z,Marca
"Money rule changes from 1 April: From 2FA for digital payments to revised ATM charges, top 5 updates you should know","Starting 1 April 2026, significant financial rule changes will affect taxpayers, bank customers, and digital payment users in India, including the new Income Tax Act and the two-factor authentication for digital transactions. Details here.&nbsp;",2026-03-31T09:49:06Z,Livemint
28 Kitchen Pendant Lighting Ideas for 2026 Where Light Drops Exactly Where Attention Should Go,"Looking to brighten up your kitchen with a stylish focal point? These 28 kitchen pendant lighting ideas are sleek, eye-catching, and beautifully functional perfect for adding warmth, enhancing ambiance, and elevating your space with the right glow. 28 Kitchen…",2026-03-31T09:45:00Z,Thecoolist.com
Stimmung in den USA: So zufrieden sind die Amerikaner mit Donald Trump,"Macht US-Präsident Donald Trump aus Sicht der Amerikaner einen guten Job? Regelmäßige Umfragen zeigen, wie viel Zustimmung und Ablehnung er daheim erfährt.",2026-03-31T09:44:00Z,STERN.de
Parity? Nope! Overpowering wins by Texas and South Carolina set up an all-No. 1 seed Final Four,"Texas and South Carolina triumphed in the Elite Eight, setting up a Final Four featuring all No. 1 seeds.",2026-03-31T09:35:00Z,Swish Appeal
Art Nouveau Interior Design: History and Key Styles,"Some design styles fade with the decade that made them. Art Nouveau interior design has outlasted them all, and it is not hard to see why. Today, as American homeowners push back against cold, uniform interiors, Art Nouveau house design is once again drawing …",2026-03-31T09:33:43Z,Ahouseinthehills.com
"Since his accident, Tiger Woods has been inundated with offers of free rides: no one wants him to drive again","Tiger Woods finds himself at a critical crossroads following his arrest on suspicion of driving under the influence on Friday afternoon.

The 15-time major champion was involved in",2026-03-31T09:33:31Z,Marca
Hier bekommen Elektroauto-Fahrer kostenlosen Strom an Ostern,"Zu den Osterferien startet Fastned eine zeitlich begrenzte Aktion für Reisende mit Elektroauto. Vom 4. bis 6. April 2026 haben Fahrer an ausgewählten Stationen in Deutschland die Chance, ihre Elektroautos kostenlos zu laden.",2026-03-31T09:33:00Z,Focus
Turkey Restarts FX Swaps to Counter War Impact on Reserves,"Turkey restarted foreign-currency swap transactions with local banks for the first time in a year, after a drawdown in reserves fueled by a broad selloff across emerging markets amid the war in the Middle East.",2026-03-31T09:32:25Z,Financial Post
West Red Lake Gold Adding Confidence to Rowan Mine Resource and Extending Vein Zones,"VANCOUVER, British Columbia, March 31, 2026 (GLOBE NEWSWIRE) — West Red Lake Gold Mines Ltd. (“West Red Lake Gold” or “WRLG” or the “Company”) (TSXV: WRLG) (OTCQB: WRLGF) is pleased to announce drill results from its fully funded infill and conversion drillin…",2026-03-31T09:30:28Z,Financial Post
The unfathomable reason MAGA remains infatuated with Trump — despite his contempt,"Hypocrisy, thy name is Donald J. Trump.And yet the MAGA cult refuses to see it.Trump is Biff from Back to the Future, always giving noogies to MAGA’s George McFly. Only they enjoy it and ask for more.He is the embodiment of “Rules for thee, but not for me,” b…",2026-03-31T09:30:02Z,Raw Story
Private Equity’s Great Escape,"The industry bought companies for too much money and made a bunch of bad loans. Now they’re scrambling to avoid the reckoning.
The post Private Equity’s Great Escape appeared first on The American Prospect.",2026-03-31T09:30:00Z,The American Prospect
West Red Lake Gold Adding Confidence to Rowan Mine Resource and Extending Vein Zones,Incorporating Veins 006b and 013 into the production profile has the potential to materially increase the daily mined tonnage from Rowan...,2026-03-31T09:30:00Z,GlobeNewswire
Jennifer Garner's Little Black Dress Is a Cute Wedding Style,"As wedding season enters the chat, Jennifer Garner reminded us to always have a little black dress ready to go. We found an affordable twin!",2026-03-31T09:23:55Z,Us Weekly
Zo gebruik je het privacy display van Samsung Galaxy S26 Ultra,"Samsung heeft dit jaar een technologie onthuld die we nog nergens anders hebben gezien: het gaat om het privacyscherm, dat Samsung zelf privacy display noemt. Hiermee kunnen mensen die naast… Lees verder op Androidworld.nl",2026-03-31T09:23:00Z,Androidworld.nl
Pink slip equivalent to Powerball win for some LSU coaches,A pink slip leads to a lot of of green for several former LSU coaches.,2026-03-31T09:12:51Z,Postsouth.com
"Why is gold price heading for biggest monthly drop in over 17 years, and will gold, silver and other precious metals continue to witness wild price movements? Analysts insights, market outlook and what should investors do now","Why is gold price heading for biggest monthly drop in over 17 years, and will gold, silver and other precious metals continue to witness wild price movements? Gold is set for a major monthly fall as investors move to the dollar. Oil, inflation fears, and rate…",2026-03-31T09:10:23Z,The Times of India
"I started raising my grandson just a few months into my retirement. My wife and I want to give him a good life, but it's financially draining.","Martin Odum, 71, and his wife have raised their grandson Noah with spina bifida in central Illinois for five years, which has hurt their finances.",2026-03-31T09:05:01Z,Business Insider
$50 billion Tiger Global just turned 25 years old. Here are some of the famous people who have given the firm advice over the years.,"The hedge fund has gotten advice for ballerina Misty Copeland, Olympian Michael Phelps, restauranteur Danny Meyer, and more over the years.",2026-03-31T09:05:01Z,Business Insider
"F2Pool co-founder says Thailand condo bought for 2,900 Bitcoin sold for 7","F2Pool co-founder Wang Chun sold a Pattaya condo for 7 BTC, a fraction of the 2,900 BTC he paid in 2015, highlighting Bitcoin’s huge outperformance over gold and stocks.",2026-03-31T09:04:21Z,Cointelegraph
定期的に暴落が起こるマーケットの中、お金を増やすためにすべき投資行動,暴落が頻繁に起こっても、「株」の実質トータルリターンは年約7％で推移 株式投資の名著として知られるジェレミー・シーゲル著『株式投資 第6版』には、1802年から2021年までの200年以上にわたって1ドルを株・長期国債・短期国債・金・米ドルの5つの資産に投資した場合の年次の実質トータルリターン指数の推移が示されています[…],2026-03-31T09:02:00Z,Zuuonline.com
Hä? Magazine–The Complete Collection,"The health magazine without taboos was developed for a young readership aged 16 and up....
Der Beitrag Hä? Magazine–The Complete Collection erschien zuerst auf slanted.",2026-03-31T09:00:21Z,Slanted.de
I Want to End This Love Game Anime's Promo Video Previews Opening Theme Song,CHiCo with HoneyWorks perform theme song for April 14 anime,2026-03-31T09:00:00Z,Anime News Network
"4月30日（木）17時よりオンライン開催！「富裕層1,000万枚の領収書を見た税理士」が解説　海外移住・投資前に知るべき国際税務の基本","[株式会社幻冬舎ゴールドオンライン]
株式会社幻冬舎ゴールドオンライン（本社：東京都渋谷区千駄ヶ谷二丁目30番１号 ベネッセビル２階、代表取締役：山下征孝）は株式会社ユナイテッド・パートナーズ会計事務所 パートナー・税理士 森田 貴子 氏によ...",2026-03-31T09:00:00Z,Prtimes.jp
Sabarimala row takes centre stage in Kerala,"The Sabarimala issue has resurfaced as a political flashpoint in Kerala’s Assembly elections, especially after the Kerala High Court closed its investigation into the reconstruction of the shrine’s golden flag mast",2026-03-31T08:55:44Z,BusinessLine
"Sammaan Capital becomes IHC Group company, receives Rs 5,652 cr in first tranche of stake sale","Sammaan Capital has officially become an International Holding Company group firm after receiving Rs 5,652 crore in the first tranche of a major stake sale. Through affiliate Avenir Investment RSC, IHC will acquire 41.5% now and complete the remaining investm…",2026-03-31T08:53:59Z,The Times of India
Skeena Gold & Silver Confirms Eskay Creek Reaches 49% Completion & Provides Project Update; Initial Production Remains on Schedule for Q2 2027,"VANCOUVER, British Columbia, March 31, 2026 (GLOBE NEWSWIRE) -- Skeena Resources Limited (TSX: SKE, NYSE: SKE) (“Skeena Gold & Silver”, “Skeena” or the “Company”) is pleased to provide an update on the advancement of its 100% owned Eskay Creek Gold-Silver Pro…",2026-03-31T12:20:00Z,GlobeNewswire
Oil Prices Hold Above $100 And Wall Street Rebounds As U.S. Exchanges Strikes With Iran,Wall Street is rebounding early and oil prices are holding above $100 as the U.S. and Iran trade military strikes in the fifth week of the war.,2026-03-31T12:19:12Z,HuffPost
"Wall Street's rough month, Powell's inflation outlook, GLP-1 subscription and more in Morning Squawk",Here are five key things investors need to know to start the trading day.,2026-03-31T12:16:39Z,CNBC
"Plaketten, Medaillen, Urkunden: Frankfurt ist bei der Verleihung von Auszeichnungen großzügig",Mehr als ein Dutzend Preise verleiht Frankfurt an verdiente Personen: Jetzt wird erstmals der Europäische Paulskirchenpreis für Demokratie verliehen. Doch mit der wichtigsten Auszeichnung ist man im Römer knauserig.,2026-03-31T12:15:56Z,Faz.net
"Furto nell’ex convento, ma senza querela cade tutto per la legge Cartabia: tre imputati prosciolti","La legge Cartabia, che ha reso obbligatoria la querela delle persone offese nei casi di furto, continua a mietere vittime. Non i responsabili dei reati, ma le vere vittime, che, se non formalizzano il danno subito, rendono vano l’iter giudiziario, con la cons…",2026-03-31T12:13:43Z,Ilfattoquotidiano.it
"Oil prices hold above $100, Wall Street rebounds amid Iran war strikes","Oil prices hold above $100, Wall Street rebounds amid Iran war strikesbostonherald.com",2026-03-31T12:11:55Z,Boston Herald
L’indagine su San Siro è un macigno nella corsa al dopo-Sala,Cade in un momento particolarissimo la nuova tegola giudiziaria sulla vendita di San Siro alle società di calcio da parte del Comune di Milano. Infatti non suona soltanto inevitabilmente come sano contrappunto ‘verso sinistra’ dell’indagine che a Roma sta met…,2026-03-31T12:11:06Z,Ilfattoquotidiano.it
"Rotraut, de weduwe van Yves Klein, exposeert in Nederland: ‘We hebben telepathisch contact, hij is mijn soulmate’","In het Stedelijk Museum Schiedam is een tentoonstelling te zien met werk van de Franse kunstenaar Yves Klein, zijn vader, moeder en weduwe Rotraut Klein-Moquay. In de opstelling worden de artistieke uitwisselingen tussen de familieleden zichtbaar.",2026-03-31T12:09:52Z,Www.nrc.nl
"Istat: nel 2025 nuovo crollo delle nascite, solo 355mila. E la famiglia più diffusa è quella composta da una sola persona","Il calo demografico in Italia prosegue malgrado lo sbandierato impegno pro natalità del governo Meloni. E l’Istat lo certifica. Solo l’arrivo dei migranti contrasta gli effetti negativi del declino della natalità. Nel 2025 le nascite sono state 355mila, con u…",2026-03-31T12:08:04Z,Ilfattoquotidiano.it
Trump's proposed presidential library revealed as towering Miami skyscraper in striking new video,"New renderings of President Donald Trump's proposed Miami presidential library reveal a glass waterfront skyscraper with gold lettering, a Trump statue, and Oval Office replicas.",2026-03-31T12:07:49Z,Fox News
Si te asustaste al ver al niño de 6 años pilotando una moto de 218 CV... también lo ha hecho con una de 326 CV,"Seguramente Kenan Sofuoglu no será nombrado nunca ‘Padre del Año’, porque el excampeón turco de Supersport ya nos ha mostrado diversos vídeos donde su pequeño hijo Zayn monta enormes motos desde muy pequeño.",2026-03-31T12:04:52Z,Mundodeportivo.com
Megyn Kelly Praises ‘Classy’ Trump Presidential Library Featuring Giant Gold Statue of President,"Megyn Kelly praised the ""classy"" plans for President Donald Trump's official presidential library, which is set to include a giant gold statue.
The post Megyn Kelly Praises ‘Classy’ Trump Presidential Library Featuring Giant Gold Statue of President first app…",2026-03-31T12:03:21Z,Mediaite
"WWE Raw takeaways: The Vision win tag titles, Punk destroys Reigns","Check out the top takeaways from WWE Raw on March 30, which took place at Madison Square Garden in New York.",2026-03-31T12:02:36Z,USA Today
"Apple's 50-Year Legacy of Product Innovation, Through CNET's Lens",The Cupertino colossus has created some of the most iconic products over the last 50 years. Here are ones that stand out.,2026-03-31T12:01:02Z,CNET
Behind Cryptocurrency’s Commercial Real Estate Moment,"Thirteen years ago, Grant Cardone, CEO of Cardone Capital, a multifamily syndication firm with $5 billion in assets today, was paid for a speaking engagement in 115 BTC, or Bitcoin.  For the uninitiated, Bitcoin is the most famous currency in the cryptocurren…",2026-03-31T12:00:54Z,Commercial Observer
Coachella 2026 Shoe Trends Worth Packing — and the One to Leave Home,FN has rounded up a few trending footwear styles to wear at the 2026 Coachella Valley Music & Arts Festival in April — and one style to avoid.,2026-03-31T12:00:00Z,WWD
Common gold IRA rollover mistakes and how to avoid them,Minimize your risk by learning about the most common gold IRA mistakes and how to avoid them.,2026-03-31T12:00:00Z,Yahoo Entertainment
28 Kitchen Bar Seating Ideas for 2026 So Good Your Dining Table Starts Feeling Ignored,"Kitchen bars are more than just a place to sit they’re where style and function meet. These 28 kitchen bar seating ideas are stylish, comfortable, and space-savvy perfect for creating a spot that feels inviting, practical, and seamlessly integrated into your …",2026-03-31T12:00:00Z,Thecoolist.com
"₹7,999 में लॉन्च हुआ धांसू स्मार्टफोन, 120Hz डिस्प्ले और 50MP कैमरा","लावा ने भारत में एक बजट स्मार्टफोन लॉन्च किया है जिसमें 120Hz रिफ्रेश रेट डिस्प्ले मिलता है. इस फोन में 5,000mAh की बैटरी और 50 मेगापिक्सल का कैमरा दिया गया है.",2026-03-31T11:59:36Z,Aajtak.in
"“Igor, l’eroe romantico”: a Milano Fabio Galante introduce il documentario su Protti","Il calcio anni Novanta è il calcio dei campioni che sembrano eroi greci o carismatici personaggi byroniani volti verso il sublime, in soccorso dei più deboli. Uno degli ultimi eroi romantici di quel calcio è Igor Protti, l’unico che si è laureato 4 volte capo…",2026-03-31T11:58:39Z,Ilfattoquotidiano.it
"Lenders turn risk-averse, focus on high CIBIL score borrowers as gold loans surge in India","Lenders are prioritizing borrowers with strong credit histories and higher loan amounts, leading to a decline in new-to-credit customers. Despite this cautious approach, the overall credit market shows improved health, driven by better asset quality. Gold loa…",2026-03-31T11:58:18Z,The Times of India
6 simple home workouts that can relieve calf pain,"The standing wall stretch is the gold standard for targeting the larger, upper portion of the calf muscle. By placing your hands against a wall and extending one leg back with a locked knee, you create a deep, sustained pull that realigns muscle fibers. This …",2026-03-31T11:55:02Z,Economictimes.com
1287405 B.C. Ltd and Monteoro Minerals Announce Proposed Go-Public Transaction and C$17 Million Financing,"Not for distribution to U.S. newswire services or for release publication, distribution or dissemination, directly or indirectly, in whole or in part, in or into the United States. Any failure to comply with this restriction may constitute a violation of U.S.…",2026-03-31T11:53:14Z,Financial Post
Dozens killed in South Sudan gold mine attack,"Over 70 people have been killed and dozens injured in South Sudan, Vice President James Wani Igga has said Read Full Article at RT.com",2026-03-31T11:51:40Z,RT
1287405 B.C. Ltd and Monteoro Minerals Announce Proposed Go-Public Transaction and C$17 Million Financing,"Not for distribution to U.S. newswire services or for release publication, distribution or dissemination, directly or indirectly, in whole or in part, in or into the United States. Any failure to comply with this restriction may constitute a violation of U.S.…",2026-03-31T11:51:00Z,GlobeNewswire
What to know about Trump’s presidential library,The Yodel newsletter: Get caught up on this morning's news,2026-03-31T11:50:18Z,Yahoo Entertainment
"KOMMENTAR - Die Verluste sind grösser als bei Aktien: Wer in Gold einen Schutz vor Krisen sieht, überschätzt dessen Magie",Das Edelmetall hat seit dem Beginn des Iran-Kriegs stark an Wert verloren. Der Glaube an Gold als sicheren Hafen entpuppt sich in kurzer Frist einmal mehr als Irrtum.,2026-03-31T11:50:00Z,Www.nzz.ch
6 easy high protein breakfasts for busy mornings,"Overnight oats are the ultimate  grab-and-go  solution, requiring zero preparation time during the actual morning rush. By mixing rolled oats with a thick, protein-dense Greek yogurt and a scoop of your favorite protein powder, you create a creamy, pudding-li…",2026-03-31T11:45:07Z,Economictimes.com
"‘Get Out’ While Bitcoin is Still Above $65k, Says Peter Schiff as Maximalist Dumps $20 Million in BTC",Gold Proponent Peter Schiff has stated that it is hard to believe Bitcoin is still above $65k and holders should cash out while they can.,2026-03-31T11:40:04Z,ZyCrypto
Are Dems now so corrupt they’d bar Bruce Blakeman from getting campaign funding?,New York state’s Public Campaign Finance Board is preparing to deny $7 million to Republican gubernatorial candidate Bruce Blakeman because he didn’t include his running mate’s name on a form . . . that doesn’t exist yet. This November is the first statewide …,2026-03-31T11:39:09Z,New York Post
Abhay Singh and Anahat Singh Receive Top Asian Squash Federation Awards,"Abhay Singh and Anahat Singh have been recognised as the Asian Squash Federation's outstanding players of the year, while the Indian boys team received the men's team award.",2026-03-31T11:38:18Z,Rediff.com
New twist in the Brandon Aiyuk case: 49ers owner Jed York hasn't ruled out his return,"The San Francisco 49ers&apos; ownership has injected a surprising dose of uncertainty into what many believed was a foregone conclusion regarding Brandon Aiyuk&apos;s future.

Spea",2026-03-31T11:35:07Z,Marca
"Kobo Resources Intersects Strong Gold Results Across All Three Zones at Kossou, Including 7.0 m at 5.06 g/t Au at the Road Cut Zone","High-grade gold results returned from the Road Cut Zone with 7.0 m at 5.06 g/t Au incl. 1.0 m at 20.00 g/t Au, with encouraging gold mineralisation intersected along the Contact Zone Fault area Strong gold mineralisation intersected in all three Kadie Zone ho…",2026-03-31T11:32:02Z,Financial Post
TomaGold Starts Drilling at Berrigan Mine,"1,500-metre Phase 2 drilling program aimed at testing the newly-discovered Berrigan Deep Zone MONTRÉAL — TOMAGOLD CORPORATION (TSXV: LOT; OTCPK: TOGOF) (“TomaGold” or the “Company”) is pleased to announce that drilling has started at its Berrigan Mine project…",2026-03-31T11:31:18Z,Financial Post
Pragmata ya es gold: Capcom confirma que su esperada aventura de ciencia ficción está lista para llegar en abril,"<!--cache-->El nuevo juego de Capcom ha superado una de las últimas grandes fases antes del lanzamiento y mantiene su esperado estreno para el 17 de abril en PS5, Xbox Series, Switch 2 y PC.<!--aa--->Capcom ya puede dar prácticamente por cerrado el desarrollo…",2026-03-31T11:31:00Z,Elespanol.com
Jarren Duran needs to be Captain Chaos for the Red Sox,Stop thinking and play ball.,2026-03-31T11:28:32Z,Over The Monster
"Piramal Finance AUM crosses ₹1 lakh crore, eyes microfinance acquisition","Piramal Finance plans to diversify beyond home loans into microfinance and gold loans, aiming to reach Rs 1.5 lakh crore AUM by March 2028, while maintaining a cautious approach amid global uncertainties",2026-03-31T11:27:56Z,BusinessLine
Middle East Conflict Erases Arab Region's Annual Economic Growth – UN,"The conflict in the Middle East has nullified the annual economic growth of the Arab region, with losses potentially reaching nearly $200 billion, according to a report by the United Nations Development Programme (UNDP).",2026-03-31T11:23:26Z,Sputnikglobe.com
Crypto Trading Platform BYDFi Marks Sixth Anniversary with Month-Long Celebration,"Beginning on April 1, 2026, the cryptocurrency trading platform BYDFi will commemorate its sixth anniversary with a month-long event highlighting its development into an all-in-one platform based on a CEX + DEX dual-engine concept. BYDFi has developed a platf…",2026-03-31T11:19:13Z,ZyCrypto
"Realme 16 5G, Vivo V70 FE, OnePlus Nord 6, OPPO Find X9 Ultra & more smartphones launching in April; Check launch date, price and features here","April 2026 is set to be a busy month for smartphone launches in India with devices from Realme, Vivo, Redmi, OnePlus and OPPO. Key models include Realme 16 5G and Vivo V70 FE on April 2, OnePlus Nord 6 on April 7, and the premium OPPO Find X9 Ultra on April 2…",2026-03-31T11:17:24Z,The Times of India
Did The Sullivan Generator Survive After Shark Tank? Here's What Happened After Season 3,"Of all the ideas presented to ""Shark Tank's"" judges, the Sullivan Generator is one of the most outwardly outlandish, but what happened to it and its creator?",2026-03-31T11:17:00Z,BGR
"Indonesian forest loss surges by 66% in 2025, driven by Prabowo's self-sufficiency drive: Report","A total of 433,751 hectares of forest was cleared last year, a dramatic jump from 261,575 hectares in 2024, a study by a think tank found.",2026-03-31T11:16:00Z,CNA
"Quantum risk resurfaces at the worst time for bitcoin, but 1 token is loving it","Your day-ahead look for March 31, 2026",2026-03-31T11:15:00Z,CoinDesk
Funnel’s Forum 2026 brings 150+ of multifamily’s top leaders to Scottsdale to build the world’s best renter experience,Funnel’s Forum 2026 brings 150+ of multifamily’s top leaders to Scottsdale to build the world’s best renter experience...,2026-03-31T11:15:00Z,GlobeNewswire
"Florida Panthers announce hiring of former Amazon, Disney exec Michael White as business president",The Florida Panthers have named tech and guest-experience executive Michael White as their new president of business operations,2026-03-31T11:14:45Z,Abcnews.com
Aya Gold & Silver Reports Record Results for Q4-2025 and Full Year 2025,"Record Revenue, Net Income and Cash Flow from Operations MONTREAL, March 31, 2026 (GLOBE NEWSWIRE) — Aya Gold & Silver Inc. (TSX: AYA; OTCQX: AYASF) (“Aya” or the “Corporation”) today announced its financial and operational results for the fourth quarter and …",2026-03-31T11:03:49Z,Financial Post
Bitget lists edgeX (EDGE) for Spot Trading,"Bitget adds edgeX (EDGE) in Innovation Zone. EDGE/USDT spot trading opens Mar 31, 2026 12:30 UTC; withdrawals Apr 1....",2026-03-31T11:03:00Z,GlobeNewswire
Fort Collins basketball star named Blue FCU's top winter girls athlete,Fort Collins basketball's Annika VanDalen was named the Fort Collins area's top winter girls athlete after leading a Lambkins' turnaround season.,2026-03-31T11:02:26Z,Coloradoan
"The new Lava Bold N2 Pro debuts with an old 4G chipset, 6.67"" 120Hz display","A month ago, Lava introduced the Bold N2, a fairly basic 4G phone. Now the company is launching the Lava Bold N2 Pro – confusingly, the Pro phone is smaller and cheaper than its vanilla sibling. Huh?

The N2 Pro is powered by the Unisoc T7250, a staple of che…",2026-03-31T11:01:02Z,GSMArena.com
Northisle Announces Infill Drill Results at Northwest Expo Extend Strike and Add New High-Grade Intervals,"High-grade interval in NW25-57 of 117.0 metres at 1.50 g/t Au Eq., including 52.5 metres at 1.91 g/t Au Eq. Highlights: Selected gold-equivalent assay intercepts include: NW25-57: 117.0 metres at 1.50 g/t Au Eq. from 231.0 metres, including 52.5 metres at 1.9…",2026-03-31T11:00:49Z,Financial Post
Science Has Two Exciting New Ideas for Your Hairline,"Discover the latest men’s hair loss treatments, from finasteride and minoxidil to emerging therapies. Learn what works, side effects, and how to regrow thinning hair effectively.",2026-03-31T11:00:00Z,menshealth.com
Aya Gold & Silver Reports Record Results for Q4-2025 and Full Year 2025,"Record Revenue, Net Income and Cash Flow from Operations Record Revenue, Net Income and Cash Flow from Operations",2026-03-31T11:00:00Z,GlobeNewswire
UNCF “A Mind Is…” New York Gala Raises Record $1.3M for HBCUs and Student Success,"Honoring visionary leaders and delivering transformative impact, funds will help continue UNCF's legacy of bridging the gap between potential and opportunity Honoring visionary leaders and delivering transformative impact, funds will help continue UNCF's lega…",2026-03-31T11:00:00Z,GlobeNewswire
Bitcoin Everlight Reports Continued Phase 3 Presale Activity Amid Shifting Global Market Conditions,"Bitcoin Everlight advances Phase 3 presale against a backdrop of US-Iran tensions as early participants continue entering the network  SAN FRANCISCO,...",2026-03-31T11:00:00Z,GlobeNewswire
"They Were Told Wrestling Was Only for Boys. Now, This NYC Club Is Proving Girls Can Fight for Their Futures.","In the Bronx and Harlem, shy girls and a two-time Olympian join forces to build a wrestling club that’s quietly changing futures and creating possibilities.",2026-03-31T11:00:00Z,Women's Health
Oil Shock Tests Bank of Thailand’s Wait-and-See Policy Stance,"Thailand’s central bank signaled a wait-and-see monetary policy approach, saying interest-rate cuts are unlikely to be effective against a Middle East-driven oil shock while leaving the door open to tightening if inflation pressures persist.",2026-03-31T10:54:22Z,Financial Post
"Ausblick: Edelmetallverband: Gold zieht wieder an, Silber gefragt","Rechenzentren, Photovoltaik, Katalysatoren oder der „sichere Hafen“ für Anleger: Gold, Silber und Platin sind begehrt. Trotzdem spürt die Branche auch negative Folgen des Weltgeschehens.",2026-03-31T10:47:21Z,Der Tagesspiegel
"Ausblick: Edelmetallverband: Gold zieht wieder an, Silber gefragt","Hier finden Sie Informationen zu dem Thema „Ausblick“. Lesen Sie jetzt „Edelmetallverband: Gold zieht wieder an, Silber gefragt“.",2026-03-31T10:46:02Z,Die Zeit
"Ausblick: Edelmetallverband: Gold zieht wieder an, Silber gefragt","Rechenzentren, Photovoltaik, Katalysatoren oder der ""sichere Hafen"" für Anleger: Gold, Silber und Platin sind begehrt. Trotzdem spürt die Branche auch negative Folgen des Weltgeschehens.",2026-03-31T10:46:02Z,STERN.de
Plus - Test: Avowed - Patch 2.0 im Nachtest: Mein umstrittener Rollenspiel-Geheimtipp ist ein Jahr nach Release um einiges besser geworden,"Neue Völker, New Game Plus und viele Bugfixes im Anniversary Update 2.0 machen Avowed in Peters Augen endgültig zum Pflichtbesuch für Rollenspieler mit Spaß am Erkunden.",2026-03-31T10:41:00Z,GameStar
"BYDFi Marks 6th Anniversary with Month-Long Celebration, Built for Reliability","Victoria, Seychelles, 31st March 2026, Chainwire
The post BYDFi Marks 6th Anniversary with Month-Long Celebration, Built for Reliability appeared first on The Daily Hodl.",2026-03-31T10:40:56Z,The Daily Hodl
"BYDFi Marks Sixth Anniversary With Month-Long Celebration, Built for Reliability","Global crypto trading platform BYDFi will mark its sixth anniversary with a month-long celebration beginning on April 1, 2026, highlighting BYDFi’s evolution into an all-in-one crypto trading platform built on a CEX + DEX dual-engine model.",2026-03-31T10:40:56Z,The Daily Hodl
"₹7,999 में Lava Bold N2 Pro भारत में लॉन्च, मिलेगा 50MP कैमरा और 5,000mAh बैटरी",Lava Bold N2 Pro: Lava Bold N2 Pro को भारत में मंगलवार को लॉन्च किया गया। कंपनी का यह एंट्री-लेवल स्मार्टफोन 50MP के रियर कैमरे और 8MP के सेल्फी कैमरे से लैस है। यह 4G कनेक्टिविटी को सपोर्ट करता है और Android 15 पर चलता है। यह हैंडसेट दो कलर ऑप्शन में उपलब्ध …,2026-03-31T10:39:30Z,Moneycontrol
(VIDEO) Socceroos vs Curacao LIVE: Where to Watch Australia's Final Home Friendly Before 2026 World Cup,"MELBOURNE — The CommBank Socceroos face Curaçao tonight at AAMI Park in what will be Australia's last international match on home soil before the 2026 FIFA World Cup, with fans able to watch the FIFA Series 2026 clash live and free on Network 10 or via Paramo…",2026-03-31T10:34:50Z,Ibtimes.com.au
Botnet russe : prison ferme aux États-Unis,"Condamnation d'un opérateur russe de botnet lié au ransomware, au cœur de la chaîne d’accès cybercriminelle.",2026-03-31T10:33:05Z,Zataz.com
LibreOffice vs ONLYOFFICE - Which One Is Right For You?,"Both are solid open source office suites but which one should you choose? This in-depth article compares LibreOffice and ONLYOFFICE across features, usability, and real-world experience.",2026-03-31T10:32:41Z,Itsfoss.com
Fastned bietet Osteraktion für kostenlose Schnellladung,Das Unternehmen Fastned bietet über Ostern an fünf Schnellladestationen in Deutschland kostenfreies Laden an. Doch es gibt einen kleinen Haken. Vom 04. bis 06. April können Nutzer an ausgewählten Standorten …,2026-03-31T10:30:50Z,mobiFlip.de
Lamar Odom in 2026: 10 Essential Things to Know About the Former NBA Star's Tumultuous Journey and Struggles,"LOS ANGELES — As Netflix prepares to release ""Untold: The Death and Life of Lamar Odom"" on March 31, 2026, the former NBA champion remains a compelling figure whose life has blended basketball glory, reality television fame, devastating personal losses and a …",2026-03-31T10:29:49Z,Ibtimes.com.au
Global equities rise; oil on track for record monthly gain,"NEW YORK/PARIS, March 31 : Global shares rose on Tuesday and Brent crude oil prices were poised for a record monthly increase, as traders came to the end of a tumultuous March dominated by the Iran war.Iran attacked a fully-loaded oil tanker off Dubai early o…",2026-03-31T10:29:31Z,CNA
"European stocks gain on hopes for Iran de-escalation, oil set for record monthly rise","PARIS, March 31 : European shares eked out small gains in morning trading on Tuesday but were still on track for their worst month since 2022, while oil prices were set for a record monthly rise, as traders came to the end of a tumultuous March dominated by t…",2026-03-31T10:29:31Z,CNA
"HarmonyOS 6 для устройств Huawei предлагает новый интерфейс, эффекты камеры, сценарии использования","Huawei опубликовала подробные списки устройств, которые могут получить доступ к новым функциям HarmonyOS 6, включая смартфоны, планшеты, умные часы и складные устройства. Huawei присвоила этому обновлению номер версии HarmonyOS 6.0.0.328 , чтобы обозначить вн…",2026-03-31T10:27:00Z,Ixbt.com
Kristaps Porzingis finds his stride with Warriors in March,Porzingis once belonged to someone else’s lottery. Now he might define the Warriors’ last dynastic gamble.,2026-03-31T10:24:30Z,Golden State of Mind
"Iran war exerts cost-push pressure on inflation, says Turkish Central Bank governor","The governor of the Turkish Central Bank said ongoing tensions in the Middle East have driven a sharp rise in energy prices, adding cost-push pressure on inflation and indirectly affecting prices across sectors.",2026-03-31T10:18:19Z,Hurriyet Daily News
"Ken Griffin, the CEO who won’t bend the knee to Trump",Everything you need to know before you reach the office this morning.,2026-03-31T10:17:08Z,Fortune
"Leaching Operations Commence at Calcatreu Project, Marking Transition to Operational Phase","VANCOUVER, British Columbia, March 31, 2026 (GLOBE NEWSWIRE) — Patagonia Gold Corp. (“Patagonia” or the “Company”) (TSXV: PGDC) is pleased to announce the successful commencement of leaching operations at its flagship Calcatreu Project (“Calcatreu” or the “Pr…",2026-03-31T10:16:21Z,Financial Post
GASF names 15 finalists for 2025-26 Central Texas athletes of the year award,The Greater Austin Sports Foundation has named 12 high school student-athletes from Central Texas as boys and girls athletes of the year finalists.,2026-03-31T10:15:00Z,Austin American-Statesman
"Last day to score up to $300 off Apple Watch, $130 off Series 11 Cell models, more","We have now entered the final day of Amazon’s Big Spring Sale and some of the Apple Watch deals are already starting to jump back up in price. Alongside the Series 11 offers from $299 or this Cell model at $130 off, one of the most notable price drops you can…",2026-03-31T10:11:22Z,9to5Toys
"Leaching Operations Commence at Calcatreu Project, Marking Transition to Operational Phase","LEACHING OPERATIONS COMMENCE AT CALCATREU PROJECT, MARKING TRANSITION TO OPERATIONAL PHASE...",2026-03-31T10:11:00Z,GlobeNewswire
Jumio Liveness Premium Wins Gold in 2026 Cybersecurity Excellence Awards,"Jumio is recognized for its advanced biometric liveness detection technology for defending against deepfakes and AI-powered fraud SUNNYVALE, Calif. — Jumio, leading provider of AI-powered identity intelligence, today announced that Jumio Liveness Premium has …",2026-03-31T10:09:57Z,Financial Post
Bvlgari Hotel Roma: grandeur and high design in the Eternal City,A stylish rooftop bar and subterranean spa take this luxury hotel to another level,2026-03-31T10:07:33Z,The Week Magazine
Caster Semenya pledges to fight against Olympic gender-testing policy,"'We're going to be vocal about it, we're going to make noise until we're heard,' South Africa's gold medallist says.",2026-03-31T10:06:55Z,Al Jazeera English
Analysts Remain Bullish on Vox Royalty (VOXR) Following Company’s Inclusion in the VanEck Junior Gold Miners ETF,,2026-03-31T10:06:13Z,Yahoo Entertainment
Analysts Sentiment on TRX Gold (TRX) Remains Robust Following Strong Q2 2026 Results,,2026-03-31T10:06:11Z,Yahoo Entertainment
Analysts Bullish on Gold Royalty (GROY) Following Record Fiscal Annual Revenue And Operating Cash Flows For 2025,,2026-03-31T10:06:09Z,Yahoo Entertainment
Taiwan Olympic boxing champ involved in gender debate wins first bout at Asian titles,Lin Yu-ting comfortably won her first international bout since the 2024 Paris Olympics at the Asian championships on Tuesday after World Boxing said she passed a gene test. Taiwan's first Olympic boxing champion beat Thananya Somnuek of Thailand 5-0 in the ro…,2026-03-31T10:06:07Z,Yahoo Entertainment
Analysts See Over 100% Upside for New Found (NFGC) Amid Accelerated Progress At Queensway Gold Project,,2026-03-31T10:06:07Z,Yahoo Entertainment
Analysts Bullish on Galiano Gold (GAU) Amid Strong Share Price Momentum,,2026-03-31T10:06:06Z,Yahoo Entertainment
Analysts Bullish on Dakota Gold (DC) Amid Accelerated Progress at Richmond Hill,"Dakota Gold Corp. (NYSE:DC) earns a place on our list of the 8 best gold penny stocks to buy according to analysts. As of March 28, 2026, 100% of covering...",2026-03-31T10:06:04Z,Yahoo Entertainment
"Canneseries 2026 Dials up the U.S. With HBO Opening Series ‘Half Man,’ Scott Free’s Latest ‘Terror’ Season and Apple TV+’s ‘Star City’","The Hollywood studios may be sitting out the Cannes Film Festival but a more than respectable cohort of major U.S. players will hit Canneseries, Cannes TV festival, a month earlier.  They are led by HBO with Richard Gadd’s highly anticipated “Half Man” which …",2026-03-31T10:03:25Z,Variety
"Records в C#: Классы, которые пишут код за вас","Давайте представим, что вам нужно создать класс для хранения данных пользователя. Сколько строк кода вы напишете? Конструктор, свойства, метод ToString(), сравнение объектов... А если добавится новое поле? Придется обновлять конструктор, метод Equals, GetHash…",2026-03-31T10:03:07Z,Habr.com
"22k gold rate today: Check 22K, 24K gold prices (March 31, 2026) on Tanishq, Malabar Gold & Diamonds, Kalyan Jewellers, Joyalukkas and IBJA","Gold rate prediction: Gold prices experienced a slight increase on March 31, 2026, with 22K gold rates rising across major jewelry brands like Tanishq, Kalyan Jewellers, Malabar Gold & Diamonds, and Joyalukkas.",2026-03-31T10:01:49Z,The Times of India
"Der Countdown läuft - Meldet sich keiner, kriegt ein Dorf das ganze Gold","Jetzt läuft die Zeit für den bisherigen Eigentümer ab. Meldet er sich nicht rechtzeitig, hat ein Bürgermeister große Pläne mit dem Schatz.",2026-03-31T10:01:25Z,Bild
From Prosthetics To Houses: 26 Brilliant Things Made With A 3D Printer,"3D printing has been around for much longer than you might think; almost 40 years in fact. But it's only recently that the potential of this technology has begun to be realized, advances in sensors, 3D printing software and materials mean that the most incred…",2026-03-31T10:01:03Z,Boredpanda.com
Today in Boston Celtics history: Boston's first playoff win; Barksdale born; '59 draft,"Today in Boston Celtics history, Don Barksdale was born in Oakland, California, in 1923.",2026-03-31T10:00:06Z,USA Today
How To Destroy Wealth,This November California voters might show the country how to wreck an economy in the name of fairness.,2026-03-31T10:00:00Z,Forbes
Trump sees 'America First' opportunity in Nasa mission to Moon,"A competitive edge with China and a possible lunar gold rush are twin goals behind Artemis II, experts tell the BBC.",2026-03-31T09:56:05Z,BBC News
"One Year Later, Trump’s Dirty 15 Trade Partners Are $85 Billion Dirtier","Despite a variety of efforts, including IEEPA tariffs, which the Supreme Court ruled unconstitutional last month, the U.S. trade deficit continued to increase.",2026-03-31T09:56:00Z,Forbes
Deion Sanders' wild reaction to Shedeur's jersey number change: Now let the church shout Amen!,"Shedeur Sanders, who navigated his rookie NFL season wearing number 12, has officially switched back to the number 2, the same digit that defined his record-breaking tenures at Jac",2026-03-31T09:53:24Z,Marca
Skeena Gold & Silver Confirms Eskay Creek Reaches 49% Completion & Provides Project Update; Initial Production Remains on Schedule for Q2 2027,"VANCOUVER, British Columbia, March 31, 2026 (GLOBE NEWSWIRE) -- Skeena Resources Limited (TSX: SKE, NYSE: SKE) (“Skeena Gold & Silver”, “Skeena” or the “Company”) is pleased to provide an update on the advancement of its 100% owned Eskay Creek Gold-Silver Pro…",2026-03-31T12:20:00Z,GlobeNewswire
Oil Prices Hold Above $100 And Wall Street Rebounds As U.S. Exchanges Strikes With Iran,Wall Street is rebounding early and oil prices are holding above $100 as the U.S. and Iran trade military strikes in the fifth week of the war.,2026-03-31T12:19:12Z,HuffPost
"Wall Street's rough month, Powell's inflation outlook, GLP-1 subscription and more in Morning Squawk",Here are five key things investors need to know to start the trading day.,2026-03-31T12:16:39Z,CNBC
"Plaketten, Medaillen, Urkunden: Frankfurt ist bei der Verleihung von Auszeichnungen großzügig",Mehr als ein Dutzend Preise verleiht Frankfurt an verdiente Personen: Jetzt wird erstmals der Europäische Paulskirchenpreis für Demokratie verliehen. Doch mit der wichtigsten Auszeichnung ist man im Römer knauserig.,2026-03-31T12:15:56Z,Faz.net
"Furto nell’ex convento, ma senza querela cade tutto per la legge Cartabia: tre imputati prosciolti","La legge Cartabia, che ha reso obbligatoria la querela delle persone offese nei casi di furto, continua a mietere vittime. Non i responsabili dei reati, ma le vere vittime, che, se non formalizzano il danno subito, rendono vano l’iter giudiziario, con la cons…",2026-03-31T12:13:43Z,Ilfattoquotidiano.it
"Oil prices hold above $100, Wall Street rebounds amid Iran war strikes","Oil prices hold above $100, Wall Street rebounds amid Iran war strikesbostonherald.com",2026-03-31T12:11:55Z,Boston Herald
L’indagine su San Siro è un macigno nella corsa al dopo-Sala,Cade in un momento particolarissimo la nuova tegola giudiziaria sulla vendita di San Siro alle società di calcio da parte del Comune di Milano. Infatti non suona soltanto inevitabilmente come sano contrappunto ‘verso sinistra’ dell’indagine che a Roma sta met…,2026-03-31T12:11:06Z,Ilfattoquotidiano.it
"Rotraut, de weduwe van Yves Klein, exposeert in Nederland: ‘We hebben telepathisch contact, hij is mijn soulmate’","In het Stedelijk Museum Schiedam is een tentoonstelling te zien met werk van de Franse kunstenaar Yves Klein, zijn vader, moeder en weduwe Rotraut Klein-Moquay. In de opstelling worden de artistieke uitwisselingen tussen de familieleden zichtbaar.",2026-03-31T12:09:52Z,Www.nrc.nl
"Istat: nel 2025 nuovo crollo delle nascite, solo 355mila. E la famiglia più diffusa è quella composta da una sola persona","Il calo demografico in Italia prosegue malgrado lo sbandierato impegno pro natalità del governo Meloni. E l’Istat lo certifica. Solo l’arrivo dei migranti contrasta gli effetti negativi del declino della natalità. Nel 2025 le nascite sono state 355mila, con u…",2026-03-31T12:08:04Z,Ilfattoquotidiano.it
Trump's proposed presidential library revealed as towering Miami skyscraper in striking new video,"New renderings of President Donald Trump's proposed Miami presidential library reveal a glass waterfront skyscraper with gold lettering, a Trump statue, and Oval Office replicas.",2026-03-31T12:07:49Z,Fox News
Si te asustaste al ver al niño de 6 años pilotando una moto de 218 CV... también lo ha hecho con una de 326 CV,"Seguramente Kenan Sofuoglu no será nombrado nunca ‘Padre del Año’, porque el excampeón turco de Supersport ya nos ha mostrado diversos vídeos donde su pequeño hijo Zayn monta enormes motos desde muy pequeño.",2026-03-31T12:04:52Z,Mundodeportivo.com
Megyn Kelly Praises ‘Classy’ Trump Presidential Library Featuring Giant Gold Statue of President,"Megyn Kelly praised the ""classy"" plans for President Donald Trump's official presidential library, which is set to include a giant gold statue.
The post Megyn Kelly Praises ‘Classy’ Trump Presidential Library Featuring Giant Gold Statue of President first app…",2026-03-31T12:03:21Z,Mediaite
"WWE Raw takeaways: The Vision win tag titles, Punk destroys Reigns","Check out the top takeaways from WWE Raw on March 30, which took place at Madison Square Garden in New York.",2026-03-31T12:02:36Z,USA Today
"Apple's 50-Year Legacy of Product Innovation, Through CNET's Lens",The Cupertino colossus has created some of the most iconic products over the last 50 years. Here are ones that stand out.,2026-03-31T12:01:02Z,CNET
Behind Cryptocurrency’s Commercial Real Estate Moment,"Thirteen years ago, Grant Cardone, CEO of Cardone Capital, a multifamily syndication firm with $5 billion in assets today, was paid for a speaking engagement in 115 BTC, or Bitcoin.  For the uninitiated, Bitcoin is the most famous currency in the cryptocurren…",2026-03-31T12:00:54Z,Commercial Observer
Coachella 2026 Shoe Trends Worth Packing — and the One to Leave Home,FN has rounded up a few trending footwear styles to wear at the 2026 Coachella Valley Music & Arts Festival in April — and one style to avoid.,2026-03-31T12:00:00Z,WWD
Common gold IRA rollover mistakes and how to avoid them,Minimize your risk by learning about the most common gold IRA mistakes and how to avoid them.,2026-03-31T12:00:00Z,Yahoo Entertainment
28 Kitchen Bar Seating Ideas for 2026 So Good Your Dining Table Starts Feeling Ignored,"Kitchen bars are more than just a place to sit they’re where style and function meet. These 28 kitchen bar seating ideas are stylish, comfortable, and space-savvy perfect for creating a spot that feels inviting, practical, and seamlessly integrated into your …",2026-03-31T12:00:00Z,Thecoolist.com
"₹7,999 में लॉन्च हुआ धांसू स्मार्टफोन, 120Hz डिस्प्ले और 50MP कैमरा","लावा ने भारत में एक बजट स्मार्टफोन लॉन्च किया है जिसमें 120Hz रिफ्रेश रेट डिस्प्ले मिलता है. इस फोन में 5,000mAh की बैटरी और 50 मेगापिक्सल का कैमरा दिया गया है.",2026-03-31T11:59:36Z,Aajtak.in
"“Igor, l’eroe romantico”: a Milano Fabio Galante introduce il documentario su Protti","Il calcio anni Novanta è il calcio dei campioni che sembrano eroi greci o carismatici personaggi byroniani volti verso il sublime, in soccorso dei più deboli. Uno degli ultimi eroi romantici di quel calcio è Igor Protti, l’unico che si è laureato 4 volte capo…",2026-03-31T11:58:39Z,Ilfattoquotidiano.it
"Lenders turn risk-averse, focus on high CIBIL score borrowers as gold loans surge in India","Lenders are prioritizing borrowers with strong credit histories and higher loan amounts, leading to a decline in new-to-credit customers. Despite this cautious approach, the overall credit market shows improved health, driven by better asset quality. Gold loa…",2026-03-31T11:58:18Z,The Times of India
6 simple home workouts that can relieve calf pain,"The standing wall stretch is the gold standard for targeting the larger, upper portion of the calf muscle. By placing your hands against a wall and extending one leg back with a locked knee, you create a deep, sustained pull that realigns muscle fibers. This …",2026-03-31T11:55:02Z,Economictimes.com
1287405 B.C. Ltd and Monteoro Minerals Announce Proposed Go-Public Transaction and C$17 Million Financing,"Not for distribution to U.S. newswire services or for release publication, distribution or dissemination, directly or indirectly, in whole or in part, in or into the United States. Any failure to comply with this restriction may constitute a violation of U.S.…",2026-03-31T11:53:14Z,Financial Post
Dozens killed in South Sudan gold mine attack,"Over 70 people have been killed and dozens injured in South Sudan, Vice President James Wani Igga has said Read Full Article at RT.com",2026-03-31T11:51:40Z,RT
1287405 B.C. Ltd and Monteoro Minerals Announce Proposed Go-Public Transaction and C$17 Million Financing,"Not for distribution to U.S. newswire services or for release publication, distribution or dissemination, directly or indirectly, in whole or in part, in or into the United States. Any failure to comply with this restriction may constitute a violation of U.S.…",2026-03-31T11:51:00Z,GlobeNewswire
What to know about Trump’s presidential library,The Yodel newsletter: Get caught up on this morning's news,2026-03-31T11:50:18Z,Yahoo Entertainment
"KOMMENTAR - Die Verluste sind grösser als bei Aktien: Wer in Gold einen Schutz vor Krisen sieht, überschätzt dessen Magie",Das Edelmetall hat seit dem Beginn des Iran-Kriegs stark an Wert verloren. Der Glaube an Gold als sicheren Hafen entpuppt sich in kurzer Frist einmal mehr als Irrtum.,2026-03-31T11:50:00Z,Www.nzz.ch
6 easy high protein breakfasts for busy mornings,"Overnight oats are the ultimate  grab-and-go  solution, requiring zero preparation time during the actual morning rush. By mixing rolled oats with a thick, protein-dense Greek yogurt and a scoop of your favorite protein powder, you create a creamy, pudding-li…",2026-03-31T11:45:07Z,Economictimes.com
"‘Get Out’ While Bitcoin is Still Above $65k, Says Peter Schiff as Maximalist Dumps $20 Million in BTC",Gold Proponent Peter Schiff has stated that it is hard to believe Bitcoin is still above $65k and holders should cash out while they can.,2026-03-31T11:40:04Z,ZyCrypto
Are Dems now so corrupt they’d bar Bruce Blakeman from getting campaign funding?,New York state’s Public Campaign Finance Board is preparing to deny $7 million to Republican gubernatorial candidate Bruce Blakeman because he didn’t include his running mate’s name on a form . . . that doesn’t exist yet. This November is the first statewide …,2026-03-31T11:39:09Z,New York Post
Abhay Singh and Anahat Singh Receive Top Asian Squash Federation Awards,"Abhay Singh and Anahat Singh have been recognised as the Asian Squash Federation's outstanding players of the year, while the Indian boys team received the men's team award.",2026-03-31T11:38:18Z,Rediff.com
New twist in the Brandon Aiyuk case: 49ers owner Jed York hasn't ruled out his return,"The San Francisco 49ers&apos; ownership has injected a surprising dose of uncertainty into what many believed was a foregone conclusion regarding Brandon Aiyuk&apos;s future.

Spea",2026-03-31T11:35:07Z,Marca
"Kobo Resources Intersects Strong Gold Results Across All Three Zones at Kossou, Including 7.0 m at 5.06 g/t Au at the Road Cut Zone","High-grade gold results returned from the Road Cut Zone with 7.0 m at 5.06 g/t Au incl. 1.0 m at 20.00 g/t Au, with encouraging gold mineralisation intersected along the Contact Zone Fault area Strong gold mineralisation intersected in all three Kadie Zone ho…",2026-03-31T11:32:02Z,Financial Post
TomaGold Starts Drilling at Berrigan Mine,"1,500-metre Phase 2 drilling program aimed at testing the newly-discovered Berrigan Deep Zone MONTRÉAL — TOMAGOLD CORPORATION (TSXV: LOT; OTCPK: TOGOF) (“TomaGold” or the “Company”) is pleased to announce that drilling has started at its Berrigan Mine project…",2026-03-31T11:31:18Z,Financial Post
Pragmata ya es gold: Capcom confirma que su esperada aventura de ciencia ficción está lista para llegar en abril,"<!--cache-->El nuevo juego de Capcom ha superado una de las últimas grandes fases antes del lanzamiento y mantiene su esperado estreno para el 17 de abril en PS5, Xbox Series, Switch 2 y PC.<!--aa--->Capcom ya puede dar prácticamente por cerrado el desarrollo…",2026-03-31T11:31:00Z,Elespanol.com
Jarren Duran needs to be Captain Chaos for the Red Sox,Stop thinking and play ball.,2026-03-31T11:28:32Z,Over The Monster
"Piramal Finance AUM crosses ₹1 lakh crore, eyes microfinance acquisition","Piramal Finance plans to diversify beyond home loans into microfinance and gold loans, aiming to reach Rs 1.5 lakh crore AUM by March 2028, while maintaining a cautious approach amid global uncertainties",2026-03-31T11:27:56Z,BusinessLine
Middle East Conflict Erases Arab Region's Annual Economic Growth – UN,"The conflict in the Middle East has nullified the annual economic growth of the Arab region, with losses potentially reaching nearly $200 billion, according to a report by the United Nations Development Programme (UNDP).",2026-03-31T11:23:26Z,Sputnikglobe.com
Crypto Trading Platform BYDFi Marks Sixth Anniversary with Month-Long Celebration,"Beginning on April 1, 2026, the cryptocurrency trading platform BYDFi will commemorate its sixth anniversary with a month-long event highlighting its development into an all-in-one platform based on a CEX + DEX dual-engine concept. BYDFi has developed a platf…",2026-03-31T11:19:13Z,ZyCrypto
"Realme 16 5G, Vivo V70 FE, OnePlus Nord 6, OPPO Find X9 Ultra & more smartphones launching in April; Check launch date, price and features here","April 2026 is set to be a busy month for smartphone launches in India with devices from Realme, Vivo, Redmi, OnePlus and OPPO. Key models include Realme 16 5G and Vivo V70 FE on April 2, OnePlus Nord 6 on April 7, and the premium OPPO Find X9 Ultra on April 2…",2026-03-31T11:17:24Z,The Times of India
Did The Sullivan Generator Survive After Shark Tank? Here's What Happened After Season 3,"Of all the ideas presented to ""Shark Tank's"" judges, the Sullivan Generator is one of the most outwardly outlandish, but what happened to it and its creator?",2026-03-31T11:17:00Z,BGR
"Indonesian forest loss surges by 66% in 2025, driven by Prabowo's self-sufficiency drive: Report","A total of 433,751 hectares of forest was cleared last year, a dramatic jump from 261,575 hectares in 2024, a study by a think tank found.",2026-03-31T11:16:00Z,CNA
"Quantum risk resurfaces at the worst time for bitcoin, but 1 token is loving it","Your day-ahead look for March 31, 2026",2026-03-31T11:15:00Z,CoinDesk
Funnel’s Forum 2026 brings 150+ of multifamily’s top leaders to Scottsdale to build the world’s best renter experience,Funnel’s Forum 2026 brings 150+ of multifamily’s top leaders to Scottsdale to build the world’s best renter experience...,2026-03-31T11:15:00Z,GlobeNewswire
"Florida Panthers announce hiring of former Amazon, Disney exec Michael White as business president",The Florida Panthers have named tech and guest-experience executive Michael White as their new president of business operations,2026-03-31T11:14:45Z,Abcnews.com
Aya Gold & Silver Reports Record Results for Q4-2025 and Full Year 2025,"Record Revenue, Net Income and Cash Flow from Operations MONTREAL, March 31, 2026 (GLOBE NEWSWIRE) — Aya Gold & Silver Inc. (TSX: AYA; OTCQX: AYASF) (“Aya” or the “Corporation”) today announced its financial and operational results for the fourth quarter and …",2026-03-31T11:03:49Z,Financial Post
Bitget lists edgeX (EDGE) for Spot Trading,"Bitget adds edgeX (EDGE) in Innovation Zone. EDGE/USDT spot trading opens Mar 31, 2026 12:30 UTC; withdrawals Apr 1....",2026-03-31T11:03:00Z,GlobeNewswire
Fort Collins basketball star named Blue FCU's top winter girls athlete,Fort Collins basketball's Annika VanDalen was named the Fort Collins area's top winter girls athlete after leading a Lambkins' turnaround season.,2026-03-31T11:02:26Z,Coloradoan
"The new Lava Bold N2 Pro debuts with an old 4G chipset, 6.67"" 120Hz display","A month ago, Lava introduced the Bold N2, a fairly basic 4G phone. Now the company is launching the Lava Bold N2 Pro – confusingly, the Pro phone is smaller and cheaper than its vanilla sibling. Huh?

The N2 Pro is powered by the Unisoc T7250, a staple of che…",2026-03-31T11:01:02Z,GSMArena.com
Northisle Announces Infill Drill Results at Northwest Expo Extend Strike and Add New High-Grade Intervals,"High-grade interval in NW25-57 of 117.0 metres at 1.50 g/t Au Eq., including 52.5 metres at 1.91 g/t Au Eq. Highlights: Selected gold-equivalent assay intercepts include: NW25-57: 117.0 metres at 1.50 g/t Au Eq. from 231.0 metres, including 52.5 metres at 1.9…",2026-03-31T11:00:49Z,Financial Post
Science Has Two Exciting New Ideas for Your Hairline,"Discover the latest men’s hair loss treatments, from finasteride and minoxidil to emerging therapies. Learn what works, side effects, and how to regrow thinning hair effectively.",2026-03-31T11:00:00Z,menshealth.com
Aya Gold & Silver Reports Record Results for Q4-2025 and Full Year 2025,"Record Revenue, Net Income and Cash Flow from Operations Record Revenue, Net Income and Cash Flow from Operations",2026-03-31T11:00:00Z,GlobeNewswire
UNCF “A Mind Is…” New York Gala Raises Record $1.3M for HBCUs and Student Success,"Honoring visionary leaders and delivering transformative impact, funds will help continue UNCF's legacy of bridging the gap between potential and opportunity Honoring visionary leaders and delivering transformative impact, funds will help continue UNCF's lega…",2026-03-31T11:00:00Z,GlobeNewswire
Bitcoin Everlight Reports Continued Phase 3 Presale Activity Amid Shifting Global Market Conditions,"Bitcoin Everlight advances Phase 3 presale against a backdrop of US-Iran tensions as early participants continue entering the network  SAN FRANCISCO,...",2026-03-31T11:00:00Z,GlobeNewswire
"They Were Told Wrestling Was Only for Boys. Now, This NYC Club Is Proving Girls Can Fight for Their Futures.","In the Bronx and Harlem, shy girls and a two-time Olympian join forces to build a wrestling club that’s quietly changing futures and creating possibilities.",2026-03-31T11:00:00Z,Women's Health
Oil Shock Tests Bank of Thailand’s Wait-and-See Policy Stance,"Thailand’s central bank signaled a wait-and-see monetary policy approach, saying interest-rate cuts are unlikely to be effective against a Middle East-driven oil shock while leaving the door open to tightening if inflation pressures persist.",2026-03-31T10:54:22Z,Financial Post
"Ausblick: Edelmetallverband: Gold zieht wieder an, Silber gefragt","Rechenzentren, Photovoltaik, Katalysatoren oder der „sichere Hafen“ für Anleger: Gold, Silber und Platin sind begehrt. Trotzdem spürt die Branche auch negative Folgen des Weltgeschehens.",2026-03-31T10:47:21Z,Der Tagesspiegel
"Ausblick: Edelmetallverband: Gold zieht wieder an, Silber gefragt","Hier finden Sie Informationen zu dem Thema „Ausblick“. Lesen Sie jetzt „Edelmetallverband: Gold zieht wieder an, Silber gefragt“.",2026-03-31T10:46:02Z,Die Zeit
"Ausblick: Edelmetallverband: Gold zieht wieder an, Silber gefragt","Rechenzentren, Photovoltaik, Katalysatoren oder der ""sichere Hafen"" für Anleger: Gold, Silber und Platin sind begehrt. Trotzdem spürt die Branche auch negative Folgen des Weltgeschehens.",2026-03-31T10:46:02Z,STERN.de
Plus - Test: Avowed - Patch 2.0 im Nachtest: Mein umstrittener Rollenspiel-Geheimtipp ist ein Jahr nach Release um einiges besser geworden,"Neue Völker, New Game Plus und viele Bugfixes im Anniversary Update 2.0 machen Avowed in Peters Augen endgültig zum Pflichtbesuch für Rollenspieler mit Spaß am Erkunden.",2026-03-31T10:41:00Z,GameStar
"BYDFi Marks 6th Anniversary with Month-Long Celebration, Built for Reliability","Victoria, Seychelles, 31st March 2026, Chainwire
The post BYDFi Marks 6th Anniversary with Month-Long Celebration, Built for Reliability appeared first on The Daily Hodl.",2026-03-31T10:40:56Z,The Daily Hodl
"BYDFi Marks Sixth Anniversary With Month-Long Celebration, Built for Reliability","Global crypto trading platform BYDFi will mark its sixth anniversary with a month-long celebration beginning on April 1, 2026, highlighting BYDFi’s evolution into an all-in-one crypto trading platform built on a CEX + DEX dual-engine model.",2026-03-31T10:40:56Z,The Daily Hodl
"₹7,999 में Lava Bold N2 Pro भारत में लॉन्च, मिलेगा 50MP कैमरा और 5,000mAh बैटरी",Lava Bold N2 Pro: Lava Bold N2 Pro को भारत में मंगलवार को लॉन्च किया गया। कंपनी का यह एंट्री-लेवल स्मार्टफोन 50MP के रियर कैमरे और 8MP के सेल्फी कैमरे से लैस है। यह 4G कनेक्टिविटी को सपोर्ट करता है और Android 15 पर चलता है। यह हैंडसेट दो कलर ऑप्शन में उपलब्ध …,2026-03-31T10:39:30Z,Moneycontrol
(VIDEO) Socceroos vs Curacao LIVE: Where to Watch Australia's Final Home Friendly Before 2026 World Cup,"MELBOURNE — The CommBank Socceroos face Curaçao tonight at AAMI Park in what will be Australia's last international match on home soil before the 2026 FIFA World Cup, with fans able to watch the FIFA Series 2026 clash live and free on Network 10 or via Paramo…",2026-03-31T10:34:50Z,Ibtimes.com.au
Botnet russe : prison ferme aux États-Unis,"Condamnation d'un opérateur russe de botnet lié au ransomware, au cœur de la chaîne d’accès cybercriminelle.",2026-03-31T10:33:05Z,Zataz.com
LibreOffice vs ONLYOFFICE - Which One Is Right For You?,"Both are solid open source office suites but which one should you choose? This in-depth article compares LibreOffice and ONLYOFFICE across features, usability, and real-world experience.",2026-03-31T10:32:41Z,Itsfoss.com
Fastned bietet Osteraktion für kostenlose Schnellladung,Das Unternehmen Fastned bietet über Ostern an fünf Schnellladestationen in Deutschland kostenfreies Laden an. Doch es gibt einen kleinen Haken. Vom 04. bis 06. April können Nutzer an ausgewählten Standorten …,2026-03-31T10:30:50Z,mobiFlip.de
Lamar Odom in 2026: 10 Essential Things to Know About the Former NBA Star's Tumultuous Journey and Struggles,"LOS ANGELES — As Netflix prepares to release ""Untold: The Death and Life of Lamar Odom"" on March 31, 2026, the former NBA champion remains a compelling figure whose life has blended basketball glory, reality television fame, devastating personal losses and a …",2026-03-31T10:29:49Z,Ibtimes.com.au
Global equities rise; oil on track for record monthly gain,"NEW YORK/PARIS, March 31 : Global shares rose on Tuesday and Brent crude oil prices were poised for a record monthly increase, as traders came to the end of a tumultuous March dominated by the Iran war.Iran attacked a fully-loaded oil tanker off Dubai early o…",2026-03-31T10:29:31Z,CNA
"European stocks gain on hopes for Iran de-escalation, oil set for record monthly rise","PARIS, March 31 : European shares eked out small gains in morning trading on Tuesday but were still on track for their worst month since 2022, while oil prices were set for a record monthly rise, as traders came to the end of a tumultuous March dominated by t…",2026-03-31T10:29:31Z,CNA
"HarmonyOS 6 для устройств Huawei предлагает новый интерфейс, эффекты камеры, сценарии использования","Huawei опубликовала подробные списки устройств, которые могут получить доступ к новым функциям HarmonyOS 6, включая смартфоны, планшеты, умные часы и складные устройства. Huawei присвоила этому обновлению номер версии HarmonyOS 6.0.0.328 , чтобы обозначить вн…",2026-03-31T10:27:00Z,Ixbt.com
Kristaps Porzingis finds his stride with Warriors in March,Porzingis once belonged to someone else’s lottery. Now he might define the Warriors’ last dynastic gamble.,2026-03-31T10:24:30Z,Golden State of Mind
"Iran war exerts cost-push pressure on inflation, says Turkish Central Bank governor","The governor of the Turkish Central Bank said ongoing tensions in the Middle East have driven a sharp rise in energy prices, adding cost-push pressure on inflation and indirectly affecting prices across sectors.",2026-03-31T10:18:19Z,Hurriyet Daily News
"Ken Griffin, the CEO who won’t bend the knee to Trump",Everything you need to know before you reach the office this morning.,2026-03-31T10:17:08Z,Fortune
"Leaching Operations Commence at Calcatreu Project, Marking Transition to Operational Phase","VANCOUVER, British Columbia, March 31, 2026 (GLOBE NEWSWIRE) — Patagonia Gold Corp. (“Patagonia” or the “Company”) (TSXV: PGDC) is pleased to announce the successful commencement of leaching operations at its flagship Calcatreu Project (“Calcatreu” or the “Pr…",2026-03-31T10:16:21Z,Financial Post
GASF names 15 finalists for 2025-26 Central Texas athletes of the year award,The Greater Austin Sports Foundation has named 12 high school student-athletes from Central Texas as boys and girls athletes of the year finalists.,2026-03-31T10:15:00Z,Austin American-Statesman
"Last day to score up to $300 off Apple Watch, $130 off Series 11 Cell models, more","We have now entered the final day of Amazon’s Big Spring Sale and some of the Apple Watch deals are already starting to jump back up in price. Alongside the Series 11 offers from $299 or this Cell model at $130 off, one of the most notable price drops you can…",2026-03-31T10:11:22Z,9to5Toys
"Leaching Operations Commence at Calcatreu Project, Marking Transition to Operational Phase","LEACHING OPERATIONS COMMENCE AT CALCATREU PROJECT, MARKING TRANSITION TO OPERATIONAL PHASE...",2026-03-31T10:11:00Z,GlobeNewswire
Jumio Liveness Premium Wins Gold in 2026 Cybersecurity Excellence Awards,"Jumio is recognized for its advanced biometric liveness detection technology for defending against deepfakes and AI-powered fraud SUNNYVALE, Calif. — Jumio, leading provider of AI-powered identity intelligence, today announced that Jumio Liveness Premium has …",2026-03-31T10:09:57Z,Financial Post
Bvlgari Hotel Roma: grandeur and high design in the Eternal City,A stylish rooftop bar and subterranean spa take this luxury hotel to another level,2026-03-31T10:07:33Z,The Week Magazine
Caster Semenya pledges to fight against Olympic gender-testing policy,"'We're going to be vocal about it, we're going to make noise until we're heard,' South Africa's gold medallist says.",2026-03-31T10:06:55Z,Al Jazeera English
Analysts Remain Bullish on Vox Royalty (VOXR) Following Company’s Inclusion in the VanEck Junior Gold Miners ETF,,2026-03-31T10:06:13Z,Yahoo Entertainment
Analysts Sentiment on TRX Gold (TRX) Remains Robust Following Strong Q2 2026 Results,,2026-03-31T10:06:11Z,Yahoo Entertainment
Analysts Bullish on Gold Royalty (GROY) Following Record Fiscal Annual Revenue And Operating Cash Flows For 2025,,2026-03-31T10:06:09Z,Yahoo Entertainment
Taiwan Olympic boxing champ involved in gender debate wins first bout at Asian titles,Lin Yu-ting comfortably won her first international bout since the 2024 Paris Olympics at the Asian championships on Tuesday after World Boxing said she passed a gene test. Taiwan's first Olympic boxing champion beat Thananya Somnuek of Thailand 5-0 in the ro…,2026-03-31T10:06:07Z,Yahoo Entertainment
Analysts See Over 100% Upside for New Found (NFGC) Amid Accelerated Progress At Queensway Gold Project,,2026-03-31T10:06:07Z,Yahoo Entertainment
Analysts Bullish on Galiano Gold (GAU) Amid Strong Share Price Momentum,,2026-03-31T10:06:06Z,Yahoo Entertainment
Analysts Bullish on Dakota Gold (DC) Amid Accelerated Progress at Richmond Hill,"Dakota Gold Corp. (NYSE:DC) earns a place on our list of the 8 best gold penny stocks to buy according to analysts. As of March 28, 2026, 100% of covering...",2026-03-31T10:06:04Z,Yahoo Entertainment
"Canneseries 2026 Dials up the U.S. With HBO Opening Series ‘Half Man,’ Scott Free’s Latest ‘Terror’ Season and Apple TV+’s ‘Star City’","The Hollywood studios may be sitting out the Cannes Film Festival but a more than respectable cohort of major U.S. players will hit Canneseries, Cannes TV festival, a month earlier.  They are led by HBO with Richard Gadd’s highly anticipated “Half Man” which …",2026-03-31T10:03:25Z,Variety
"Records в C#: Классы, которые пишут код за вас","Давайте представим, что вам нужно создать класс для хранения данных пользователя. Сколько строк кода вы напишете? Конструктор, свойства, метод ToString(), сравнение объектов... А если добавится новое поле? Придется обновлять конструктор, метод Equals, GetHash…",2026-03-31T10:03:07Z,Habr.com
"22k gold rate today: Check 22K, 24K gold prices (March 31, 2026) on Tanishq, Malabar Gold & Diamonds, Kalyan Jewellers, Joyalukkas and IBJA","Gold rate prediction: Gold prices experienced a slight increase on March 31, 2026, with 22K gold rates rising across major jewelry brands like Tanishq, Kalyan Jewellers, Malabar Gold & Diamonds, and Joyalukkas.",2026-03-31T10:01:49Z,The Times of India
"Der Countdown läuft - Meldet sich keiner, kriegt ein Dorf das ganze Gold","Jetzt läuft die Zeit für den bisherigen Eigentümer ab. Meldet er sich nicht rechtzeitig, hat ein Bürgermeister große Pläne mit dem Schatz.",2026-03-31T10:01:25Z,Bild
From Prosthetics To Houses: 26 Brilliant Things Made With A 3D Printer,"3D printing has been around for much longer than you might think; almost 40 years in fact. But it's only recently that the potential of this technology has begun to be realized, advances in sensors, 3D printing software and materials mean that the most incred…",2026-03-31T10:01:03Z,Boredpanda.com
Today in Boston Celtics history: Boston's first playoff win; Barksdale born; '59 draft,"Today in Boston Celtics history, Don Barksdale was born in Oakland, California, in 1923.",2026-03-31T10:00:06Z,USA Today
How To Destroy Wealth,This November California voters might show the country how to wreck an economy in the name of fairness.,2026-03-31T10:00:00Z,Forbes
Trump sees 'America First' opportunity in Nasa mission to Moon,"A competitive edge with China and a possible lunar gold rush are twin goals behind Artemis II, experts tell the BBC.",2026-03-31T09:56:05Z,BBC News
"One Year Later, Trump’s Dirty 15 Trade Partners Are $85 Billion Dirtier","Despite a variety of efforts, including IEEPA tariffs, which the Supreme Court ruled unconstitutional last month, the U.S. trade deficit continued to increase.",2026-03-31T09:56:00Z,Forbes
Deion Sanders' wild reaction to Shedeur's jersey number change: Now let the church shout Amen!,"Shedeur Sanders, who navigated his rookie NFL season wearing number 12, has officially switched back to the number 2, the same digit that defined his record-breaking tenures at Jac",2026-03-31T09:53:24Z,Marca
Skeena Gold & Silver Confirms Eskay Creek Reaches 49% Completion & Provides Project Update; Initial Production Remains on Schedule for Q2 2027,"VANCOUVER, British Columbia, March 31, 2026 (GLOBE NEWSWIRE) -- Skeena Resources Limited (TSX: SKE, NYSE: SKE) (“Skeena Gold & Silver”, “Skeena” or the “Company”) is pleased to provide an update on the advancement of its 100% owned Eskay Creek Gold-Silver Pro…",2026-03-31T12:20:00Z,GlobeNewswire
Oil Prices Hold Above $100 And Wall Street Rebounds As U.S. Exchanges Strikes With Iran,Wall Street is rebounding early and oil prices are holding above $100 as the U.S. and Iran trade military strikes in the fifth week of the war.,2026-03-31T12:19:12Z,HuffPost
"Wall Street's rough month, Powell's inflation outlook, GLP-1 subscription and more in Morning Squawk",Here are five key things investors need to know to start the trading day.,2026-03-31T12:16:39Z,CNBC
"Plaketten, Medaillen, Urkunden: Frankfurt ist bei der Verleihung von Auszeichnungen großzügig",Mehr als ein Dutzend Preise verleiht Frankfurt an verdiente Personen: Jetzt wird erstmals der Europäische Paulskirchenpreis für Demokratie verliehen. Doch mit der wichtigsten Auszeichnung ist man im Römer knauserig.,2026-03-31T12:15:56Z,Faz.net
"Furto nell’ex convento, ma senza querela cade tutto per la legge Cartabia: tre imputati prosciolti","La legge Cartabia, che ha reso obbligatoria la querela delle persone offese nei casi di furto, continua a mietere vittime. Non i responsabili dei reati, ma le vere vittime, che, se non formalizzano il danno subito, rendono vano l’iter giudiziario, con la cons…",2026-03-31T12:13:43Z,Ilfattoquotidiano.it
"Oil prices hold above $100, Wall Street rebounds amid Iran war strikes","Oil prices hold above $100, Wall Street rebounds amid Iran war strikesbostonherald.com",2026-03-31T12:11:55Z,Boston Herald
L’indagine su San Siro è un macigno nella corsa al dopo-Sala,Cade in un momento particolarissimo la nuova tegola giudiziaria sulla vendita di San Siro alle società di calcio da parte del Comune di Milano. Infatti non suona soltanto inevitabilmente come sano contrappunto ‘verso sinistra’ dell’indagine che a Roma sta met…,2026-03-31T12:11:06Z,Ilfattoquotidiano.it
"Rotraut, de weduwe van Yves Klein, exposeert in Nederland: ‘We hebben telepathisch contact, hij is mijn soulmate’","In het Stedelijk Museum Schiedam is een tentoonstelling te zien met werk van de Franse kunstenaar Yves Klein, zijn vader, moeder en weduwe Rotraut Klein-Moquay. In de opstelling worden de artistieke uitwisselingen tussen de familieleden zichtbaar.",2026-03-31T12:09:52Z,Www.nrc.nl
"Istat: nel 2025 nuovo crollo delle nascite, solo 355mila. E la famiglia più diffusa è quella composta da una sola persona","Il calo demografico in Italia prosegue malgrado lo sbandierato impegno pro natalità del governo Meloni. E l’Istat lo certifica. Solo l’arrivo dei migranti contrasta gli effetti negativi del declino della natalità. Nel 2025 le nascite sono state 355mila, con u…",2026-03-31T12:08:04Z,Ilfattoquotidiano.it
Trump's proposed presidential library revealed as towering Miami skyscraper in striking new video,"New renderings of President Donald Trump's proposed Miami presidential library reveal a glass waterfront skyscraper with gold lettering, a Trump statue, and Oval Office replicas.",2026-03-31T12:07:49Z,Fox News
Si te asustaste al ver al niño de 6 años pilotando una moto de 218 CV... también lo ha hecho con una de 326 CV,"Seguramente Kenan Sofuoglu no será nombrado nunca ‘Padre del Año’, porque el excampeón turco de Supersport ya nos ha mostrado diversos vídeos donde su pequeño hijo Zayn monta enormes motos desde muy pequeño.",2026-03-31T12:04:52Z,Mundodeportivo.com
Megyn Kelly Praises ‘Classy’ Trump Presidential Library Featuring Giant Gold Statue of President,"Megyn Kelly praised the ""classy"" plans for President Donald Trump's official presidential library, which is set to include a giant gold statue.
The post Megyn Kelly Praises ‘Classy’ Trump Presidential Library Featuring Giant Gold Statue of President first app…",2026-03-31T12:03:21Z,Mediaite
"WWE Raw takeaways: The Vision win tag titles, Punk destroys Reigns","Check out the top takeaways from WWE Raw on March 30, which took place at Madison Square Garden in New York.",2026-03-31T12:02:36Z,USA Today
"Apple's 50-Year Legacy of Product Innovation, Through CNET's Lens",The Cupertino colossus has created some of the most iconic products over the last 50 years. Here are ones that stand out.,2026-03-31T12:01:02Z,CNET
Behind Cryptocurrency’s Commercial Real Estate Moment,"Thirteen years ago, Grant Cardone, CEO of Cardone Capital, a multifamily syndication firm with $5 billion in assets today, was paid for a speaking engagement in 115 BTC, or Bitcoin.  For the uninitiated, Bitcoin is the most famous currency in the cryptocurren…",2026-03-31T12:00:54Z,Commercial Observer
Coachella 2026 Shoe Trends Worth Packing — and the One to Leave Home,FN has rounded up a few trending footwear styles to wear at the 2026 Coachella Valley Music & Arts Festival in April — and one style to avoid.,2026-03-31T12:00:00Z,WWD
Common gold IRA rollover mistakes and how to avoid them,Minimize your risk by learning about the most common gold IRA mistakes and how to avoid them.,2026-03-31T12:00:00Z,Yahoo Entertainment
28 Kitchen Bar Seating Ideas for 2026 So Good Your Dining Table Starts Feeling Ignored,"Kitchen bars are more than just a place to sit they’re where style and function meet. These 28 kitchen bar seating ideas are stylish, comfortable, and space-savvy perfect for creating a spot that feels inviting, practical, and seamlessly integrated into your …",2026-03-31T12:00:00Z,Thecoolist.com
"₹7,999 में लॉन्च हुआ धांसू स्मार्टफोन, 120Hz डिस्प्ले और 50MP कैमरा","लावा ने भारत में एक बजट स्मार्टफोन लॉन्च किया है जिसमें 120Hz रिफ्रेश रेट डिस्प्ले मिलता है. इस फोन में 5,000mAh की बैटरी और 50 मेगापिक्सल का कैमरा दिया गया है.",2026-03-31T11:59:36Z,Aajtak.in
"“Igor, l’eroe romantico”: a Milano Fabio Galante introduce il documentario su Protti","Il calcio anni Novanta è il calcio dei campioni che sembrano eroi greci o carismatici personaggi byroniani volti verso il sublime, in soccorso dei più deboli. Uno degli ultimi eroi romantici di quel calcio è Igor Protti, l’unico che si è laureato 4 volte capo…",2026-03-31T11:58:39Z,Ilfattoquotidiano.it
"Lenders turn risk-averse, focus on high CIBIL score borrowers as gold loans surge in India","Lenders are prioritizing borrowers with strong credit histories and higher loan amounts, leading to a decline in new-to-credit customers. Despite this cautious approach, the overall credit market shows improved health, driven by better asset quality. Gold loa…",2026-03-31T11:58:18Z,The Times of India
6 simple home workouts that can relieve calf pain,"The standing wall stretch is the gold standard for targeting the larger, upper portion of the calf muscle. By placing your hands against a wall and extending one leg back with a locked knee, you create a deep, sustained pull that realigns muscle fibers. This …",2026-03-31T11:55:02Z,Economictimes.com
1287405 B.C. Ltd and Monteoro Minerals Announce Proposed Go-Public Transaction and C$17 Million Financing,"Not for distribution to U.S. newswire services or for release publication, distribution or dissemination, directly or indirectly, in whole or in part, in or into the United States. Any failure to comply with this restriction may constitute a violation of U.S.…",2026-03-31T11:53:14Z,Financial Post
Dozens killed in South Sudan gold mine attack,"Over 70 people have been killed and dozens injured in South Sudan, Vice President James Wani Igga has said Read Full Article at RT.com",2026-03-31T11:51:40Z,RT
1287405 B.C. Ltd and Monteoro Minerals Announce Proposed Go-Public Transaction and C$17 Million Financing,"Not for distribution to U.S. newswire services or for release publication, distribution or dissemination, directly or indirectly, in whole or in part, in or into the United States. Any failure to comply with this restriction may constitute a violation of U.S.…",2026-03-31T11:51:00Z,GlobeNewswire
What to know about Trump’s presidential library,The Yodel newsletter: Get caught up on this morning's news,2026-03-31T11:50:18Z,Yahoo Entertainment
"KOMMENTAR - Die Verluste sind grösser als bei Aktien: Wer in Gold einen Schutz vor Krisen sieht, überschätzt dessen Magie",Das Edelmetall hat seit dem Beginn des Iran-Kriegs stark an Wert verloren. Der Glaube an Gold als sicheren Hafen entpuppt sich in kurzer Frist einmal mehr als Irrtum.,2026-03-31T11:50:00Z,Www.nzz.ch
6 easy high protein breakfasts for busy mornings,"Overnight oats are the ultimate  grab-and-go  solution, requiring zero preparation time during the actual morning rush. By mixing rolled oats with a thick, protein-dense Greek yogurt and a scoop of your favorite protein powder, you create a creamy, pudding-li…",2026-03-31T11:45:07Z,Economictimes.com
"‘Get Out’ While Bitcoin is Still Above $65k, Says Peter Schiff as Maximalist Dumps $20 Million in BTC",Gold Proponent Peter Schiff has stated that it is hard to believe Bitcoin is still above $65k and holders should cash out while they can.,2026-03-31T11:40:04Z,ZyCrypto
Are Dems now so corrupt they’d bar Bruce Blakeman from getting campaign funding?,New York state’s Public Campaign Finance Board is preparing to deny $7 million to Republican gubernatorial candidate Bruce Blakeman because he didn’t include his running mate’s name on a form . . . that doesn’t exist yet. This November is the first statewide …,2026-03-31T11:39:09Z,New York Post
Abhay Singh and Anahat Singh Receive Top Asian Squash Federation Awards,"Abhay Singh and Anahat Singh have been recognised as the Asian Squash Federation's outstanding players of the year, while the Indian boys team received the men's team award.",2026-03-31T11:38:18Z,Rediff.com
New twist in the Brandon Aiyuk case: 49ers owner Jed York hasn't ruled out his return,"The San Francisco 49ers&apos; ownership has injected a surprising dose of uncertainty into what many believed was a foregone conclusion regarding Brandon Aiyuk&apos;s future.

Spea",2026-03-31T11:35:07Z,Marca
"Kobo Resources Intersects Strong Gold Results Across All Three Zones at Kossou, Including 7.0 m at 5.06 g/t Au at the Road Cut Zone","High-grade gold results returned from the Road Cut Zone with 7.0 m at 5.06 g/t Au incl. 1.0 m at 20.00 g/t Au, with encouraging gold mineralisation intersected along the Contact Zone Fault area Strong gold mineralisation intersected in all three Kadie Zone ho…",2026-03-31T11:32:02Z,Financial Post
TomaGold Starts Drilling at Berrigan Mine,"1,500-metre Phase 2 drilling program aimed at testing the newly-discovered Berrigan Deep Zone MONTRÉAL — TOMAGOLD CORPORATION (TSXV: LOT; OTCPK: TOGOF) (“TomaGold” or the “Company”) is pleased to announce that drilling has started at its Berrigan Mine project…",2026-03-31T11:31:18Z,Financial Post
Pragmata ya es gold: Capcom confirma que su esperada aventura de ciencia ficción está lista para llegar en abril,"<!--cache-->El nuevo juego de Capcom ha superado una de las últimas grandes fases antes del lanzamiento y mantiene su esperado estreno para el 17 de abril en PS5, Xbox Series, Switch 2 y PC.<!--aa--->Capcom ya puede dar prácticamente por cerrado el desarrollo…",2026-03-31T11:31:00Z,Elespanol.com
Jarren Duran needs to be Captain Chaos for the Red Sox,Stop thinking and play ball.,2026-03-31T11:28:32Z,Over The Monster
"Piramal Finance AUM crosses ₹1 lakh crore, eyes microfinance acquisition","Piramal Finance plans to diversify beyond home loans into microfinance and gold loans, aiming to reach Rs 1.5 lakh crore AUM by March 2028, while maintaining a cautious approach amid global uncertainties",2026-03-31T11:27:56Z,BusinessLine
Middle East Conflict Erases Arab Region's Annual Economic Growth – UN,"The conflict in the Middle East has nullified the annual economic growth of the Arab region, with losses potentially reaching nearly $200 billion, according to a report by the United Nations Development Programme (UNDP).",2026-03-31T11:23:26Z,Sputnikglobe.com
Crypto Trading Platform BYDFi Marks Sixth Anniversary with Month-Long Celebration,"Beginning on April 1, 2026, the cryptocurrency trading platform BYDFi will commemorate its sixth anniversary with a month-long event highlighting its development into an all-in-one platform based on a CEX + DEX dual-engine concept. BYDFi has developed a platf…",2026-03-31T11:19:13Z,ZyCrypto
"Realme 16 5G, Vivo V70 FE, OnePlus Nord 6, OPPO Find X9 Ultra & more smartphones launching in April; Check launch date, price and features here","April 2026 is set to be a busy month for smartphone launches in India with devices from Realme, Vivo, Redmi, OnePlus and OPPO. Key models include Realme 16 5G and Vivo V70 FE on April 2, OnePlus Nord 6 on April 7, and the premium OPPO Find X9 Ultra on April 2…",2026-03-31T11:17:24Z,The Times of India
Did The Sullivan Generator Survive After Shark Tank? Here's What Happened After Season 3,"Of all the ideas presented to ""Shark Tank's"" judges, the Sullivan Generator is one of the most outwardly outlandish, but what happened to it and its creator?",2026-03-31T11:17:00Z,BGR
"Indonesian forest loss surges by 66% in 2025, driven by Prabowo's self-sufficiency drive: Report","A total of 433,751 hectares of forest was cleared last year, a dramatic jump from 261,575 hectares in 2024, a study by a think tank found.",2026-03-31T11:16:00Z,CNA
"Quantum risk resurfaces at the worst time for bitcoin, but 1 token is loving it","Your day-ahead look for March 31, 2026",2026-03-31T11:15:00Z,CoinDesk
Funnel’s Forum 2026 brings 150+ of multifamily’s top leaders to Scottsdale to build the world’s best renter experience,Funnel’s Forum 2026 brings 150+ of multifamily’s top leaders to Scottsdale to build the world’s best renter experience...,2026-03-31T11:15:00Z,GlobeNewswire
"Florida Panthers announce hiring of former Amazon, Disney exec Michael White as business president",The Florida Panthers have named tech and guest-experience executive Michael White as their new president of business operations,2026-03-31T11:14:45Z,Abcnews.com
Aya Gold & Silver Reports Record Results for Q4-2025 and Full Year 2025,"Record Revenue, Net Income and Cash Flow from Operations MONTREAL, March 31, 2026 (GLOBE NEWSWIRE) — Aya Gold & Silver Inc. (TSX: AYA; OTCQX: AYASF) (“Aya” or the “Corporation”) today announced its financial and operational results for the fourth quarter and …",2026-03-31T11:03:49Z,Financial Post
Bitget lists edgeX (EDGE) for Spot Trading,"Bitget adds edgeX (EDGE) in Innovation Zone. EDGE/USDT spot trading opens Mar 31, 2026 12:30 UTC; withdrawals Apr 1....",2026-03-31T11:03:00Z,GlobeNewswire
Fort Collins basketball star named Blue FCU's top winter girls athlete,Fort Collins basketball's Annika VanDalen was named the Fort Collins area's top winter girls athlete after leading a Lambkins' turnaround season.,2026-03-31T11:02:26Z,Coloradoan
"The new Lava Bold N2 Pro debuts with an old 4G chipset, 6.67"" 120Hz display","A month ago, Lava introduced the Bold N2, a fairly basic 4G phone. Now the company is launching the Lava Bold N2 Pro – confusingly, the Pro phone is smaller and cheaper than its vanilla sibling. Huh?

The N2 Pro is powered by the Unisoc T7250, a staple of che…",2026-03-31T11:01:02Z,GSMArena.com
Northisle Announces Infill Drill Results at Northwest Expo Extend Strike and Add New High-Grade Intervals,"High-grade interval in NW25-57 of 117.0 metres at 1.50 g/t Au Eq., including 52.5 metres at 1.91 g/t Au Eq. Highlights: Selected gold-equivalent assay intercepts include: NW25-57: 117.0 metres at 1.50 g/t Au Eq. from 231.0 metres, including 52.5 metres at 1.9…",2026-03-31T11:00:49Z,Financial Post
Science Has Two Exciting New Ideas for Your Hairline,"Discover the latest men’s hair loss treatments, from finasteride and minoxidil to emerging therapies. Learn what works, side effects, and how to regrow thinning hair effectively.",2026-03-31T11:00:00Z,menshealth.com
Aya Gold & Silver Reports Record Results for Q4-2025 and Full Year 2025,"Record Revenue, Net Income and Cash Flow from Operations Record Revenue, Net Income and Cash Flow from Operations",2026-03-31T11:00:00Z,GlobeNewswire
UNCF “A Mind Is…” New York Gala Raises Record $1.3M for HBCUs and Student Success,"Honoring visionary leaders and delivering transformative impact, funds will help continue UNCF's legacy of bridging the gap between potential and opportunity Honoring visionary leaders and delivering transformative impact, funds will help continue UNCF's lega…",2026-03-31T11:00:00Z,GlobeNewswire
Bitcoin Everlight Reports Continued Phase 3 Presale Activity Amid Shifting Global Market Conditions,"Bitcoin Everlight advances Phase 3 presale against a backdrop of US-Iran tensions as early participants continue entering the network  SAN FRANCISCO,...",2026-03-31T11:00:00Z,GlobeNewswire
"They Were Told Wrestling Was Only for Boys. Now, This NYC Club Is Proving Girls Can Fight for Their Futures.","In the Bronx and Harlem, shy girls and a two-time Olympian join forces to build a wrestling club that’s quietly changing futures and creating possibilities.",2026-03-31T11:00:00Z,Women's Health
Oil Shock Tests Bank of Thailand’s Wait-and-See Policy Stance,"Thailand’s central bank signaled a wait-and-see monetary policy approach, saying interest-rate cuts are unlikely to be effective against a Middle East-driven oil shock while leaving the door open to tightening if inflation pressures persist.",2026-03-31T10:54:22Z,Financial Post
"Ausblick: Edelmetallverband: Gold zieht wieder an, Silber gefragt","Rechenzentren, Photovoltaik, Katalysatoren oder der „sichere Hafen“ für Anleger: Gold, Silber und Platin sind begehrt. Trotzdem spürt die Branche auch negative Folgen des Weltgeschehens.",2026-03-31T10:47:21Z,Der Tagesspiegel
"Ausblick: Edelmetallverband: Gold zieht wieder an, Silber gefragt","Hier finden Sie Informationen zu dem Thema „Ausblick“. Lesen Sie jetzt „Edelmetallverband: Gold zieht wieder an, Silber gefragt“.",2026-03-31T10:46:02Z,Die Zeit
"Ausblick: Edelmetallverband: Gold zieht wieder an, Silber gefragt","Rechenzentren, Photovoltaik, Katalysatoren oder der ""sichere Hafen"" für Anleger: Gold, Silber und Platin sind begehrt. Trotzdem spürt die Branche auch negative Folgen des Weltgeschehens.",2026-03-31T10:46:02Z,STERN.de
Plus - Test: Avowed - Patch 2.0 im Nachtest: Mein umstrittener Rollenspiel-Geheimtipp ist ein Jahr nach Release um einiges besser geworden,"Neue Völker, New Game Plus und viele Bugfixes im Anniversary Update 2.0 machen Avowed in Peters Augen endgültig zum Pflichtbesuch für Rollenspieler mit Spaß am Erkunden.",2026-03-31T10:41:00Z,GameStar
"BYDFi Marks 6th Anniversary with Month-Long Celebration, Built for Reliability","Victoria, Seychelles, 31st March 2026, Chainwire
The post BYDFi Marks 6th Anniversary with Month-Long Celebration, Built for Reliability appeared first on The Daily Hodl.",2026-03-31T10:40:56Z,The Daily Hodl
"BYDFi Marks Sixth Anniversary With Month-Long Celebration, Built for Reliability","Global crypto trading platform BYDFi will mark its sixth anniversary with a month-long celebration beginning on April 1, 2026, highlighting BYDFi’s evolution into an all-in-one crypto trading platform built on a CEX + DEX dual-engine model.",2026-03-31T10:40:56Z,The Daily Hodl
"₹7,999 में Lava Bold N2 Pro भारत में लॉन्च, मिलेगा 50MP कैमरा और 5,000mAh बैटरी",Lava Bold N2 Pro: Lava Bold N2 Pro को भारत में मंगलवार को लॉन्च किया गया। कंपनी का यह एंट्री-लेवल स्मार्टफोन 50MP के रियर कैमरे और 8MP के सेल्फी कैमरे से लैस है। यह 4G कनेक्टिविटी को सपोर्ट करता है और Android 15 पर चलता है। यह हैंडसेट दो कलर ऑप्शन में उपलब्ध …,2026-03-31T10:39:30Z,Moneycontrol
(VIDEO) Socceroos vs Curacao LIVE: Where to Watch Australia's Final Home Friendly Before 2026 World Cup,"MELBOURNE — The CommBank Socceroos face Curaçao tonight at AAMI Park in what will be Australia's last international match on home soil before the 2026 FIFA World Cup, with fans able to watch the FIFA Series 2026 clash live and free on Network 10 or via Paramo…",2026-03-31T10:34:50Z,Ibtimes.com.au
Botnet russe : prison ferme aux États-Unis,"Condamnation d'un opérateur russe de botnet lié au ransomware, au cœur de la chaîne d’accès cybercriminelle.",2026-03-31T10:33:05Z,Zataz.com
LibreOffice vs ONLYOFFICE - Which One Is Right For You?,"Both are solid open source office suites but which one should you choose? This in-depth article compares LibreOffice and ONLYOFFICE across features, usability, and real-world experience.",2026-03-31T10:32:41Z,Itsfoss.com
Fastned bietet Osteraktion für kostenlose Schnellladung,Das Unternehmen Fastned bietet über Ostern an fünf Schnellladestationen in Deutschland kostenfreies Laden an. Doch es gibt einen kleinen Haken. Vom 04. bis 06. April können Nutzer an ausgewählten Standorten …,2026-03-31T10:30:50Z,mobiFlip.de
Lamar Odom in 2026: 10 Essential Things to Know About the Former NBA Star's Tumultuous Journey and Struggles,"LOS ANGELES — As Netflix prepares to release ""Untold: The Death and Life of Lamar Odom"" on March 31, 2026, the former NBA champion remains a compelling figure whose life has blended basketball glory, reality television fame, devastating personal losses and a …",2026-03-31T10:29:49Z,Ibtimes.com.au
Global equities rise; oil on track for record monthly gain,"NEW YORK/PARIS, March 31 : Global shares rose on Tuesday and Brent crude oil prices were poised for a record monthly increase, as traders came to the end of a tumultuous March dominated by the Iran war.Iran attacked a fully-loaded oil tanker off Dubai early o…",2026-03-31T10:29:31Z,CNA
"European stocks gain on hopes for Iran de-escalation, oil set for record monthly rise","PARIS, March 31 : European shares eked out small gains in morning trading on Tuesday but were still on track for their worst month since 2022, while oil prices were set for a record monthly rise, as traders came to the end of a tumultuous March dominated by t…",2026-03-31T10:29:31Z,CNA
"HarmonyOS 6 для устройств Huawei предлагает новый интерфейс, эффекты камеры, сценарии использования","Huawei опубликовала подробные списки устройств, которые могут получить доступ к новым функциям HarmonyOS 6, включая смартфоны, планшеты, умные часы и складные устройства. Huawei присвоила этому обновлению номер версии HarmonyOS 6.0.0.328 , чтобы обозначить вн…",2026-03-31T10:27:00Z,Ixbt.com
Kristaps Porzingis finds his stride with Warriors in March,Porzingis once belonged to someone else’s lottery. Now he might define the Warriors’ last dynastic gamble.,2026-03-31T10:24:30Z,Golden State of Mind
"Iran war exerts cost-push pressure on inflation, says Turkish Central Bank governor","The governor of the Turkish Central Bank said ongoing tensions in the Middle East have driven a sharp rise in energy prices, adding cost-push pressure on inflation and indirectly affecting prices across sectors.",2026-03-31T10:18:19Z,Hurriyet Daily News
"Ken Griffin, the CEO who won’t bend the knee to Trump",Everything you need to know before you reach the office this morning.,2026-03-31T10:17:08Z,Fortune
"Leaching Operations Commence at Calcatreu Project, Marking Transition to Operational Phase","VANCOUVER, British Columbia, March 31, 2026 (GLOBE NEWSWIRE) — Patagonia Gold Corp. (“Patagonia” or the “Company”) (TSXV: PGDC) is pleased to announce the successful commencement of leaching operations at its flagship Calcatreu Project (“Calcatreu” or the “Pr…",2026-03-31T10:16:21Z,Financial Post
GASF names 15 finalists for 2025-26 Central Texas athletes of the year award,The Greater Austin Sports Foundation has named 12 high school student-athletes from Central Texas as boys and girls athletes of the year finalists.,2026-03-31T10:15:00Z,Austin American-Statesman
"Last day to score up to $300 off Apple Watch, $130 off Series 11 Cell models, more","We have now entered the final day of Amazon’s Big Spring Sale and some of the Apple Watch deals are already starting to jump back up in price. Alongside the Series 11 offers from $299 or this Cell model at $130 off, one of the most notable price drops you can…",2026-03-31T10:11:22Z,9to5Toys
"Leaching Operations Commence at Calcatreu Project, Marking Transition to Operational Phase","LEACHING OPERATIONS COMMENCE AT CALCATREU PROJECT, MARKING TRANSITION TO OPERATIONAL PHASE...",2026-03-31T10:11:00Z,GlobeNewswire
Jumio Liveness Premium Wins Gold in 2026 Cybersecurity Excellence Awards,"Jumio is recognized for its advanced biometric liveness detection technology for defending against deepfakes and AI-powered fraud SUNNYVALE, Calif. — Jumio, leading provider of AI-powered identity intelligence, today announced that Jumio Liveness Premium has …",2026-03-31T10:09:57Z,Financial Post
Bvlgari Hotel Roma: grandeur and high design in the Eternal City,A stylish rooftop bar and subterranean spa take this luxury hotel to another level,2026-03-31T10:07:33Z,The Week Magazine
Caster Semenya pledges to fight against Olympic gender-testing policy,"'We're going to be vocal about it, we're going to make noise until we're heard,' South Africa's gold medallist says.",2026-03-31T10:06:55Z,Al Jazeera English
Analysts Remain Bullish on Vox Royalty (VOXR) Following Company’s Inclusion in the VanEck Junior Gold Miners ETF,,2026-03-31T10:06:13Z,Yahoo Entertainment
Analysts Sentiment on TRX Gold (TRX) Remains Robust Following Strong Q2 2026 Results,,2026-03-31T10:06:11Z,Yahoo Entertainment
Analysts Bullish on Gold Royalty (GROY) Following Record Fiscal Annual Revenue And Operating Cash Flows For 2025,,2026-03-31T10:06:09Z,Yahoo Entertainment
Taiwan Olympic boxing champ involved in gender debate wins first bout at Asian titles,Lin Yu-ting comfortably won her first international bout since the 2024 Paris Olympics at the Asian championships on Tuesday after World Boxing said she passed a gene test. Taiwan's first Olympic boxing champion beat Thananya Somnuek of Thailand 5-0 in the ro…,2026-03-31T10:06:07Z,Yahoo Entertainment
Analysts See Over 100% Upside for New Found (NFGC) Amid Accelerated Progress At Queensway Gold Project,,2026-03-31T10:06:07Z,Yahoo Entertainment
Analysts Bullish on Galiano Gold (GAU) Amid Strong Share Price Momentum,,2026-03-31T10:06:06Z,Yahoo Entertainment
Analysts Bullish on Dakota Gold (DC) Amid Accelerated Progress at Richmond Hill,"Dakota Gold Corp. (NYSE:DC) earns a place on our list of the 8 best gold penny stocks to buy according to analysts. As of March 28, 2026, 100% of covering...",2026-03-31T10:06:04Z,Yahoo Entertainment
"Canneseries 2026 Dials up the U.S. With HBO Opening Series ‘Half Man,’ Scott Free’s Latest ‘Terror’ Season and Apple TV+’s ‘Star City’","The Hollywood studios may be sitting out the Cannes Film Festival but a more than respectable cohort of major U.S. players will hit Canneseries, Cannes TV festival, a month earlier.  They are led by HBO with Richard Gadd’s highly anticipated “Half Man” which …",2026-03-31T10:03:25Z,Variety
"Records в C#: Классы, которые пишут код за вас","Давайте представим, что вам нужно создать класс для хранения данных пользователя. Сколько строк кода вы напишете? Конструктор, свойства, метод ToString(), сравнение объектов... А если добавится новое поле? Придется обновлять конструктор, метод Equals, GetHash…",2026-03-31T10:03:07Z,Habr.com
"22k gold rate today: Check 22K, 24K gold prices (March 31, 2026) on Tanishq, Malabar Gold & Diamonds, Kalyan Jewellers, Joyalukkas and IBJA","Gold rate prediction: Gold prices experienced a slight increase on March 31, 2026, with 22K gold rates rising across major jewelry brands like Tanishq, Kalyan Jewellers, Malabar Gold & Diamonds, and Joyalukkas.",2026-03-31T10:01:49Z,The Times of India
"Der Countdown läuft - Meldet sich keiner, kriegt ein Dorf das ganze Gold","Jetzt läuft die Zeit für den bisherigen Eigentümer ab. Meldet er sich nicht rechtzeitig, hat ein Bürgermeister große Pläne mit dem Schatz.",2026-03-31T10:01:25Z,Bild
From Prosthetics To Houses: 26 Brilliant Things Made With A 3D Printer,"3D printing has been around for much longer than you might think; almost 40 years in fact. But it's only recently that the potential of this technology has begun to be realized, advances in sensors, 3D printing software and materials mean that the most incred…",2026-03-31T10:01:03Z,Boredpanda.com
Today in Boston Celtics history: Boston's first playoff win; Barksdale born; '59 draft,"Today in Boston Celtics history, Don Barksdale was born in Oakland, California, in 1923.",2026-03-31T10:00:06Z,USA Today
How To Destroy Wealth,This November California voters might show the country how to wreck an economy in the name of fairness.,2026-03-31T10:00:00Z,Forbes
Trump sees 'America First' opportunity in Nasa mission to Moon,"A competitive edge with China and a possible lunar gold rush are twin goals behind Artemis II, experts tell the BBC.",2026-03-31T09:56:05Z,BBC News
"One Year Later, Trump’s Dirty 15 Trade Partners Are $85 Billion Dirtier","Despite a variety of efforts, including IEEPA tariffs, which the Supreme Court ruled unconstitutional last month, the U.S. trade deficit continued to increase.",2026-03-31T09:56:00Z,Forbes
Deion Sanders' wild reaction to Shedeur's jersey number change: Now let the church shout Amen!,"Shedeur Sanders, who navigated his rookie NFL season wearing number 12, has officially switched back to the number 2, the same digit that defined his record-breaking tenures at Jac",2026-03-31T09:53:24Z,Marca
Skeena Gold & Silver Confirms Eskay Creek Reaches 49% Completion & Provides Project Update; Initial Production Remains on Schedule for Q2 2027,"VANCOUVER, British Columbia, March 31, 2026 (GLOBE NEWSWIRE) -- Skeena Resources Limited (TSX: SKE, NYSE: SKE) (“Skeena Gold & Silver”, “Skeena” or the “Company”) is pleased to provide an update on the advancement of its 100% owned Eskay Creek Gold-Silver Pro…",2026-03-31T12:20:00Z,GlobeNewswire
Oil Prices Hold Above $100 And Wall Street Rebounds As U.S. Exchanges Strikes With Iran,Wall Street is rebounding early and oil prices are holding above $100 as the U.S. and Iran trade military strikes in the fifth week of the war.,2026-03-31T12:19:12Z,HuffPost
"Wall Street's rough month, Powell's inflation outlook, GLP-1 subscription and more in Morning Squawk",Here are five key things investors need to know to start the trading day.,2026-03-31T12:16:39Z,CNBC
"Plaketten, Medaillen, Urkunden: Frankfurt ist bei der Verleihung von Auszeichnungen großzügig",Mehr als ein Dutzend Preise verleiht Frankfurt an verdiente Personen: Jetzt wird erstmals der Europäische Paulskirchenpreis für Demokratie verliehen. Doch mit der wichtigsten Auszeichnung ist man im Römer knauserig.,2026-03-31T12:15:56Z,Faz.net
"Furto nell’ex convento, ma senza querela cade tutto per la legge Cartabia: tre imputati prosciolti","La legge Cartabia, che ha reso obbligatoria la querela delle persone offese nei casi di furto, continua a mietere vittime. Non i responsabili dei reati, ma le vere vittime, che, se non formalizzano il danno subito, rendono vano l’iter giudiziario, con la cons…",2026-03-31T12:13:43Z,Ilfattoquotidiano.it
"Oil prices hold above $100, Wall Street rebounds amid Iran war strikes","Oil prices hold above $100, Wall Street rebounds amid Iran war strikesbostonherald.com",2026-03-31T12:11:55Z,Boston Herald
L’indagine su San Siro è un macigno nella corsa al dopo-Sala,Cade in un momento particolarissimo la nuova tegola giudiziaria sulla vendita di San Siro alle società di calcio da parte del Comune di Milano. Infatti non suona soltanto inevitabilmente come sano contrappunto ‘verso sinistra’ dell’indagine che a Roma sta met…,2026-03-31T12:11:06Z,Ilfattoquotidiano.it
"Rotraut, de weduwe van Yves Klein, exposeert in Nederland: ‘We hebben telepathisch contact, hij is mijn soulmate’","In het Stedelijk Museum Schiedam is een tentoonstelling te zien met werk van de Franse kunstenaar Yves Klein, zijn vader, moeder en weduwe Rotraut Klein-Moquay. In de opstelling worden de artistieke uitwisselingen tussen de familieleden zichtbaar.",2026-03-31T12:09:52Z,Www.nrc.nl
"Istat: nel 2025 nuovo crollo delle nascite, solo 355mila. E la famiglia più diffusa è quella composta da una sola persona","Il calo demografico in Italia prosegue malgrado lo sbandierato impegno pro natalità del governo Meloni. E l’Istat lo certifica. Solo l’arrivo dei migranti contrasta gli effetti negativi del declino della natalità. Nel 2025 le nascite sono state 355mila, con u…",2026-03-31T12:08:04Z,Ilfattoquotidiano.it
Trump's proposed presidential library revealed as towering Miami skyscraper in striking new video,"New renderings of President Donald Trump's proposed Miami presidential library reveal a glass waterfront skyscraper with gold lettering, a Trump statue, and Oval Office replicas.",2026-03-31T12:07:49Z,Fox News
Si te asustaste al ver al niño de 6 años pilotando una moto de 218 CV... también lo ha hecho con una de 326 CV,"Seguramente Kenan Sofuoglu no será nombrado nunca ‘Padre del Año’, porque el excampeón turco de Supersport ya nos ha mostrado diversos vídeos donde su pequeño hijo Zayn monta enormes motos desde muy pequeño.",2026-03-31T12:04:52Z,Mundodeportivo.com
Megyn Kelly Praises ‘Classy’ Trump Presidential Library Featuring Giant Gold Statue of President,"Megyn Kelly praised the ""classy"" plans for President Donald Trump's official presidential library, which is set to include a giant gold statue.
The post Megyn Kelly Praises ‘Classy’ Trump Presidential Library Featuring Giant Gold Statue of President first app…",2026-03-31T12:03:21Z,Mediaite
"WWE Raw takeaways: The Vision win tag titles, Punk destroys Reigns","Check out the top takeaways from WWE Raw on March 30, which took place at Madison Square Garden in New York.",2026-03-31T12:02:36Z,USA Today
"Apple's 50-Year Legacy of Product Innovation, Through CNET's Lens",The Cupertino colossus has created some of the most iconic products over the last 50 years. Here are ones that stand out.,2026-03-31T12:01:02Z,CNET
Behind Cryptocurrency’s Commercial Real Estate Moment,"Thirteen years ago, Grant Cardone, CEO of Cardone Capital, a multifamily syndication firm with $5 billion in assets today, was paid for a speaking engagement in 115 BTC, or Bitcoin.  For the uninitiated, Bitcoin is the most famous currency in the cryptocurren…",2026-03-31T12:00:54Z,Commercial Observer
Coachella 2026 Shoe Trends Worth Packing — and the One to Leave Home,FN has rounded up a few trending footwear styles to wear at the 2026 Coachella Valley Music & Arts Festival in April — and one style to avoid.,2026-03-31T12:00:00Z,WWD
Common gold IRA rollover mistakes and how to avoid them,Minimize your risk by learning about the most common gold IRA mistakes and how to avoid them.,2026-03-31T12:00:00Z,Yahoo Entertainment
28 Kitchen Bar Seating Ideas for 2026 So Good Your Dining Table Starts Feeling Ignored,"Kitchen bars are more than just a place to sit they’re where style and function meet. These 28 kitchen bar seating ideas are stylish, comfortable, and space-savvy perfect for creating a spot that feels inviting, practical, and seamlessly integrated into your …",2026-03-31T12:00:00Z,Thecoolist.com
"₹7,999 में लॉन्च हुआ धांसू स्मार्टफोन, 120Hz डिस्प्ले और 50MP कैमरा","लावा ने भारत में एक बजट स्मार्टफोन लॉन्च किया है जिसमें 120Hz रिफ्रेश रेट डिस्प्ले मिलता है. इस फोन में 5,000mAh की बैटरी और 50 मेगापिक्सल का कैमरा दिया गया है.",2026-03-31T11:59:36Z,Aajtak.in
"“Igor, l’eroe romantico”: a Milano Fabio Galante introduce il documentario su Protti","Il calcio anni Novanta è il calcio dei campioni che sembrano eroi greci o carismatici personaggi byroniani volti verso il sublime, in soccorso dei più deboli. Uno degli ultimi eroi romantici di quel calcio è Igor Protti, l’unico che si è laureato 4 volte capo…",2026-03-31T11:58:39Z,Ilfattoquotidiano.it
"Lenders turn risk-averse, focus on high CIBIL score borrowers as gold loans surge in India","Lenders are prioritizing borrowers with strong credit histories and higher loan amounts, leading to a decline in new-to-credit customers. Despite this cautious approach, the overall credit market shows improved health, driven by better asset quality. Gold loa…",2026-03-31T11:58:18Z,The Times of India
6 simple home workouts that can relieve calf pain,"The standing wall stretch is the gold standard for targeting the larger, upper portion of the calf muscle. By placing your hands against a wall and extending one leg back with a locked knee, you create a deep, sustained pull that realigns muscle fibers. This …",2026-03-31T11:55:02Z,Economictimes.com
1287405 B.C. Ltd and Monteoro Minerals Announce Proposed Go-Public Transaction and C$17 Million Financing,"Not for distribution to U.S. newswire services or for release publication, distribution or dissemination, directly or indirectly, in whole or in part, in or into the United States. Any failure to comply with this restriction may constitute a violation of U.S.…",2026-03-31T11:53:14Z,Financial Post
Dozens killed in South Sudan gold mine attack,"Over 70 people have been killed and dozens injured in South Sudan, Vice President James Wani Igga has said Read Full Article at RT.com",2026-03-31T11:51:40Z,RT
1287405 B.C. Ltd and Monteoro Minerals Announce Proposed Go-Public Transaction and C$17 Million Financing,"Not for distribution to U.S. newswire services or for release publication, distribution or dissemination, directly or indirectly, in whole or in part, in or into the United States. Any failure to comply with this restriction may constitute a violation of U.S.…",2026-03-31T11:51:00Z,GlobeNewswire
What to know about Trump’s presidential library,The Yodel newsletter: Get caught up on this morning's news,2026-03-31T11:50:18Z,Yahoo Entertainment
"KOMMENTAR - Die Verluste sind grösser als bei Aktien: Wer in Gold einen Schutz vor Krisen sieht, überschätzt dessen Magie",Das Edelmetall hat seit dem Beginn des Iran-Kriegs stark an Wert verloren. Der Glaube an Gold als sicheren Hafen entpuppt sich in kurzer Frist einmal mehr als Irrtum.,2026-03-31T11:50:00Z,Www.nzz.ch
6 easy high protein breakfasts for busy mornings,"Overnight oats are the ultimate  grab-and-go  solution, requiring zero preparation time during the actual morning rush. By mixing rolled oats with a thick, protein-dense Greek yogurt and a scoop of your favorite protein powder, you create a creamy, pudding-li…",2026-03-31T11:45:07Z,Economictimes.com
"‘Get Out’ While Bitcoin is Still Above $65k, Says Peter Schiff as Maximalist Dumps $20 Million in BTC",Gold Proponent Peter Schiff has stated that it is hard to believe Bitcoin is still above $65k and holders should cash out while they can.,2026-03-31T11:40:04Z,ZyCrypto
Are Dems now so corrupt they’d bar Bruce Blakeman from getting campaign funding?,New York state’s Public Campaign Finance Board is preparing to deny $7 million to Republican gubernatorial candidate Bruce Blakeman because he didn’t include his running mate’s name on a form . . . that doesn’t exist yet. This November is the first statewide …,2026-03-31T11:39:09Z,New York Post
Abhay Singh and Anahat Singh Receive Top Asian Squash Federation Awards,"Abhay Singh and Anahat Singh have been recognised as the Asian Squash Federation's outstanding players of the year, while the Indian boys team received the men's team award.",2026-03-31T11:38:18Z,Rediff.com
New twist in the Brandon Aiyuk case: 49ers owner Jed York hasn't ruled out his return,"The San Francisco 49ers&apos; ownership has injected a surprising dose of uncertainty into what many believed was a foregone conclusion regarding Brandon Aiyuk&apos;s future.

Spea",2026-03-31T11:35:07Z,Marca
"Kobo Resources Intersects Strong Gold Results Across All Three Zones at Kossou, Including 7.0 m at 5.06 g/t Au at the Road Cut Zone","High-grade gold results returned from the Road Cut Zone with 7.0 m at 5.06 g/t Au incl. 1.0 m at 20.00 g/t Au, with encouraging gold mineralisation intersected along the Contact Zone Fault area Strong gold mineralisation intersected in all three Kadie Zone ho…",2026-03-31T11:32:02Z,Financial Post
TomaGold Starts Drilling at Berrigan Mine,"1,500-metre Phase 2 drilling program aimed at testing the newly-discovered Berrigan Deep Zone MONTRÉAL — TOMAGOLD CORPORATION (TSXV: LOT; OTCPK: TOGOF) (“TomaGold” or the “Company”) is pleased to announce that drilling has started at its Berrigan Mine project…",2026-03-31T11:31:18Z,Financial Post
Pragmata ya es gold: Capcom confirma que su esperada aventura de ciencia ficción está lista para llegar en abril,"<!--cache-->El nuevo juego de Capcom ha superado una de las últimas grandes fases antes del lanzamiento y mantiene su esperado estreno para el 17 de abril en PS5, Xbox Series, Switch 2 y PC.<!--aa--->Capcom ya puede dar prácticamente por cerrado el desarrollo…",2026-03-31T11:31:00Z,Elespanol.com
Jarren Duran needs to be Captain Chaos for the Red Sox,Stop thinking and play ball.,2026-03-31T11:28:32Z,Over The Monster
"Piramal Finance AUM crosses ₹1 lakh crore, eyes microfinance acquisition","Piramal Finance plans to diversify beyond home loans into microfinance and gold loans, aiming to reach Rs 1.5 lakh crore AUM by March 2028, while maintaining a cautious approach amid global uncertainties",2026-03-31T11:27:56Z,BusinessLine
Middle East Conflict Erases Arab Region's Annual Economic Growth – UN,"The conflict in the Middle East has nullified the annual economic growth of the Arab region, with losses potentially reaching nearly $200 billion, according to a report by the United Nations Development Programme (UNDP).",2026-03-31T11:23:26Z,Sputnikglobe.com
Crypto Trading Platform BYDFi Marks Sixth Anniversary with Month-Long Celebration,"Beginning on April 1, 2026, the cryptocurrency trading platform BYDFi will commemorate its sixth anniversary with a month-long event highlighting its development into an all-in-one platform based on a CEX + DEX dual-engine concept. BYDFi has developed a platf…",2026-03-31T11:19:13Z,ZyCrypto
"Realme 16 5G, Vivo V70 FE, OnePlus Nord 6, OPPO Find X9 Ultra & more smartphones launching in April; Check launch date, price and features here","April 2026 is set to be a busy month for smartphone launches in India with devices from Realme, Vivo, Redmi, OnePlus and OPPO. Key models include Realme 16 5G and Vivo V70 FE on April 2, OnePlus Nord 6 on April 7, and the premium OPPO Find X9 Ultra on April 2…",2026-03-31T11:17:24Z,The Times of India
Did The Sullivan Generator Survive After Shark Tank? Here's What Happened After Season 3,"Of all the ideas presented to ""Shark Tank's"" judges, the Sullivan Generator is one of the most outwardly outlandish, but what happened to it and its creator?",2026-03-31T11:17:00Z,BGR
"Indonesian forest loss surges by 66% in 2025, driven by Prabowo's self-sufficiency drive: Report","A total of 433,751 hectares of forest was cleared last year, a dramatic jump from 261,575 hectares in 2024, a study by a think tank found.",2026-03-31T11:16:00Z,CNA
"Quantum risk resurfaces at the worst time for bitcoin, but 1 token is loving it","Your day-ahead look for March 31, 2026",2026-03-31T11:15:00Z,CoinDesk
Funnel’s Forum 2026 brings 150+ of multifamily’s top leaders to Scottsdale to build the world’s best renter experience,Funnel’s Forum 2026 brings 150+ of multifamily’s top leaders to Scottsdale to build the world’s best renter experience...,2026-03-31T11:15:00Z,GlobeNewswire
"Florida Panthers announce hiring of former Amazon, Disney exec Michael White as business president",The Florida Panthers have named tech and guest-experience executive Michael White as their new president of business operations,2026-03-31T11:14:45Z,Abcnews.com
Aya Gold & Silver Reports Record Results for Q4-2025 and Full Year 2025,"Record Revenue, Net Income and Cash Flow from Operations MONTREAL, March 31, 2026 (GLOBE NEWSWIRE) — Aya Gold & Silver Inc. (TSX: AYA; OTCQX: AYASF) (“Aya” or the “Corporation”) today announced its financial and operational results for the fourth quarter and …",2026-03-31T11:03:49Z,Financial Post
Bitget lists edgeX (EDGE) for Spot Trading,"Bitget adds edgeX (EDGE) in Innovation Zone. EDGE/USDT spot trading opens Mar 31, 2026 12:30 UTC; withdrawals Apr 1....",2026-03-31T11:03:00Z,GlobeNewswire
Fort Collins basketball star named Blue FCU's top winter girls athlete,Fort Collins basketball's Annika VanDalen was named the Fort Collins area's top winter girls athlete after leading a Lambkins' turnaround season.,2026-03-31T11:02:26Z,Coloradoan
"The new Lava Bold N2 Pro debuts with an old 4G chipset, 6.67"" 120Hz display","A month ago, Lava introduced the Bold N2, a fairly basic 4G phone. Now the company is launching the Lava Bold N2 Pro – confusingly, the Pro phone is smaller and cheaper than its vanilla sibling. Huh?

The N2 Pro is powered by the Unisoc T7250, a staple of che…",2026-03-31T11:01:02Z,GSMArena.com
Northisle Announces Infill Drill Results at Northwest Expo Extend Strike and Add New High-Grade Intervals,"High-grade interval in NW25-57 of 117.0 metres at 1.50 g/t Au Eq., including 52.5 metres at 1.91 g/t Au Eq. Highlights: Selected gold-equivalent assay intercepts include: NW25-57: 117.0 metres at 1.50 g/t Au Eq. from 231.0 metres, including 52.5 metres at 1.9…",2026-03-31T11:00:49Z,Financial Post
Science Has Two Exciting New Ideas for Your Hairline,"Discover the latest men’s hair loss treatments, from finasteride and minoxidil to emerging therapies. Learn what works, side effects, and how to regrow thinning hair effectively.",2026-03-31T11:00:00Z,menshealth.com
Aya Gold & Silver Reports Record Results for Q4-2025 and Full Year 2025,"Record Revenue, Net Income and Cash Flow from Operations Record Revenue, Net Income and Cash Flow from Operations",2026-03-31T11:00:00Z,GlobeNewswire
UNCF “A Mind Is…” New York Gala Raises Record $1.3M for HBCUs and Student Success,"Honoring visionary leaders and delivering transformative impact, funds will help continue UNCF's legacy of bridging the gap between potential and opportunity Honoring visionary leaders and delivering transformative impact, funds will help continue UNCF's lega…",2026-03-31T11:00:00Z,GlobeNewswire
Bitcoin Everlight Reports Continued Phase 3 Presale Activity Amid Shifting Global Market Conditions,"Bitcoin Everlight advances Phase 3 presale against a backdrop of US-Iran tensions as early participants continue entering the network  SAN FRANCISCO,...",2026-03-31T11:00:00Z,GlobeNewswire
"They Were Told Wrestling Was Only for Boys. Now, This NYC Club Is Proving Girls Can Fight for Their Futures.","In the Bronx and Harlem, shy girls and a two-time Olympian join forces to build a wrestling club that’s quietly changing futures and creating possibilities.",2026-03-31T11:00:00Z,Women's Health
Oil Shock Tests Bank of Thailand’s Wait-and-See Policy Stance,"Thailand’s central bank signaled a wait-and-see monetary policy approach, saying interest-rate cuts are unlikely to be effective against a Middle East-driven oil shock while leaving the door open to tightening if inflation pressures persist.",2026-03-31T10:54:22Z,Financial Post
"Ausblick: Edelmetallverband: Gold zieht wieder an, Silber gefragt","Rechenzentren, Photovoltaik, Katalysatoren oder der „sichere Hafen“ für Anleger: Gold, Silber und Platin sind begehrt. Trotzdem spürt die Branche auch negative Folgen des Weltgeschehens.",2026-03-31T10:47:21Z,Der Tagesspiegel
"Ausblick: Edelmetallverband: Gold zieht wieder an, Silber gefragt","Hier finden Sie Informationen zu dem Thema „Ausblick“. Lesen Sie jetzt „Edelmetallverband: Gold zieht wieder an, Silber gefragt“.",2026-03-31T10:46:02Z,Die Zeit
"Ausblick: Edelmetallverband: Gold zieht wieder an, Silber gefragt","Rechenzentren, Photovoltaik, Katalysatoren oder der ""sichere Hafen"" für Anleger: Gold, Silber und Platin sind begehrt. Trotzdem spürt die Branche auch negative Folgen des Weltgeschehens.",2026-03-31T10:46:02Z,STERN.de
Plus - Test: Avowed - Patch 2.0 im Nachtest: Mein umstrittener Rollenspiel-Geheimtipp ist ein Jahr nach Release um einiges besser geworden,"Neue Völker, New Game Plus und viele Bugfixes im Anniversary Update 2.0 machen Avowed in Peters Augen endgültig zum Pflichtbesuch für Rollenspieler mit Spaß am Erkunden.",2026-03-31T10:41:00Z,GameStar
"BYDFi Marks 6th Anniversary with Month-Long Celebration, Built for Reliability","Victoria, Seychelles, 31st March 2026, Chainwire
The post BYDFi Marks 6th Anniversary with Month-Long Celebration, Built for Reliability appeared first on The Daily Hodl.",2026-03-31T10:40:56Z,The Daily Hodl
"BYDFi Marks Sixth Anniversary With Month-Long Celebration, Built for Reliability","Global crypto trading platform BYDFi will mark its sixth anniversary with a month-long celebration beginning on April 1, 2026, highlighting BYDFi’s evolution into an all-in-one crypto trading platform built on a CEX + DEX dual-engine model.",2026-03-31T10:40:56Z,The Daily Hodl
"₹7,999 में Lava Bold N2 Pro भारत में लॉन्च, मिलेगा 50MP कैमरा और 5,000mAh बैटरी",Lava Bold N2 Pro: Lava Bold N2 Pro को भारत में मंगलवार को लॉन्च किया गया। कंपनी का यह एंट्री-लेवल स्मार्टफोन 50MP के रियर कैमरे और 8MP के सेल्फी कैमरे से लैस है। यह 4G कनेक्टिविटी को सपोर्ट करता है और Android 15 पर चलता है। यह हैंडसेट दो कलर ऑप्शन में उपलब्ध …,2026-03-31T10:39:30Z,Moneycontrol
(VIDEO) Socceroos vs Curacao LIVE: Where to Watch Australia's Final Home Friendly Before 2026 World Cup,"MELBOURNE — The CommBank Socceroos face Curaçao tonight at AAMI Park in what will be Australia's last international match on home soil before the 2026 FIFA World Cup, with fans able to watch the FIFA Series 2026 clash live and free on Network 10 or via Paramo…",2026-03-31T10:34:50Z,Ibtimes.com.au
Botnet russe : prison ferme aux États-Unis,"Condamnation d'un opérateur russe de botnet lié au ransomware, au cœur de la chaîne d’accès cybercriminelle.",2026-03-31T10:33:05Z,Zataz.com
LibreOffice vs ONLYOFFICE - Which One Is Right For You?,"Both are solid open source office suites but which one should you choose? This in-depth article compares LibreOffice and ONLYOFFICE across features, usability, and real-world experience.",2026-03-31T10:32:41Z,Itsfoss.com
Fastned bietet Osteraktion für kostenlose Schnellladung,Das Unternehmen Fastned bietet über Ostern an fünf Schnellladestationen in Deutschland kostenfreies Laden an. Doch es gibt einen kleinen Haken. Vom 04. bis 06. April können Nutzer an ausgewählten Standorten …,2026-03-31T10:30:50Z,mobiFlip.de
Lamar Odom in 2026: 10 Essential Things to Know About the Former NBA Star's Tumultuous Journey and Struggles,"LOS ANGELES — As Netflix prepares to release ""Untold: The Death and Life of Lamar Odom"" on March 31, 2026, the former NBA champion remains a compelling figure whose life has blended basketball glory, reality television fame, devastating personal losses and a …",2026-03-31T10:29:49Z,Ibtimes.com.au
Global equities rise; oil on track for record monthly gain,"NEW YORK/PARIS, March 31 : Global shares rose on Tuesday and Brent crude oil prices were poised for a record monthly increase, as traders came to the end of a tumultuous March dominated by the Iran war.Iran attacked a fully-loaded oil tanker off Dubai early o…",2026-03-31T10:29:31Z,CNA
"European stocks gain on hopes for Iran de-escalation, oil set for record monthly rise","PARIS, March 31 : European shares eked out small gains in morning trading on Tuesday but were still on track for their worst month since 2022, while oil prices were set for a record monthly rise, as traders came to the end of a tumultuous March dominated by t…",2026-03-31T10:29:31Z,CNA
"HarmonyOS 6 для устройств Huawei предлагает новый интерфейс, эффекты камеры, сценарии использования","Huawei опубликовала подробные списки устройств, которые могут получить доступ к новым функциям HarmonyOS 6, включая смартфоны, планшеты, умные часы и складные устройства. Huawei присвоила этому обновлению номер версии HarmonyOS 6.0.0.328 , чтобы обозначить вн…",2026-03-31T10:27:00Z,Ixbt.com
Kristaps Porzingis finds his stride with Warriors in March,Porzingis once belonged to someone else’s lottery. Now he might define the Warriors’ last dynastic gamble.,2026-03-31T10:24:30Z,Golden State of Mind
"Iran war exerts cost-push pressure on inflation, says Turkish Central Bank governor","The governor of the Turkish Central Bank said ongoing tensions in the Middle East have driven a sharp rise in energy prices, adding cost-push pressure on inflation and indirectly affecting prices across sectors.",2026-03-31T10:18:19Z,Hurriyet Daily News
"Ken Griffin, the CEO who won’t bend the knee to Trump",Everything you need to know before you reach the office this morning.,2026-03-31T10:17:08Z,Fortune
"Leaching Operations Commence at Calcatreu Project, Marking Transition to Operational Phase","VANCOUVER, British Columbia, March 31, 2026 (GLOBE NEWSWIRE) — Patagonia Gold Corp. (“Patagonia” or the “Company”) (TSXV: PGDC) is pleased to announce the successful commencement of leaching operations at its flagship Calcatreu Project (“Calcatreu” or the “Pr…",2026-03-31T10:16:21Z,Financial Post
GASF names 15 finalists for 2025-26 Central Texas athletes of the year award,The Greater Austin Sports Foundation has named 12 high school student-athletes from Central Texas as boys and girls athletes of the year finalists.,2026-03-31T10:15:00Z,Austin American-Statesman
"Last day to score up to $300 off Apple Watch, $130 off Series 11 Cell models, more","We have now entered the final day of Amazon’s Big Spring Sale and some of the Apple Watch deals are already starting to jump back up in price. Alongside the Series 11 offers from $299 or this Cell model at $130 off, one of the most notable price drops you can…",2026-03-31T10:11:22Z,9to5Toys
"Leaching Operations Commence at Calcatreu Project, Marking Transition to Operational Phase","LEACHING OPERATIONS COMMENCE AT CALCATREU PROJECT, MARKING TRANSITION TO OPERATIONAL PHASE...",2026-03-31T10:11:00Z,GlobeNewswire
Jumio Liveness Premium Wins Gold in 2026 Cybersecurity Excellence Awards,"Jumio is recognized for its advanced biometric liveness detection technology for defending against deepfakes and AI-powered fraud SUNNYVALE, Calif. — Jumio, leading provider of AI-powered identity intelligence, today announced that Jumio Liveness Premium has …",2026-03-31T10:09:57Z,Financial Post
Bvlgari Hotel Roma: grandeur and high design in the Eternal City,A stylish rooftop bar and subterranean spa take this luxury hotel to another level,2026-03-31T10:07:33Z,The Week Magazine
Caster Semenya pledges to fight against Olympic gender-testing policy,"'We're going to be vocal about it, we're going to make noise until we're heard,' South Africa's gold medallist says.",2026-03-31T10:06:55Z,Al Jazeera English
Analysts Remain Bullish on Vox Royalty (VOXR) Following Company’s Inclusion in the VanEck Junior Gold Miners ETF,,2026-03-31T10:06:13Z,Yahoo Entertainment
Analysts Sentiment on TRX Gold (TRX) Remains Robust Following Strong Q2 2026 Results,,2026-03-31T10:06:11Z,Yahoo Entertainment
Analysts Bullish on Gold Royalty (GROY) Following Record Fiscal Annual Revenue And Operating Cash Flows For 2025,,2026-03-31T10:06:09Z,Yahoo Entertainment
Taiwan Olympic boxing champ involved in gender debate wins first bout at Asian titles,Lin Yu-ting comfortably won her first international bout since the 2024 Paris Olympics at the Asian championships on Tuesday after World Boxing said she passed a gene test. Taiwan's first Olympic boxing champion beat Thananya Somnuek of Thailand 5-0 in the ro…,2026-03-31T10:06:07Z,Yahoo Entertainment
Analysts See Over 100% Upside for New Found (NFGC) Amid Accelerated Progress At Queensway Gold Project,,2026-03-31T10:06:07Z,Yahoo Entertainment
Analysts Bullish on Galiano Gold (GAU) Amid Strong Share Price Momentum,,2026-03-31T10:06:06Z,Yahoo Entertainment
Analysts Bullish on Dakota Gold (DC) Amid Accelerated Progress at Richmond Hill,"Dakota Gold Corp. (NYSE:DC) earns a place on our list of the 8 best gold penny stocks to buy according to analysts. As of March 28, 2026, 100% of covering...",2026-03-31T10:06:04Z,Yahoo Entertainment
"Canneseries 2026 Dials up the U.S. With HBO Opening Series ‘Half Man,’ Scott Free’s Latest ‘Terror’ Season and Apple TV+’s ‘Star City’","The Hollywood studios may be sitting out the Cannes Film Festival but a more than respectable cohort of major U.S. players will hit Canneseries, Cannes TV festival, a month earlier.  They are led by HBO with Richard Gadd’s highly anticipated “Half Man” which …",2026-03-31T10:03:25Z,Variety
"Records в C#: Классы, которые пишут код за вас","Давайте представим, что вам нужно создать класс для хранения данных пользователя. Сколько строк кода вы напишете? Конструктор, свойства, метод ToString(), сравнение объектов... А если добавится новое поле? Придется обновлять конструктор, метод Equals, GetHash…",2026-03-31T10:03:07Z,Habr.com
"22k gold rate today: Check 22K, 24K gold prices (March 31, 2026) on Tanishq, Malabar Gold & Diamonds, Kalyan Jewellers, Joyalukkas and IBJA","Gold rate prediction: Gold prices experienced a slight increase on March 31, 2026, with 22K gold rates rising across major jewelry brands like Tanishq, Kalyan Jewellers, Malabar Gold & Diamonds, and Joyalukkas.",2026-03-31T10:01:49Z,The Times of India
"Der Countdown läuft - Meldet sich keiner, kriegt ein Dorf das ganze Gold","Jetzt läuft die Zeit für den bisherigen Eigentümer ab. Meldet er sich nicht rechtzeitig, hat ein Bürgermeister große Pläne mit dem Schatz.",2026-03-31T10:01:25Z,Bild
From Prosthetics To Houses: 26 Brilliant Things Made With A 3D Printer,"3D printing has been around for much longer than you might think; almost 40 years in fact. But it's only recently that the potential of this technology has begun to be realized, advances in sensors, 3D printing software and materials mean that the most incred…",2026-03-31T10:01:03Z,Boredpanda.com
Today in Boston Celtics history: Boston's first playoff win; Barksdale born; '59 draft,"Today in Boston Celtics history, Don Barksdale was born in Oakland, California, in 1923.",2026-03-31T10:00:06Z,USA Today
How To Destroy Wealth,This November California voters might show the country how to wreck an economy in the name of fairness.,2026-03-31T10:00:00Z,Forbes
Trump sees 'America First' opportunity in Nasa mission to Moon,"A competitive edge with China and a possible lunar gold rush are twin goals behind Artemis II, experts tell the BBC.",2026-03-31T09:56:05Z,BBC News
"One Year Later, Trump’s Dirty 15 Trade Partners Are $85 Billion Dirtier","Despite a variety of efforts, including IEEPA tariffs, which the Supreme Court ruled unconstitutional last month, the U.S. trade deficit continued to increase.",2026-03-31T09:56:00Z,Forbes
Deion Sanders' wild reaction to Shedeur's jersey number change: Now let the church shout Amen!,"Shedeur Sanders, who navigated his rookie NFL season wearing number 12, has officially switched back to the number 2, the same digit that defined his record-breaking tenures at Jac",2026-03-31T09:53:24Z,Marca
Skeena Gold & Silver Confirms Eskay Creek Reaches 49% Completion & Provides Project Update; Initial Production Remains on Schedule for Q2 2027,"VANCOUVER, British Columbia, March 31, 2026 (GLOBE NEWSWIRE) -- Skeena Resources Limited (TSX: SKE, NYSE: SKE) (“Skeena Gold & Silver”, “Skeena” or the “Company”) is pleased to provide an update on the advancement of its 100% owned Eskay Creek Gold-Silver Pro…",2026-03-31T12:20:00Z,GlobeNewswire
Oil Prices Hold Above $100 And Wall Street Rebounds As U.S. Exchanges Strikes With Iran,Wall Street is rebounding early and oil prices are holding above $100 as the U.S. and Iran trade military strikes in the fifth week of the war.,2026-03-31T12:19:12Z,HuffPost
"Wall Street's rough month, Powell's inflation outlook, GLP-1 subscription and more in Morning Squawk",Here are five key things investors need to know to start the trading day.,2026-03-31T12:16:39Z,CNBC
"Plaketten, Medaillen, Urkunden: Frankfurt ist bei der Verleihung von Auszeichnungen großzügig",Mehr als ein Dutzend Preise verleiht Frankfurt an verdiente Personen: Jetzt wird erstmals der Europäische Paulskirchenpreis für Demokratie verliehen. Doch mit der wichtigsten Auszeichnung ist man im Römer knauserig.,2026-03-31T12:15:56Z,Faz.net
"Furto nell’ex convento, ma senza querela cade tutto per la legge Cartabia: tre imputati prosciolti","La legge Cartabia, che ha reso obbligatoria la querela delle persone offese nei casi di furto, continua a mietere vittime. Non i responsabili dei reati, ma le vere vittime, che, se non formalizzano il danno subito, rendono vano l’iter giudiziario, con la cons…",2026-03-31T12:13:43Z,Ilfattoquotidiano.it
"Oil prices hold above $100, Wall Street rebounds amid Iran war strikes","Oil prices hold above $100, Wall Street rebounds amid Iran war strikesbostonherald.com",2026-03-31T12:11:55Z,Boston Herald
L’indagine su San Siro è un macigno nella corsa al dopo-Sala,Cade in un momento particolarissimo la nuova tegola giudiziaria sulla vendita di San Siro alle società di calcio da parte del Comune di Milano. Infatti non suona soltanto inevitabilmente come sano contrappunto ‘verso sinistra’ dell’indagine che a Roma sta met…,2026-03-31T12:11:06Z,Ilfattoquotidiano.it
"Rotraut, de weduwe van Yves Klein, exposeert in Nederland: ‘We hebben telepathisch contact, hij is mijn soulmate’","In het Stedelijk Museum Schiedam is een tentoonstelling te zien met werk van de Franse kunstenaar Yves Klein, zijn vader, moeder en weduwe Rotraut Klein-Moquay. In de opstelling worden de artistieke uitwisselingen tussen de familieleden zichtbaar.",2026-03-31T12:09:52Z,Www.nrc.nl
"Istat: nel 2025 nuovo crollo delle nascite, solo 355mila. E la famiglia più diffusa è quella composta da una sola persona","Il calo demografico in Italia prosegue malgrado lo sbandierato impegno pro natalità del governo Meloni. E l’Istat lo certifica. Solo l’arrivo dei migranti contrasta gli effetti negativi del declino della natalità. Nel 2025 le nascite sono state 355mila, con u…",2026-03-31T12:08:04Z,Ilfattoquotidiano.it
Trump's proposed presidential library revealed as towering Miami skyscraper in striking new video,"New renderings of President Donald Trump's proposed Miami presidential library reveal a glass waterfront skyscraper with gold lettering, a Trump statue, and Oval Office replicas.",2026-03-31T12:07:49Z,Fox News
Si te asustaste al ver al niño de 6 años pilotando una moto de 218 CV... también lo ha hecho con una de 326 CV,"Seguramente Kenan Sofuoglu no será nombrado nunca ‘Padre del Año’, porque el excampeón turco de Supersport ya nos ha mostrado diversos vídeos donde su pequeño hijo Zayn monta enormes motos desde muy pequeño.",2026-03-31T12:04:52Z,Mundodeportivo.com
Megyn Kelly Praises ‘Classy’ Trump Presidential Library Featuring Giant Gold Statue of President,"Megyn Kelly praised the ""classy"" plans for President Donald Trump's official presidential library, which is set to include a giant gold statue.
The post Megyn Kelly Praises ‘Classy’ Trump Presidential Library Featuring Giant Gold Statue of President first app…",2026-03-31T12:03:21Z,Mediaite
"WWE Raw takeaways: The Vision win tag titles, Punk destroys Reigns","Check out the top takeaways from WWE Raw on March 30, which took place at Madison Square Garden in New York.",2026-03-31T12:02:36Z,USA Today
"Apple's 50-Year Legacy of Product Innovation, Through CNET's Lens",The Cupertino colossus has created some of the most iconic products over the last 50 years. Here are ones that stand out.,2026-03-31T12:01:02Z,CNET
Behind Cryptocurrency’s Commercial Real Estate Moment,"Thirteen years ago, Grant Cardone, CEO of Cardone Capital, a multifamily syndication firm with $5 billion in assets today, was paid for a speaking engagement in 115 BTC, or Bitcoin.  For the uninitiated, Bitcoin is the most famous currency in the cryptocurren…",2026-03-31T12:00:54Z,Commercial Observer
Coachella 2026 Shoe Trends Worth Packing — and the One to Leave Home,FN has rounded up a few trending footwear styles to wear at the 2026 Coachella Valley Music & Arts Festival in April — and one style to avoid.,2026-03-31T12:00:00Z,WWD
Common gold IRA rollover mistakes and how to avoid them,Minimize your risk by learning about the most common gold IRA mistakes and how to avoid them.,2026-03-31T12:00:00Z,Yahoo Entertainment
28 Kitchen Bar Seating Ideas for 2026 So Good Your Dining Table Starts Feeling Ignored,"Kitchen bars are more than just a place to sit they’re where style and function meet. These 28 kitchen bar seating ideas are stylish, comfortable, and space-savvy perfect for creating a spot that feels inviting, practical, and seamlessly integrated into your …",2026-03-31T12:00:00Z,Thecoolist.com
"₹7,999 में लॉन्च हुआ धांसू स्मार्टफोन, 120Hz डिस्प्ले और 50MP कैमरा","लावा ने भारत में एक बजट स्मार्टफोन लॉन्च किया है जिसमें 120Hz रिफ्रेश रेट डिस्प्ले मिलता है. इस फोन में 5,000mAh की बैटरी और 50 मेगापिक्सल का कैमरा दिया गया है.",2026-03-31T11:59:36Z,Aajtak.in
"“Igor, l’eroe romantico”: a Milano Fabio Galante introduce il documentario su Protti","Il calcio anni Novanta è il calcio dei campioni che sembrano eroi greci o carismatici personaggi byroniani volti verso il sublime, in soccorso dei più deboli. Uno degli ultimi eroi romantici di quel calcio è Igor Protti, l’unico che si è laureato 4 volte capo…",2026-03-31T11:58:39Z,Ilfattoquotidiano.it
"Lenders turn risk-averse, focus on high CIBIL score borrowers as gold loans surge in India","Lenders are prioritizing borrowers with strong credit histories and higher loan amounts, leading to a decline in new-to-credit customers. Despite this cautious approach, the overall credit market shows improved health, driven by better asset quality. Gold loa…",2026-03-31T11:58:18Z,The Times of India
6 simple home workouts that can relieve calf pain,"The standing wall stretch is the gold standard for targeting the larger, upper portion of the calf muscle. By placing your hands against a wall and extending one leg back with a locked knee, you create a deep, sustained pull that realigns muscle fibers. This …",2026-03-31T11:55:02Z,Economictimes.com
1287405 B.C. Ltd and Monteoro Minerals Announce Proposed Go-Public Transaction and C$17 Million Financing,"Not for distribution to U.S. newswire services or for release publication, distribution or dissemination, directly or indirectly, in whole or in part, in or into the United States. Any failure to comply with this restriction may constitute a violation of U.S.…",2026-03-31T11:53:14Z,Financial Post
Dozens killed in South Sudan gold mine attack,"Over 70 people have been killed and dozens injured in South Sudan, Vice President James Wani Igga has said Read Full Article at RT.com",2026-03-31T11:51:40Z,RT
1287405 B.C. Ltd and Monteoro Minerals Announce Proposed Go-Public Transaction and C$17 Million Financing,"Not for distribution to U.S. newswire services or for release publication, distribution or dissemination, directly or indirectly, in whole or in part, in or into the United States. Any failure to comply with this restriction may constitute a violation of U.S.…",2026-03-31T11:51:00Z,GlobeNewswire
What to know about Trump’s presidential library,The Yodel newsletter: Get caught up on this morning's news,2026-03-31T11:50:18Z,Yahoo Entertainment
"KOMMENTAR - Die Verluste sind grösser als bei Aktien: Wer in Gold einen Schutz vor Krisen sieht, überschätzt dessen Magie",Das Edelmetall hat seit dem Beginn des Iran-Kriegs stark an Wert verloren. Der Glaube an Gold als sicheren Hafen entpuppt sich in kurzer Frist einmal mehr als Irrtum.,2026-03-31T11:50:00Z,Www.nzz.ch
6 easy high protein breakfasts for busy mornings,"Overnight oats are the ultimate  grab-and-go  solution, requiring zero preparation time during the actual morning rush. By mixing rolled oats with a thick, protein-dense Greek yogurt and a scoop of your favorite protein powder, you create a creamy, pudding-li…",2026-03-31T11:45:07Z,Economictimes.com
"‘Get Out’ While Bitcoin is Still Above $65k, Says Peter Schiff as Maximalist Dumps $20 Million in BTC",Gold Proponent Peter Schiff has stated that it is hard to believe Bitcoin is still above $65k and holders should cash out while they can.,2026-03-31T11:40:04Z,ZyCrypto
Are Dems now so corrupt they’d bar Bruce Blakeman from getting campaign funding?,New York state’s Public Campaign Finance Board is preparing to deny $7 million to Republican gubernatorial candidate Bruce Blakeman because he didn’t include his running mate’s name on a form . . . that doesn’t exist yet. This November is the first statewide …,2026-03-31T11:39:09Z,New York Post
Abhay Singh and Anahat Singh Receive Top Asian Squash Federation Awards,"Abhay Singh and Anahat Singh have been recognised as the Asian Squash Federation's outstanding players of the year, while the Indian boys team received the men's team award.",2026-03-31T11:38:18Z,Rediff.com
New twist in the Brandon Aiyuk case: 49ers owner Jed York hasn't ruled out his return,"The San Francisco 49ers&apos; ownership has injected a surprising dose of uncertainty into what many believed was a foregone conclusion regarding Brandon Aiyuk&apos;s future.

Spea",2026-03-31T11:35:07Z,Marca
"Kobo Resources Intersects Strong Gold Results Across All Three Zones at Kossou, Including 7.0 m at 5.06 g/t Au at the Road Cut Zone","High-grade gold results returned from the Road Cut Zone with 7.0 m at 5.06 g/t Au incl. 1.0 m at 20.00 g/t Au, with encouraging gold mineralisation intersected along the Contact Zone Fault area Strong gold mineralisation intersected in all three Kadie Zone ho…",2026-03-31T11:32:02Z,Financial Post
TomaGold Starts Drilling at Berrigan Mine,"1,500-metre Phase 2 drilling program aimed at testing the newly-discovered Berrigan Deep Zone MONTRÉAL — TOMAGOLD CORPORATION (TSXV: LOT; OTCPK: TOGOF) (“TomaGold” or the “Company”) is pleased to announce that drilling has started at its Berrigan Mine project…",2026-03-31T11:31:18Z,Financial Post
Pragmata ya es gold: Capcom confirma que su esperada aventura de ciencia ficción está lista para llegar en abril,"<!--cache-->El nuevo juego de Capcom ha superado una de las últimas grandes fases antes del lanzamiento y mantiene su esperado estreno para el 17 de abril en PS5, Xbox Series, Switch 2 y PC.<!--aa--->Capcom ya puede dar prácticamente por cerrado el desarrollo…",2026-03-31T11:31:00Z,Elespanol.com
Jarren Duran needs to be Captain Chaos for the Red Sox,Stop thinking and play ball.,2026-03-31T11:28:32Z,Over The Monster
"Piramal Finance AUM crosses ₹1 lakh crore, eyes microfinance acquisition","Piramal Finance plans to diversify beyond home loans into microfinance and gold loans, aiming to reach Rs 1.5 lakh crore AUM by March 2028, while maintaining a cautious approach amid global uncertainties",2026-03-31T11:27:56Z,BusinessLine
Middle East Conflict Erases Arab Region's Annual Economic Growth – UN,"The conflict in the Middle East has nullified the annual economic growth of the Arab region, with losses potentially reaching nearly $200 billion, according to a report by the United Nations Development Programme (UNDP).",2026-03-31T11:23:26Z,Sputnikglobe.com
Crypto Trading Platform BYDFi Marks Sixth Anniversary with Month-Long Celebration,"Beginning on April 1, 2026, the cryptocurrency trading platform BYDFi will commemorate its sixth anniversary with a month-long event highlighting its development into an all-in-one platform based on a CEX + DEX dual-engine concept. BYDFi has developed a platf…",2026-03-31T11:19:13Z,ZyCrypto
"Realme 16 5G, Vivo V70 FE, OnePlus Nord 6, OPPO Find X9 Ultra & more smartphones launching in April; Check launch date, price and features here","April 2026 is set to be a busy month for smartphone launches in India with devices from Realme, Vivo, Redmi, OnePlus and OPPO. Key models include Realme 16 5G and Vivo V70 FE on April 2, OnePlus Nord 6 on April 7, and the premium OPPO Find X9 Ultra on April 2…",2026-03-31T11:17:24Z,The Times of India
Did The Sullivan Generator Survive After Shark Tank? Here's What Happened After Season 3,"Of all the ideas presented to ""Shark Tank's"" judges, the Sullivan Generator is one of the most outwardly outlandish, but what happened to it and its creator?",2026-03-31T11:17:00Z,BGR
"Indonesian forest loss surges by 66% in 2025, driven by Prabowo's self-sufficiency drive: Report","A total of 433,751 hectares of forest was cleared last year, a dramatic jump from 261,575 hectares in 2024, a study by a think tank found.",2026-03-31T11:16:00Z,CNA
"Quantum risk resurfaces at the worst time for bitcoin, but 1 token is loving it","Your day-ahead look for March 31, 2026",2026-03-31T11:15:00Z,CoinDesk
Funnel’s Forum 2026 brings 150+ of multifamily’s top leaders to Scottsdale to build the world’s best renter experience,Funnel’s Forum 2026 brings 150+ of multifamily’s top leaders to Scottsdale to build the world’s best renter experience...,2026-03-31T11:15:00Z,GlobeNewswire
"Florida Panthers announce hiring of former Amazon, Disney exec Michael White as business president",The Florida Panthers have named tech and guest-experience executive Michael White as their new president of business operations,2026-03-31T11:14:45Z,Abcnews.com
Aya Gold & Silver Reports Record Results for Q4-2025 and Full Year 2025,"Record Revenue, Net Income and Cash Flow from Operations MONTREAL, March 31, 2026 (GLOBE NEWSWIRE) — Aya Gold & Silver Inc. (TSX: AYA; OTCQX: AYASF) (“Aya” or the “Corporation”) today announced its financial and operational results for the fourth quarter and …",2026-03-31T11:03:49Z,Financial Post
Bitget lists edgeX (EDGE) for Spot Trading,"Bitget adds edgeX (EDGE) in Innovation Zone. EDGE/USDT spot trading opens Mar 31, 2026 12:30 UTC; withdrawals Apr 1....",2026-03-31T11:03:00Z,GlobeNewswire
Fort Collins basketball star named Blue FCU's top winter girls athlete,Fort Collins basketball's Annika VanDalen was named the Fort Collins area's top winter girls athlete after leading a Lambkins' turnaround season.,2026-03-31T11:02:26Z,Coloradoan
"The new Lava Bold N2 Pro debuts with an old 4G chipset, 6.67"" 120Hz display","A month ago, Lava introduced the Bold N2, a fairly basic 4G phone. Now the company is launching the Lava Bold N2 Pro – confusingly, the Pro phone is smaller and cheaper than its vanilla sibling. Huh?

The N2 Pro is powered by the Unisoc T7250, a staple of che…",2026-03-31T11:01:02Z,GSMArena.com
Northisle Announces Infill Drill Results at Northwest Expo Extend Strike and Add New High-Grade Intervals,"High-grade interval in NW25-57 of 117.0 metres at 1.50 g/t Au Eq., including 52.5 metres at 1.91 g/t Au Eq. Highlights: Selected gold-equivalent assay intercepts include: NW25-57: 117.0 metres at 1.50 g/t Au Eq. from 231.0 metres, including 52.5 metres at 1.9…",2026-03-31T11:00:49Z,Financial Post
Science Has Two Exciting New Ideas for Your Hairline,"Discover the latest men’s hair loss treatments, from finasteride and minoxidil to emerging therapies. Learn what works, side effects, and how to regrow thinning hair effectively.",2026-03-31T11:00:00Z,menshealth.com
Aya Gold & Silver Reports Record Results for Q4-2025 and Full Year 2025,"Record Revenue, Net Income and Cash Flow from Operations Record Revenue, Net Income and Cash Flow from Operations",2026-03-31T11:00:00Z,GlobeNewswire
UNCF “A Mind Is…” New York Gala Raises Record $1.3M for HBCUs and Student Success,"Honoring visionary leaders and delivering transformative impact, funds will help continue UNCF's legacy of bridging the gap between potential and opportunity Honoring visionary leaders and delivering transformative impact, funds will help continue UNCF's lega…",2026-03-31T11:00:00Z,GlobeNewswire
Bitcoin Everlight Reports Continued Phase 3 Presale Activity Amid Shifting Global Market Conditions,"Bitcoin Everlight advances Phase 3 presale against a backdrop of US-Iran tensions as early participants continue entering the network  SAN FRANCISCO,...",2026-03-31T11:00:00Z,GlobeNewswire
"They Were Told Wrestling Was Only for Boys. Now, This NYC Club Is Proving Girls Can Fight for Their Futures.","In the Bronx and Harlem, shy girls and a two-time Olympian join forces to build a wrestling club that’s quietly changing futures and creating possibilities.",2026-03-31T11:00:00Z,Women's Health
Oil Shock Tests Bank of Thailand’s Wait-and-See Policy Stance,"Thailand’s central bank signaled a wait-and-see monetary policy approach, saying interest-rate cuts are unlikely to be effective against a Middle East-driven oil shock while leaving the door open to tightening if inflation pressures persist.",2026-03-31T10:54:22Z,Financial Post
"Ausblick: Edelmetallverband: Gold zieht wieder an, Silber gefragt","Rechenzentren, Photovoltaik, Katalysatoren oder der „sichere Hafen“ für Anleger: Gold, Silber und Platin sind begehrt. Trotzdem spürt die Branche auch negative Folgen des Weltgeschehens.",2026-03-31T10:47:21Z,Der Tagesspiegel
"Ausblick: Edelmetallverband: Gold zieht wieder an, Silber gefragt","Hier finden Sie Informationen zu dem Thema „Ausblick“. Lesen Sie jetzt „Edelmetallverband: Gold zieht wieder an, Silber gefragt“.",2026-03-31T10:46:02Z,Die Zeit
"Ausblick: Edelmetallverband: Gold zieht wieder an, Silber gefragt","Rechenzentren, Photovoltaik, Katalysatoren oder der ""sichere Hafen"" für Anleger: Gold, Silber und Platin sind begehrt. Trotzdem spürt die Branche auch negative Folgen des Weltgeschehens.",2026-03-31T10:46:02Z,STERN.de
Plus - Test: Avowed - Patch 2.0 im Nachtest: Mein umstrittener Rollenspiel-Geheimtipp ist ein Jahr nach Release um einiges besser geworden,"Neue Völker, New Game Plus und viele Bugfixes im Anniversary Update 2.0 machen Avowed in Peters Augen endgültig zum Pflichtbesuch für Rollenspieler mit Spaß am Erkunden.",2026-03-31T10:41:00Z,GameStar
"BYDFi Marks 6th Anniversary with Month-Long Celebration, Built for Reliability","Victoria, Seychelles, 31st March 2026, Chainwire
The post BYDFi Marks 6th Anniversary with Month-Long Celebration, Built for Reliability appeared first on The Daily Hodl.",2026-03-31T10:40:56Z,The Daily Hodl
"BYDFi Marks Sixth Anniversary With Month-Long Celebration, Built for Reliability","Global crypto trading platform BYDFi will mark its sixth anniversary with a month-long celebration beginning on April 1, 2026, highlighting BYDFi’s evolution into an all-in-one crypto trading platform built on a CEX + DEX dual-engine model.",2026-03-31T10:40:56Z,The Daily Hodl
"₹7,999 में Lava Bold N2 Pro भारत में लॉन्च, मिलेगा 50MP कैमरा और 5,000mAh बैटरी",Lava Bold N2 Pro: Lava Bold N2 Pro को भारत में मंगलवार को लॉन्च किया गया। कंपनी का यह एंट्री-लेवल स्मार्टफोन 50MP के रियर कैमरे और 8MP के सेल्फी कैमरे से लैस है। यह 4G कनेक्टिविटी को सपोर्ट करता है और Android 15 पर चलता है। यह हैंडसेट दो कलर ऑप्शन में उपलब्ध …,2026-03-31T10:39:30Z,Moneycontrol
(VIDEO) Socceroos vs Curacao LIVE: Where to Watch Australia's Final Home Friendly Before 2026 World Cup,"MELBOURNE — The CommBank Socceroos face Curaçao tonight at AAMI Park in what will be Australia's last international match on home soil before the 2026 FIFA World Cup, with fans able to watch the FIFA Series 2026 clash live and free on Network 10 or via Paramo…",2026-03-31T10:34:50Z,Ibtimes.com.au
Botnet russe : prison ferme aux États-Unis,"Condamnation d'un opérateur russe de botnet lié au ransomware, au cœur de la chaîne d’accès cybercriminelle.",2026-03-31T10:33:05Z,Zataz.com
LibreOffice vs ONLYOFFICE - Which One Is Right For You?,"Both are solid open source office suites but which one should you choose? This in-depth article compares LibreOffice and ONLYOFFICE across features, usability, and real-world experience.",2026-03-31T10:32:41Z,Itsfoss.com
Fastned bietet Osteraktion für kostenlose Schnellladung,Das Unternehmen Fastned bietet über Ostern an fünf Schnellladestationen in Deutschland kostenfreies Laden an. Doch es gibt einen kleinen Haken. Vom 04. bis 06. April können Nutzer an ausgewählten Standorten …,2026-03-31T10:30:50Z,mobiFlip.de
Lamar Odom in 2026: 10 Essential Things to Know About the Former NBA Star's Tumultuous Journey and Struggles,"LOS ANGELES — As Netflix prepares to release ""Untold: The Death and Life of Lamar Odom"" on March 31, 2026, the former NBA champion remains a compelling figure whose life has blended basketball glory, reality television fame, devastating personal losses and a …",2026-03-31T10:29:49Z,Ibtimes.com.au
Global equities rise; oil on track for record monthly gain,"NEW YORK/PARIS, March 31 : Global shares rose on Tuesday and Brent crude oil prices were poised for a record monthly increase, as traders came to the end of a tumultuous March dominated by the Iran war.Iran attacked a fully-loaded oil tanker off Dubai early o…",2026-03-31T10:29:31Z,CNA
"European stocks gain on hopes for Iran de-escalation, oil set for record monthly rise","PARIS, March 31 : European shares eked out small gains in morning trading on Tuesday but were still on track for their worst month since 2022, while oil prices were set for a record monthly rise, as traders came to the end of a tumultuous March dominated by t…",2026-03-31T10:29:31Z,CNA
"HarmonyOS 6 для устройств Huawei предлагает новый интерфейс, эффекты камеры, сценарии использования","Huawei опубликовала подробные списки устройств, которые могут получить доступ к новым функциям HarmonyOS 6, включая смартфоны, планшеты, умные часы и складные устройства. Huawei присвоила этому обновлению номер версии HarmonyOS 6.0.0.328 , чтобы обозначить вн…",2026-03-31T10:27:00Z,Ixbt.com
Kristaps Porzingis finds his stride with Warriors in March,Porzingis once belonged to someone else’s lottery. Now he might define the Warriors’ last dynastic gamble.,2026-03-31T10:24:30Z,Golden State of Mind
"Iran war exerts cost-push pressure on inflation, says Turkish Central Bank governor","The governor of the Turkish Central Bank said ongoing tensions in the Middle East have driven a sharp rise in energy prices, adding cost-push pressure on inflation and indirectly affecting prices across sectors.",2026-03-31T10:18:19Z,Hurriyet Daily News
"Ken Griffin, the CEO who won’t bend the knee to Trump",Everything you need to know before you reach the office this morning.,2026-03-31T10:17:08Z,Fortune
"Leaching Operations Commence at Calcatreu Project, Marking Transition to Operational Phase","VANCOUVER, British Columbia, March 31, 2026 (GLOBE NEWSWIRE) — Patagonia Gold Corp. (“Patagonia” or the “Company”) (TSXV: PGDC) is pleased to announce the successful commencement of leaching operations at its flagship Calcatreu Project (“Calcatreu” or the “Pr…",2026-03-31T10:16:21Z,Financial Post
GASF names 15 finalists for 2025-26 Central Texas athletes of the year award,The Greater Austin Sports Foundation has named 12 high school student-athletes from Central Texas as boys and girls athletes of the year finalists.,2026-03-31T10:15:00Z,Austin American-Statesman
"Last day to score up to $300 off Apple Watch, $130 off Series 11 Cell models, more","We have now entered the final day of Amazon’s Big Spring Sale and some of the Apple Watch deals are already starting to jump back up in price. Alongside the Series 11 offers from $299 or this Cell model at $130 off, one of the most notable price drops you can…",2026-03-31T10:11:22Z,9to5Toys
"Leaching Operations Commence at Calcatreu Project, Marking Transition to Operational Phase","LEACHING OPERATIONS COMMENCE AT CALCATREU PROJECT, MARKING TRANSITION TO OPERATIONAL PHASE...",2026-03-31T10:11:00Z,GlobeNewswire
Jumio Liveness Premium Wins Gold in 2026 Cybersecurity Excellence Awards,"Jumio is recognized for its advanced biometric liveness detection technology for defending against deepfakes and AI-powered fraud SUNNYVALE, Calif. — Jumio, leading provider of AI-powered identity intelligence, today announced that Jumio Liveness Premium has …",2026-03-31T10:09:57Z,Financial Post
Bvlgari Hotel Roma: grandeur and high design in the Eternal City,A stylish rooftop bar and subterranean spa take this luxury hotel to another level,2026-03-31T10:07:33Z,The Week Magazine
Caster Semenya pledges to fight against Olympic gender-testing policy,"'We're going to be vocal about it, we're going to make noise until we're heard,' South Africa's gold medallist says.",2026-03-31T10:06:55Z,Al Jazeera English
Analysts Remain Bullish on Vox Royalty (VOXR) Following Company’s Inclusion in the VanEck Junior Gold Miners ETF,,2026-03-31T10:06:13Z,Yahoo Entertainment
Analysts Sentiment on TRX Gold (TRX) Remains Robust Following Strong Q2 2026 Results,,2026-03-31T10:06:11Z,Yahoo Entertainment
Analysts Bullish on Gold Royalty (GROY) Following Record Fiscal Annual Revenue And Operating Cash Flows For 2025,,2026-03-31T10:06:09Z,Yahoo Entertainment
Taiwan Olympic boxing champ involved in gender debate wins first bout at Asian titles,Lin Yu-ting comfortably won her first international bout since the 2024 Paris Olympics at the Asian championships on Tuesday after World Boxing said she passed a gene test. Taiwan's first Olympic boxing champion beat Thananya Somnuek of Thailand 5-0 in the ro…,2026-03-31T10:06:07Z,Yahoo Entertainment
Analysts See Over 100% Upside for New Found (NFGC) Amid Accelerated Progress At Queensway Gold Project,,2026-03-31T10:06:07Z,Yahoo Entertainment
Analysts Bullish on Galiano Gold (GAU) Amid Strong Share Price Momentum,,2026-03-31T10:06:06Z,Yahoo Entertainment
Analysts Bullish on Dakota Gold (DC) Amid Accelerated Progress at Richmond Hill,"Dakota Gold Corp. (NYSE:DC) earns a place on our list of the 8 best gold penny stocks to buy according to analysts. As of March 28, 2026, 100% of covering...",2026-03-31T10:06:04Z,Yahoo Entertainment
"Canneseries 2026 Dials up the U.S. With HBO Opening Series ‘Half Man,’ Scott Free’s Latest ‘Terror’ Season and Apple TV+’s ‘Star City’","The Hollywood studios may be sitting out the Cannes Film Festival but a more than respectable cohort of major U.S. players will hit Canneseries, Cannes TV festival, a month earlier.  They are led by HBO with Richard Gadd’s highly anticipated “Half Man” which …",2026-03-31T10:03:25Z,Variety
"Records в C#: Классы, которые пишут код за вас","Давайте представим, что вам нужно создать класс для хранения данных пользователя. Сколько строк кода вы напишете? Конструктор, свойства, метод ToString(), сравнение объектов... А если добавится новое поле? Придется обновлять конструктор, метод Equals, GetHash…",2026-03-31T10:03:07Z,Habr.com
"22k gold rate today: Check 22K, 24K gold prices (March 31, 2026) on Tanishq, Malabar Gold & Diamonds, Kalyan Jewellers, Joyalukkas and IBJA","Gold rate prediction: Gold prices experienced a slight increase on March 31, 2026, with 22K gold rates rising across major jewelry brands like Tanishq, Kalyan Jewellers, Malabar Gold & Diamonds, and Joyalukkas.",2026-03-31T10:01:49Z,The Times of India
"Der Countdown läuft - Meldet sich keiner, kriegt ein Dorf das ganze Gold","Jetzt läuft die Zeit für den bisherigen Eigentümer ab. Meldet er sich nicht rechtzeitig, hat ein Bürgermeister große Pläne mit dem Schatz.",2026-03-31T10:01:25Z,Bild
From Prosthetics To Houses: 26 Brilliant Things Made With A 3D Printer,"3D printing has been around for much longer than you might think; almost 40 years in fact. But it's only recently that the potential of this technology has begun to be realized, advances in sensors, 3D printing software and materials mean that the most incred…",2026-03-31T10:01:03Z,Boredpanda.com
Today in Boston Celtics history: Boston's first playoff win; Barksdale born; '59 draft,"Today in Boston Celtics history, Don Barksdale was born in Oakland, California, in 1923.",2026-03-31T10:00:06Z,USA Today
How To Destroy Wealth,This November California voters might show the country how to wreck an economy in the name of fairness.,2026-03-31T10:00:00Z,Forbes
Trump sees 'America First' opportunity in Nasa mission to Moon,"A competitive edge with China and a possible lunar gold rush are twin goals behind Artemis II, experts tell the BBC.",2026-03-31T09:56:05Z,BBC News
"One Year Later, Trump’s Dirty 15 Trade Partners Are $85 Billion Dirtier","Despite a variety of efforts, including IEEPA tariffs, which the Supreme Court ruled unconstitutional last month, the U.S. trade deficit continued to increase.",2026-03-31T09:56:00Z,Forbes
Deion Sanders' wild reaction to Shedeur's jersey number change: Now let the church shout Amen!,"Shedeur Sanders, who navigated his rookie NFL season wearing number 12, has officially switched back to the number 2, the same digit that defined his record-breaking tenures at Jac",2026-03-31T09:53:24Z,Marca
Piramal Finance AUM touches Rs 1 lakh crore; acquisitions on radar: CEO,Piramal Finance has crossed Rs 1 lakh crore in assets under management. The company plans to acquire a microfinance institution to boost its next phase of growth. Piramal Finance aims to increase its assets under management to Rs 1.5 lakh crore by March 2028.…,2026-03-31T12:24:22Z,The Times of India
Skeena Gold & Silver Confirms Eskay Creek Reaches 49% Completion & Provides Project Update; Initial Production Remains on Schedule for Q2 2027,"VANCOUVER, British Columbia, March 31, 2026 (GLOBE NEWSWIRE) — Skeena Resources Limited (TSX: SKE, NYSE: SKE) (“Skeena Gold & Silver”, “Skeena” or the “Company”) is pleased to provide an update on the advancement of its 100% owned Eskay Creek Gold-Silver Proj…",2026-03-31T12:23:39Z,Financial Post
Irish billionaire Paul Coulson’s London home burgled twice in four days as thieves get away with valuables worth £1.25 million,"An Irish billionaire's London home was burgled twice in the space of just four days with thieves getting away with jewellery, cash, luxury handbags and designer clothes worth an estimated £1.25 million, a court has heard.",2026-03-31T12:22:33Z,Independent.ie
Skeena Gold & Silver Confirms Eskay Creek Reaches 49% Completion & Provides Project Update; Initial Production Remains on Schedule for Q2 2027,"VANCOUVER, British Columbia, March 31, 2026 (GLOBE NEWSWIRE) -- Skeena Resources Limited (TSX: SKE, NYSE: SKE) (“Skeena Gold & Silver”, “Skeena” or the “Company”) is pleased to provide an update on the advancement of its 100% owned Eskay Creek Gold-Silver Pro…",2026-03-31T12:20:00Z,GlobeNewswire
Oil Prices Hold Above $100 And Wall Street Rebounds As U.S. Exchanges Strikes With Iran,Wall Street is rebounding early and oil prices are holding above $100 as the U.S. and Iran trade military strikes in the fifth week of the war.,2026-03-31T12:19:12Z,HuffPost
"Wall Street's rough month, Powell's inflation outlook, GLP-1 subscription and more in Morning Squawk",Here are five key things investors need to know to start the trading day.,2026-03-31T12:16:39Z,CNBC
"Plaketten, Medaillen, Urkunden: Frankfurt ist bei der Verleihung von Auszeichnungen großzügig",Mehr als ein Dutzend Preise verleiht Frankfurt an verdiente Personen: Jetzt wird erstmals der Europäische Paulskirchenpreis für Demokratie verliehen. Doch mit der wichtigsten Auszeichnung ist man im Römer knauserig.,2026-03-31T12:15:56Z,Faz.net
"Furto nell’ex convento, ma senza querela cade tutto per la legge Cartabia: tre imputati prosciolti","La legge Cartabia, che ha reso obbligatoria la querela delle persone offese nei casi di furto, continua a mietere vittime. Non i responsabili dei reati, ma le vere vittime, che, se non formalizzano il danno subito, rendono vano l’iter giudiziario, con la cons…",2026-03-31T12:13:43Z,Ilfattoquotidiano.it
"Oil prices hold above $100, Wall Street rebounds amid Iran war strikes","Oil prices hold above $100, Wall Street rebounds amid Iran war strikesbostonherald.com",2026-03-31T12:11:55Z,Boston Herald
L’indagine su San Siro è un macigno nella corsa al dopo-Sala,Cade in un momento particolarissimo la nuova tegola giudiziaria sulla vendita di San Siro alle società di calcio da parte del Comune di Milano. Infatti non suona soltanto inevitabilmente come sano contrappunto ‘verso sinistra’ dell’indagine che a Roma sta met…,2026-03-31T12:11:06Z,Ilfattoquotidiano.it
"Rotraut, de weduwe van Yves Klein, exposeert in Nederland: ‘We hebben telepathisch contact, hij is mijn soulmate’","In het Stedelijk Museum Schiedam is een tentoonstelling te zien met werk van de Franse kunstenaar Yves Klein, zijn vader, moeder en weduwe Rotraut Klein-Moquay. In de opstelling worden de artistieke uitwisselingen tussen de familieleden zichtbaar.",2026-03-31T12:09:52Z,Www.nrc.nl
"Istat: nel 2025 nuovo crollo delle nascite, solo 355mila. E la famiglia più diffusa è quella composta da una sola persona","Il calo demografico in Italia prosegue malgrado lo sbandierato impegno pro natalità del governo Meloni. E l’Istat lo certifica. Solo l’arrivo dei migranti contrasta gli effetti negativi del declino della natalità. Nel 2025 le nascite sono state 355mila, con u…",2026-03-31T12:08:04Z,Ilfattoquotidiano.it
Trump's proposed presidential library revealed as towering Miami skyscraper in striking new video,"New renderings of President Donald Trump's proposed Miami presidential library reveal a glass waterfront skyscraper with gold lettering, a Trump statue, and Oval Office replicas.",2026-03-31T12:07:49Z,Fox News
Si te asustaste al ver al niño de 6 años pilotando una moto de 218 CV... también lo ha hecho con una de 326 CV,"Seguramente Kenan Sofuoglu no será nombrado nunca ‘Padre del Año’, porque el excampeón turco de Supersport ya nos ha mostrado diversos vídeos donde su pequeño hijo Zayn monta enormes motos desde muy pequeño.",2026-03-31T12:04:52Z,Mundodeportivo.com
Megyn Kelly Praises ‘Classy’ Trump Presidential Library Featuring Giant Gold Statue of President,"Megyn Kelly praised the ""classy"" plans for President Donald Trump's official presidential library, which is set to include a giant gold statue.
The post Megyn Kelly Praises ‘Classy’ Trump Presidential Library Featuring Giant Gold Statue of President first app…",2026-03-31T12:03:21Z,Mediaite
"WWE Raw takeaways: The Vision win tag titles, Punk destroys Reigns","Check out the top takeaways from WWE Raw on March 30, which took place at Madison Square Garden in New York.",2026-03-31T12:02:36Z,USA Today
"Apple's 50-Year Legacy of Product Innovation, Through CNET's Lens",The Cupertino colossus has created some of the most iconic products over the last 50 years. Here are ones that stand out.,2026-03-31T12:01:02Z,CNET
Behind Cryptocurrency’s Commercial Real Estate Moment,"Thirteen years ago, Grant Cardone, CEO of Cardone Capital, a multifamily syndication firm with $5 billion in assets today, was paid for a speaking engagement in 115 BTC, or Bitcoin.  For the uninitiated, Bitcoin is the most famous currency in the cryptocurren…",2026-03-31T12:00:54Z,Commercial Observer
28 Kitchen Bar Seating Ideas for 2026 So Good Your Dining Table Starts Feeling Ignored,"Kitchen bars are more than just a place to sit they’re where style and function meet. These 28 kitchen bar seating ideas are stylish, comfortable, and space-savvy perfect for creating a spot that feels inviting, practical, and seamlessly integrated into your …",2026-03-31T12:00:00Z,Thecoolist.com
Common gold IRA rollover mistakes and how to avoid them,Minimize your risk by learning about the most common gold IRA mistakes and how to avoid them.,2026-03-31T12:00:00Z,Yahoo Entertainment
Coachella 2026 Shoe Trends Worth Packing — and the One to Leave Home,FN has rounded up a few trending footwear styles to wear at the 2026 Coachella Valley Music & Arts Festival in April — and one style to avoid.,2026-03-31T12:00:00Z,WWD
"₹7,999 में लॉन्च हुआ धांसू स्मार्टफोन, 120Hz डिस्प्ले और 50MP कैमरा","लावा ने भारत में एक बजट स्मार्टफोन लॉन्च किया है जिसमें 120Hz रिफ्रेश रेट डिस्प्ले मिलता है. इस फोन में 5,000mAh की बैटरी और 50 मेगापिक्सल का कैमरा दिया गया है.",2026-03-31T11:59:36Z,Aajtak.in
"“Igor, l’eroe romantico”: a Milano Fabio Galante introduce il documentario su Protti","Il calcio anni Novanta è il calcio dei campioni che sembrano eroi greci o carismatici personaggi byroniani volti verso il sublime, in soccorso dei più deboli. Uno degli ultimi eroi romantici di quel calcio è Igor Protti, l’unico che si è laureato 4 volte capo…",2026-03-31T11:58:39Z,Ilfattoquotidiano.it
"Lenders turn risk-averse, focus on high CIBIL score borrowers as gold loans surge in India","Lenders are prioritizing borrowers with strong credit histories and higher loan amounts, leading to a decline in new-to-credit customers. Despite this cautious approach, the overall credit market shows improved health, driven by better asset quality. Gold loa…",2026-03-31T11:58:18Z,The Times of India
6 simple home workouts that can relieve calf pain,"The standing wall stretch is the gold standard for targeting the larger, upper portion of the calf muscle. By placing your hands against a wall and extending one leg back with a locked knee, you create a deep, sustained pull that realigns muscle fibers. This …",2026-03-31T11:55:02Z,Economictimes.com
1287405 B.C. Ltd and Monteoro Minerals Announce Proposed Go-Public Transaction and C$17 Million Financing,"Not for distribution to U.S. newswire services or for release publication, distribution or dissemination, directly or indirectly, in whole or in part, in or into the United States. Any failure to comply with this restriction may constitute a violation of U.S.…",2026-03-31T11:53:14Z,Financial Post
Dozens killed in South Sudan gold mine attack,"Over 70 people have been killed and dozens injured in South Sudan, Vice President James Wani Igga has said Read Full Article at RT.com",2026-03-31T11:51:40Z,RT
1287405 B.C. Ltd and Monteoro Minerals Announce Proposed Go-Public Transaction and C$17 Million Financing,"Not for distribution to U.S. newswire services or for release publication, distribution or dissemination, directly or indirectly, in whole or in part, in or into the United States. Any failure to comply with this restriction may constitute a violation of U.S.…",2026-03-31T11:51:00Z,GlobeNewswire
What to know about Trump’s presidential library,The Yodel newsletter: Get caught up on this morning's news,2026-03-31T11:50:18Z,Yahoo Entertainment
"KOMMENTAR - Die Verluste sind grösser als bei Aktien: Wer in Gold einen Schutz vor Krisen sieht, überschätzt dessen Magie",Das Edelmetall hat seit dem Beginn des Iran-Kriegs stark an Wert verloren. Der Glaube an Gold als sicheren Hafen entpuppt sich in kurzer Frist einmal mehr als Irrtum.,2026-03-31T11:50:00Z,Www.nzz.ch
6 easy high protein breakfasts for busy mornings,"Overnight oats are the ultimate  grab-and-go  solution, requiring zero preparation time during the actual morning rush. By mixing rolled oats with a thick, protein-dense Greek yogurt and a scoop of your favorite protein powder, you create a creamy, pudding-li…",2026-03-31T11:45:07Z,Economictimes.com
"‘Get Out’ While Bitcoin is Still Above $65k, Says Peter Schiff as Maximalist Dumps $20 Million in BTC",Gold Proponent Peter Schiff has stated that it is hard to believe Bitcoin is still above $65k and holders should cash out while they can.,2026-03-31T11:40:04Z,ZyCrypto
Are Dems now so corrupt they’d bar Bruce Blakeman from getting campaign funding?,New York state’s Public Campaign Finance Board is preparing to deny $7 million to Republican gubernatorial candidate Bruce Blakeman because he didn’t include his running mate’s name on a form . . . that doesn’t exist yet. This November is the first statewide …,2026-03-31T11:39:09Z,New York Post
Abhay Singh and Anahat Singh Receive Top Asian Squash Federation Awards,"Abhay Singh and Anahat Singh have been recognised as the Asian Squash Federation's outstanding players of the year, while the Indian boys team received the men's team award.",2026-03-31T11:38:18Z,Rediff.com
New twist in the Brandon Aiyuk case: 49ers owner Jed York hasn't ruled out his return,"The San Francisco 49ers&apos; ownership has injected a surprising dose of uncertainty into what many believed was a foregone conclusion regarding Brandon Aiyuk&apos;s future.

Spea",2026-03-31T11:35:07Z,Marca
"Kobo Resources Intersects Strong Gold Results Across All Three Zones at Kossou, Including 7.0 m at 5.06 g/t Au at the Road Cut Zone","High-grade gold results returned from the Road Cut Zone with 7.0 m at 5.06 g/t Au incl. 1.0 m at 20.00 g/t Au, with encouraging gold mineralisation intersected along the Contact Zone Fault area Strong gold mineralisation intersected in all three Kadie Zone ho…",2026-03-31T11:32:02Z,Financial Post
TomaGold Starts Drilling at Berrigan Mine,"1,500-metre Phase 2 drilling program aimed at testing the newly-discovered Berrigan Deep Zone MONTRÉAL — TOMAGOLD CORPORATION (TSXV: LOT; OTCPK: TOGOF) (“TomaGold” or the “Company”) is pleased to announce that drilling has started at its Berrigan Mine project…",2026-03-31T11:31:18Z,Financial Post
Pragmata ya es gold: Capcom confirma que su esperada aventura de ciencia ficción está lista para llegar en abril,"<!--cache-->El nuevo juego de Capcom ha superado una de las últimas grandes fases antes del lanzamiento y mantiene su esperado estreno para el 17 de abril en PS5, Xbox Series, Switch 2 y PC.<!--aa--->Capcom ya puede dar prácticamente por cerrado el desarrollo…",2026-03-31T11:31:00Z,Elespanol.com
Jarren Duran needs to be Captain Chaos for the Red Sox,Stop thinking and play ball.,2026-03-31T11:28:32Z,Over The Monster
"Piramal Finance AUM crosses ₹1 lakh crore, eyes microfinance acquisition","Piramal Finance plans to diversify beyond home loans into microfinance and gold loans, aiming to reach Rs 1.5 lakh crore AUM by March 2028, while maintaining a cautious approach amid global uncertainties",2026-03-31T11:27:56Z,BusinessLine
Middle East Conflict Erases Arab Region's Annual Economic Growth – UN,"The conflict in the Middle East has nullified the annual economic growth of the Arab region, with losses potentially reaching nearly $200 billion, according to a report by the United Nations Development Programme (UNDP).",2026-03-31T11:23:26Z,Sputnikglobe.com
Crypto Trading Platform BYDFi Marks Sixth Anniversary with Month-Long Celebration,"Beginning on April 1, 2026, the cryptocurrency trading platform BYDFi will commemorate its sixth anniversary with a month-long event highlighting its development into an all-in-one platform based on a CEX + DEX dual-engine concept. BYDFi has developed a platf…",2026-03-31T11:19:13Z,ZyCrypto
"Realme 16 5G, Vivo V70 FE, OnePlus Nord 6, OPPO Find X9 Ultra & more smartphones launching in April; Check launch date, price and features here","April 2026 is set to be a busy month for smartphone launches in India with devices from Realme, Vivo, Redmi, OnePlus and OPPO. Key models include Realme 16 5G and Vivo V70 FE on April 2, OnePlus Nord 6 on April 7, and the premium OPPO Find X9 Ultra on April 2…",2026-03-31T11:17:24Z,The Times of India
Did The Sullivan Generator Survive After Shark Tank? Here's What Happened After Season 3,"Of all the ideas presented to ""Shark Tank's"" judges, the Sullivan Generator is one of the most outwardly outlandish, but what happened to it and its creator?",2026-03-31T11:17:00Z,BGR
"Indonesian forest loss surges by 66% in 2025, driven by Prabowo's self-sufficiency drive: Report","A total of 433,751 hectares of forest was cleared last year, a dramatic jump from 261,575 hectares in 2024, a study by a think tank found.",2026-03-31T11:16:00Z,CNA
"Quantum risk resurfaces at the worst time for bitcoin, but 1 token is loving it","Your day-ahead look for March 31, 2026",2026-03-31T11:15:00Z,CoinDesk
Funnel’s Forum 2026 brings 150+ of multifamily’s top leaders to Scottsdale to build the world’s best renter experience,Funnel’s Forum 2026 brings 150+ of multifamily’s top leaders to Scottsdale to build the world’s best renter experience...,2026-03-31T11:15:00Z,GlobeNewswire
"Florida Panthers announce hiring of former Amazon, Disney exec Michael White as business president",The Florida Panthers have named tech and guest-experience executive Michael White as their new president of business operations,2026-03-31T11:14:45Z,Abcnews.com
Aya Gold & Silver Reports Record Results for Q4-2025 and Full Year 2025,"Record Revenue, Net Income and Cash Flow from Operations MONTREAL, March 31, 2026 (GLOBE NEWSWIRE) — Aya Gold & Silver Inc. (TSX: AYA; OTCQX: AYASF) (“Aya” or the “Corporation”) today announced its financial and operational results for the fourth quarter and …",2026-03-31T11:03:49Z,Financial Post
Bitget lists edgeX (EDGE) for Spot Trading,"Bitget adds edgeX (EDGE) in Innovation Zone. EDGE/USDT spot trading opens Mar 31, 2026 12:30 UTC; withdrawals Apr 1....",2026-03-31T11:03:00Z,GlobeNewswire
Fort Collins basketball star named Blue FCU's top winter girls athlete,Fort Collins basketball's Annika VanDalen was named the Fort Collins area's top winter girls athlete after leading a Lambkins' turnaround season.,2026-03-31T11:02:26Z,Coloradoan
"The new Lava Bold N2 Pro debuts with an old 4G chipset, 6.67"" 120Hz display","A month ago, Lava introduced the Bold N2, a fairly basic 4G phone. Now the company is launching the Lava Bold N2 Pro – confusingly, the Pro phone is smaller and cheaper than its vanilla sibling. Huh?

The N2 Pro is powered by the Unisoc T7250, a staple of che…",2026-03-31T11:01:02Z,GSMArena.com
Northisle Announces Infill Drill Results at Northwest Expo Extend Strike and Add New High-Grade Intervals,"High-grade interval in NW25-57 of 117.0 metres at 1.50 g/t Au Eq., including 52.5 metres at 1.91 g/t Au Eq. Highlights: Selected gold-equivalent assay intercepts include: NW25-57: 117.0 metres at 1.50 g/t Au Eq. from 231.0 metres, including 52.5 metres at 1.9…",2026-03-31T11:00:49Z,Financial Post
Aya Gold & Silver Reports Record Results for Q4-2025 and Full Year 2025,"Record Revenue, Net Income and Cash Flow from Operations Record Revenue, Net Income and Cash Flow from Operations",2026-03-31T11:00:00Z,GlobeNewswire
Science Has Two Exciting New Ideas for Your Hairline,"Discover the latest men’s hair loss treatments, from finasteride and minoxidil to emerging therapies. Learn what works, side effects, and how to regrow thinning hair effectively.",2026-03-31T11:00:00Z,menshealth.com
UNCF “A Mind Is…” New York Gala Raises Record $1.3M for HBCUs and Student Success,"Honoring visionary leaders and delivering transformative impact, funds will help continue UNCF's legacy of bridging the gap between potential and opportunity Honoring visionary leaders and delivering transformative impact, funds will help continue UNCF's lega…",2026-03-31T11:00:00Z,GlobeNewswire
Bitcoin Everlight Reports Continued Phase 3 Presale Activity Amid Shifting Global Market Conditions,"Bitcoin Everlight advances Phase 3 presale against a backdrop of US-Iran tensions as early participants continue entering the network  SAN FRANCISCO,...",2026-03-31T11:00:00Z,GlobeNewswire
"They Were Told Wrestling Was Only for Boys. Now, This NYC Club Is Proving Girls Can Fight for Their Futures.","In the Bronx and Harlem, shy girls and a two-time Olympian join forces to build a wrestling club that’s quietly changing futures and creating possibilities.",2026-03-31T11:00:00Z,Women's Health
Oil Shock Tests Bank of Thailand’s Wait-and-See Policy Stance,"Thailand’s central bank signaled a wait-and-see monetary policy approach, saying interest-rate cuts are unlikely to be effective against a Middle East-driven oil shock while leaving the door open to tightening if inflation pressures persist.",2026-03-31T10:54:22Z,Financial Post
"Ausblick: Edelmetallverband: Gold zieht wieder an, Silber gefragt","Rechenzentren, Photovoltaik, Katalysatoren oder der „sichere Hafen“ für Anleger: Gold, Silber und Platin sind begehrt. Trotzdem spürt die Branche auch negative Folgen des Weltgeschehens.",2026-03-31T10:47:21Z,Der Tagesspiegel
"Ausblick: Edelmetallverband: Gold zieht wieder an, Silber gefragt","Hier finden Sie Informationen zu dem Thema „Ausblick“. Lesen Sie jetzt „Edelmetallverband: Gold zieht wieder an, Silber gefragt“.",2026-03-31T10:46:02Z,Die Zeit
"Ausblick: Edelmetallverband: Gold zieht wieder an, Silber gefragt","Rechenzentren, Photovoltaik, Katalysatoren oder der ""sichere Hafen"" für Anleger: Gold, Silber und Platin sind begehrt. Trotzdem spürt die Branche auch negative Folgen des Weltgeschehens.",2026-03-31T10:46:02Z,STERN.de
Plus - Test: Avowed - Patch 2.0 im Nachtest: Mein umstrittener Rollenspiel-Geheimtipp ist ein Jahr nach Release um einiges besser geworden,"Neue Völker, New Game Plus und viele Bugfixes im Anniversary Update 2.0 machen Avowed in Peters Augen endgültig zum Pflichtbesuch für Rollenspieler mit Spaß am Erkunden.",2026-03-31T10:41:00Z,GameStar
"BYDFi Marks 6th Anniversary with Month-Long Celebration, Built for Reliability","Victoria, Seychelles, 31st March 2026, Chainwire
The post BYDFi Marks 6th Anniversary with Month-Long Celebration, Built for Reliability appeared first on The Daily Hodl.",2026-03-31T10:40:56Z,The Daily Hodl
"BYDFi Marks Sixth Anniversary With Month-Long Celebration, Built for Reliability","Global crypto trading platform BYDFi will mark its sixth anniversary with a month-long celebration beginning on April 1, 2026, highlighting BYDFi’s evolution into an all-in-one crypto trading platform built on a CEX + DEX dual-engine model.",2026-03-31T10:40:56Z,The Daily Hodl
"₹7,999 में Lava Bold N2 Pro भारत में लॉन्च, मिलेगा 50MP कैमरा और 5,000mAh बैटरी",Lava Bold N2 Pro: Lava Bold N2 Pro को भारत में मंगलवार को लॉन्च किया गया। कंपनी का यह एंट्री-लेवल स्मार्टफोन 50MP के रियर कैमरे और 8MP के सेल्फी कैमरे से लैस है। यह 4G कनेक्टिविटी को सपोर्ट करता है और Android 15 पर चलता है। यह हैंडसेट दो कलर ऑप्शन में उपलब्ध …,2026-03-31T10:39:30Z,Moneycontrol
(VIDEO) Socceroos vs Curacao LIVE: Where to Watch Australia's Final Home Friendly Before 2026 World Cup,"MELBOURNE — The CommBank Socceroos face Curaçao tonight at AAMI Park in what will be Australia's last international match on home soil before the 2026 FIFA World Cup, with fans able to watch the FIFA Series 2026 clash live and free on Network 10 or via Paramo…",2026-03-31T10:34:50Z,Ibtimes.com.au
Botnet russe : prison ferme aux États-Unis,"Condamnation d'un opérateur russe de botnet lié au ransomware, au cœur de la chaîne d’accès cybercriminelle.",2026-03-31T10:33:05Z,Zataz.com
LibreOffice vs ONLYOFFICE - Which One Is Right For You?,"Both are solid open source office suites but which one should you choose? This in-depth article compares LibreOffice and ONLYOFFICE across features, usability, and real-world experience.",2026-03-31T10:32:41Z,Itsfoss.com
Fastned bietet Osteraktion für kostenlose Schnellladung,Das Unternehmen Fastned bietet über Ostern an fünf Schnellladestationen in Deutschland kostenfreies Laden an. Doch es gibt einen kleinen Haken. Vom 04. bis 06. April können Nutzer an ausgewählten Standorten …,2026-03-31T10:30:50Z,mobiFlip.de
Lamar Odom in 2026: 10 Essential Things to Know About the Former NBA Star's Tumultuous Journey and Struggles,"LOS ANGELES — As Netflix prepares to release ""Untold: The Death and Life of Lamar Odom"" on March 31, 2026, the former NBA champion remains a compelling figure whose life has blended basketball glory, reality television fame, devastating personal losses and a …",2026-03-31T10:29:49Z,Ibtimes.com.au
"European stocks gain on hopes for Iran de-escalation, oil set for record monthly rise","PARIS, March 31 : European shares eked out small gains in morning trading on Tuesday but were still on track for their worst month since 2022, while oil prices were set for a record monthly rise, as traders came to the end of a tumultuous March dominated by t…",2026-03-31T10:29:31Z,CNA
Global equities rise; oil on track for record monthly gain,"NEW YORK/PARIS, March 31 : Global shares rose on Tuesday and Brent crude oil prices were poised for a record monthly increase, as traders came to the end of a tumultuous March dominated by the Iran war.Iran attacked a fully-loaded oil tanker off Dubai early o…",2026-03-31T10:29:31Z,CNA
"HarmonyOS 6 для устройств Huawei предлагает новый интерфейс, эффекты камеры, сценарии использования","Huawei опубликовала подробные списки устройств, которые могут получить доступ к новым функциям HarmonyOS 6, включая смартфоны, планшеты, умные часы и складные устройства. Huawei присвоила этому обновлению номер версии HarmonyOS 6.0.0.328 , чтобы обозначить вн…",2026-03-31T10:27:00Z,Ixbt.com
Kristaps Porzingis finds his stride with Warriors in March,Porzingis once belonged to someone else’s lottery. Now he might define the Warriors’ last dynastic gamble.,2026-03-31T10:24:30Z,Golden State of Mind
"Iran war exerts cost-push pressure on inflation, says Turkish Central Bank governor","The governor of the Turkish Central Bank said ongoing tensions in the Middle East have driven a sharp rise in energy prices, adding cost-push pressure on inflation and indirectly affecting prices across sectors.",2026-03-31T10:18:19Z,Hurriyet Daily News
"Ken Griffin, the CEO who won’t bend the knee to Trump",Everything you need to know before you reach the office this morning.,2026-03-31T10:17:08Z,Fortune
"Leaching Operations Commence at Calcatreu Project, Marking Transition to Operational Phase","VANCOUVER, British Columbia, March 31, 2026 (GLOBE NEWSWIRE) — Patagonia Gold Corp. (“Patagonia” or the “Company”) (TSXV: PGDC) is pleased to announce the successful commencement of leaching operations at its flagship Calcatreu Project (“Calcatreu” or the “Pr…",2026-03-31T10:16:21Z,Financial Post
GASF names 15 finalists for 2025-26 Central Texas athletes of the year award,The Greater Austin Sports Foundation has named 12 high school student-athletes from Central Texas as boys and girls athletes of the year finalists.,2026-03-31T10:15:00Z,Austin American-Statesman
"Last day to score up to $300 off Apple Watch, $130 off Series 11 Cell models, more","We have now entered the final day of Amazon’s Big Spring Sale and some of the Apple Watch deals are already starting to jump back up in price. Alongside the Series 11 offers from $299 or this Cell model at $130 off, one of the most notable price drops you can…",2026-03-31T10:11:22Z,9to5Toys
"Leaching Operations Commence at Calcatreu Project, Marking Transition to Operational Phase","LEACHING OPERATIONS COMMENCE AT CALCATREU PROJECT, MARKING TRANSITION TO OPERATIONAL PHASE...",2026-03-31T10:11:00Z,GlobeNewswire
Jumio Liveness Premium Wins Gold in 2026 Cybersecurity Excellence Awards,"Jumio is recognized for its advanced biometric liveness detection technology for defending against deepfakes and AI-powered fraud SUNNYVALE, Calif. — Jumio, leading provider of AI-powered identity intelligence, today announced that Jumio Liveness Premium has …",2026-03-31T10:09:57Z,Financial Post
Bvlgari Hotel Roma: grandeur and high design in the Eternal City,A stylish rooftop bar and subterranean spa take this luxury hotel to another level,2026-03-31T10:07:33Z,The Week Magazine
Caster Semenya pledges to fight against Olympic gender-testing policy,"'We're going to be vocal about it, we're going to make noise until we're heard,' South Africa's gold medallist says.",2026-03-31T10:06:55Z,Al Jazeera English
Analysts Remain Bullish on Vox Royalty (VOXR) Following Company’s Inclusion in the VanEck Junior Gold Miners ETF,,2026-03-31T10:06:13Z,Yahoo Entertainment
Analysts Sentiment on TRX Gold (TRX) Remains Robust Following Strong Q2 2026 Results,,2026-03-31T10:06:11Z,Yahoo Entertainment
Analysts Bullish on Gold Royalty (GROY) Following Record Fiscal Annual Revenue And Operating Cash Flows For 2025,,2026-03-31T10:06:09Z,Yahoo Entertainment
Taiwan Olympic boxing champ involved in gender debate wins first bout at Asian titles,Lin Yu-ting comfortably won her first international bout since the 2024 Paris Olympics at the Asian championships on Tuesday after World Boxing said she passed a gene test. Taiwan's first Olympic boxing champion beat Thananya Somnuek of Thailand 5-0 in the ro…,2026-03-31T10:06:07Z,Yahoo Entertainment
Analysts See Over 100% Upside for New Found (NFGC) Amid Accelerated Progress At Queensway Gold Project,,2026-03-31T10:06:07Z,Yahoo Entertainment
Analysts Bullish on Galiano Gold (GAU) Amid Strong Share Price Momentum,,2026-03-31T10:06:06Z,Yahoo Entertainment
Analysts Bullish on Dakota Gold (DC) Amid Accelerated Progress at Richmond Hill,"Dakota Gold Corp. (NYSE:DC) earns a place on our list of the 8 best gold penny stocks to buy according to analysts. As of March 28, 2026, 100% of covering...",2026-03-31T10:06:04Z,Yahoo Entertainment
"Canneseries 2026 Dials up the U.S. With HBO Opening Series ‘Half Man,’ Scott Free’s Latest ‘Terror’ Season and Apple TV+’s ‘Star City’","The Hollywood studios may be sitting out the Cannes Film Festival but a more than respectable cohort of major U.S. players will hit Canneseries, Cannes TV festival, a month earlier.  They are led by HBO with Richard Gadd’s highly anticipated “Half Man” which …",2026-03-31T10:03:25Z,Variety
"Records в C#: Классы, которые пишут код за вас","Давайте представим, что вам нужно создать класс для хранения данных пользователя. Сколько строк кода вы напишете? Конструктор, свойства, метод ToString(), сравнение объектов... А если добавится новое поле? Придется обновлять конструктор, метод Equals, GetHash…",2026-03-31T10:03:07Z,Habr.com
"22k gold rate today: Check 22K, 24K gold prices (March 31, 2026) on Tanishq, Malabar Gold & Diamonds, Kalyan Jewellers, Joyalukkas and IBJA","Gold rate prediction: Gold prices experienced a slight increase on March 31, 2026, with 22K gold rates rising across major jewelry brands like Tanishq, Kalyan Jewellers, Malabar Gold & Diamonds, and Joyalukkas.",2026-03-31T10:01:49Z,The Times of India
"Der Countdown läuft - Meldet sich keiner, kriegt ein Dorf das ganze Gold","Jetzt läuft die Zeit für den bisherigen Eigentümer ab. Meldet er sich nicht rechtzeitig, hat ein Bürgermeister große Pläne mit dem Schatz.",2026-03-31T10:01:25Z,Bild
From Prosthetics To Houses: 26 Brilliant Things Made With A 3D Printer,"3D printing has been around for much longer than you might think; almost 40 years in fact. But it's only recently that the potential of this technology has begun to be realized, advances in sensors, 3D printing software and materials mean that the most incred…",2026-03-31T10:01:03Z,Boredpanda.com
Today in Boston Celtics history: Boston's first playoff win; Barksdale born; '59 draft,"Today in Boston Celtics history, Don Barksdale was born in Oakland, California, in 1923.",2026-03-31T10:00:06Z,USA Today
How To Destroy Wealth,This November California voters might show the country how to wreck an economy in the name of fairness.,2026-03-31T10:00:00Z,Forbes
Piramal Finance AUM touches Rs 1 lakh crore; acquisitions on radar: CEO,Piramal Finance has crossed Rs 1 lakh crore in assets under management. The company plans to acquire a microfinance institution to boost its next phase of growth. Piramal Finance aims to increase its assets under management to Rs 1.5 lakh crore by March 2028.…,2026-03-31T12:24:22Z,The Times of India
Skeena Gold & Silver Confirms Eskay Creek Reaches 49% Completion & Provides Project Update; Initial Production Remains on Schedule for Q2 2027,"VANCOUVER, British Columbia, March 31, 2026 (GLOBE NEWSWIRE) — Skeena Resources Limited (TSX: SKE, NYSE: SKE) (“Skeena Gold & Silver”, “Skeena” or the “Company”) is pleased to provide an update on the advancement of its 100% owned Eskay Creek Gold-Silver Proj…",2026-03-31T12:23:39Z,Financial Post
Irish billionaire Paul Coulson’s London home burgled twice in four days as thieves get away with valuables worth £1.25 million,"An Irish billionaire's London home was burgled twice in the space of just four days with thieves getting away with jewellery, cash, luxury handbags and designer clothes worth an estimated £1.25 million, a court has heard.",2026-03-31T12:22:33Z,Independent.ie
Skeena Gold & Silver Confirms Eskay Creek Reaches 49% Completion & Provides Project Update; Initial Production Remains on Schedule for Q2 2027,"VANCOUVER, British Columbia, March 31, 2026 (GLOBE NEWSWIRE) -- Skeena Resources Limited (TSX: SKE, NYSE: SKE) (“Skeena Gold & Silver”, “Skeena” or the “Company”) is pleased to provide an update on the advancement of its 100% owned Eskay Creek Gold-Silver Pro…",2026-03-31T12:20:00Z,GlobeNewswire
Oil Prices Hold Above $100 And Wall Street Rebounds As U.S. Exchanges Strikes With Iran,Wall Street is rebounding early and oil prices are holding above $100 as the U.S. and Iran trade military strikes in the fifth week of the war.,2026-03-31T12:19:12Z,HuffPost
"Wall Street's rough month, Powell's inflation outlook, GLP-1 subscription and more in Morning Squawk",Here are five key things investors need to know to start the trading day.,2026-03-31T12:16:39Z,CNBC
"Plaketten, Medaillen, Urkunden: Frankfurt ist bei der Verleihung von Auszeichnungen großzügig",Mehr als ein Dutzend Preise verleiht Frankfurt an verdiente Personen: Jetzt wird erstmals der Europäische Paulskirchenpreis für Demokratie verliehen. Doch mit der wichtigsten Auszeichnung ist man im Römer knauserig.,2026-03-31T12:15:56Z,Faz.net
"Furto nell’ex convento, ma senza querela cade tutto per la legge Cartabia: tre imputati prosciolti","La legge Cartabia, che ha reso obbligatoria la querela delle persone offese nei casi di furto, continua a mietere vittime. Non i responsabili dei reati, ma le vere vittime, che, se non formalizzano il danno subito, rendono vano l’iter giudiziario, con la cons…",2026-03-31T12:13:43Z,Ilfattoquotidiano.it
"Oil prices hold above $100, Wall Street rebounds amid Iran war strikes","Oil prices hold above $100, Wall Street rebounds amid Iran war strikesbostonherald.com",2026-03-31T12:11:55Z,Boston Herald
L’indagine su San Siro è un macigno nella corsa al dopo-Sala,Cade in un momento particolarissimo la nuova tegola giudiziaria sulla vendita di San Siro alle società di calcio da parte del Comune di Milano. Infatti non suona soltanto inevitabilmente come sano contrappunto ‘verso sinistra’ dell’indagine che a Roma sta met…,2026-03-31T12:11:06Z,Ilfattoquotidiano.it
"Rotraut, de weduwe van Yves Klein, exposeert in Nederland: ‘We hebben telepathisch contact, hij is mijn soulmate’","In het Stedelijk Museum Schiedam is een tentoonstelling te zien met werk van de Franse kunstenaar Yves Klein, zijn vader, moeder en weduwe Rotraut Klein-Moquay. In de opstelling worden de artistieke uitwisselingen tussen de familieleden zichtbaar.",2026-03-31T12:09:52Z,Www.nrc.nl
"Istat: nel 2025 nuovo crollo delle nascite, solo 355mila. E la famiglia più diffusa è quella composta da una sola persona","Il calo demografico in Italia prosegue malgrado lo sbandierato impegno pro natalità del governo Meloni. E l’Istat lo certifica. Solo l’arrivo dei migranti contrasta gli effetti negativi del declino della natalità. Nel 2025 le nascite sono state 355mila, con u…",2026-03-31T12:08:04Z,Ilfattoquotidiano.it
Trump's proposed presidential library revealed as towering Miami skyscraper in striking new video,"New renderings of President Donald Trump's proposed Miami presidential library reveal a glass waterfront skyscraper with gold lettering, a Trump statue, and Oval Office replicas.",2026-03-31T12:07:49Z,Fox News
Si te asustaste al ver al niño de 6 años pilotando una moto de 218 CV... también lo ha hecho con una de 326 CV,"Seguramente Kenan Sofuoglu no será nombrado nunca ‘Padre del Año’, porque el excampeón turco de Supersport ya nos ha mostrado diversos vídeos donde su pequeño hijo Zayn monta enormes motos desde muy pequeño.",2026-03-31T12:04:52Z,Mundodeportivo.com
Megyn Kelly Praises ‘Classy’ Trump Presidential Library Featuring Giant Gold Statue of President,"Megyn Kelly praised the ""classy"" plans for President Donald Trump's official presidential library, which is set to include a giant gold statue.
The post Megyn Kelly Praises ‘Classy’ Trump Presidential Library Featuring Giant Gold Statue of President first app…",2026-03-31T12:03:21Z,Mediaite
"WWE Raw takeaways: The Vision win tag titles, Punk destroys Reigns","Check out the top takeaways from WWE Raw on March 30, which took place at Madison Square Garden in New York.",2026-03-31T12:02:36Z,USA Today
"Apple's 50-Year Legacy of Product Innovation, Through CNET's Lens",The Cupertino colossus has created some of the most iconic products over the last 50 years. Here are ones that stand out.,2026-03-31T12:01:02Z,CNET
Behind Cryptocurrency’s Commercial Real Estate Moment,"Thirteen years ago, Grant Cardone, CEO of Cardone Capital, a multifamily syndication firm with $5 billion in assets today, was paid for a speaking engagement in 115 BTC, or Bitcoin.  For the uninitiated, Bitcoin is the most famous currency in the cryptocurren…",2026-03-31T12:00:54Z,Commercial Observer
28 Kitchen Bar Seating Ideas for 2026 So Good Your Dining Table Starts Feeling Ignored,"Kitchen bars are more than just a place to sit they’re where style and function meet. These 28 kitchen bar seating ideas are stylish, comfortable, and space-savvy perfect for creating a spot that feels inviting, practical, and seamlessly integrated into your …",2026-03-31T12:00:00Z,Thecoolist.com
Common gold IRA rollover mistakes and how to avoid them,Minimize your risk by learning about the most common gold IRA mistakes and how to avoid them.,2026-03-31T12:00:00Z,Yahoo Entertainment
Coachella 2026 Shoe Trends Worth Packing — and the One to Leave Home,FN has rounded up a few trending footwear styles to wear at the 2026 Coachella Valley Music & Arts Festival in April — and one style to avoid.,2026-03-31T12:00:00Z,WWD
"₹7,999 में लॉन्च हुआ धांसू स्मार्टफोन, 120Hz डिस्प्ले और 50MP कैमरा","लावा ने भारत में एक बजट स्मार्टफोन लॉन्च किया है जिसमें 120Hz रिफ्रेश रेट डिस्प्ले मिलता है. इस फोन में 5,000mAh की बैटरी और 50 मेगापिक्सल का कैमरा दिया गया है.",2026-03-31T11:59:36Z,Aajtak.in
"“Igor, l’eroe romantico”: a Milano Fabio Galante introduce il documentario su Protti","Il calcio anni Novanta è il calcio dei campioni che sembrano eroi greci o carismatici personaggi byroniani volti verso il sublime, in soccorso dei più deboli. Uno degli ultimi eroi romantici di quel calcio è Igor Protti, l’unico che si è laureato 4 volte capo…",2026-03-31T11:58:39Z,Ilfattoquotidiano.it
"Lenders turn risk-averse, focus on high CIBIL score borrowers as gold loans surge in India","Lenders are prioritizing borrowers with strong credit histories and higher loan amounts, leading to a decline in new-to-credit customers. Despite this cautious approach, the overall credit market shows improved health, driven by better asset quality. Gold loa…",2026-03-31T11:58:18Z,The Times of India
6 simple home workouts that can relieve calf pain,"The standing wall stretch is the gold standard for targeting the larger, upper portion of the calf muscle. By placing your hands against a wall and extending one leg back with a locked knee, you create a deep, sustained pull that realigns muscle fibers. This …",2026-03-31T11:55:02Z,Economictimes.com
1287405 B.C. Ltd and Monteoro Minerals Announce Proposed Go-Public Transaction and C$17 Million Financing,"Not for distribution to U.S. newswire services or for release publication, distribution or dissemination, directly or indirectly, in whole or in part, in or into the United States. Any failure to comply with this restriction may constitute a violation of U.S.…",2026-03-31T11:53:14Z,Financial Post
Dozens killed in South Sudan gold mine attack,"Over 70 people have been killed and dozens injured in South Sudan, Vice President James Wani Igga has said Read Full Article at RT.com",2026-03-31T11:51:40Z,RT
1287405 B.C. Ltd and Monteoro Minerals Announce Proposed Go-Public Transaction and C$17 Million Financing,"Not for distribution to U.S. newswire services or for release publication, distribution or dissemination, directly or indirectly, in whole or in part, in or into the United States. Any failure to comply with this restriction may constitute a violation of U.S.…",2026-03-31T11:51:00Z,GlobeNewswire
What to know about Trump’s presidential library,The Yodel newsletter: Get caught up on this morning's news,2026-03-31T11:50:18Z,Yahoo Entertainment
"KOMMENTAR - Die Verluste sind grösser als bei Aktien: Wer in Gold einen Schutz vor Krisen sieht, überschätzt dessen Magie",Das Edelmetall hat seit dem Beginn des Iran-Kriegs stark an Wert verloren. Der Glaube an Gold als sicheren Hafen entpuppt sich in kurzer Frist einmal mehr als Irrtum.,2026-03-31T11:50:00Z,Www.nzz.ch
6 easy high protein breakfasts for busy mornings,"Overnight oats are the ultimate  grab-and-go  solution, requiring zero preparation time during the actual morning rush. By mixing rolled oats with a thick, protein-dense Greek yogurt and a scoop of your favorite protein powder, you create a creamy, pudding-li…",2026-03-31T11:45:07Z,Economictimes.com
"‘Get Out’ While Bitcoin is Still Above $65k, Says Peter Schiff as Maximalist Dumps $20 Million in BTC",Gold Proponent Peter Schiff has stated that it is hard to believe Bitcoin is still above $65k and holders should cash out while they can.,2026-03-31T11:40:04Z,ZyCrypto
Are Dems now so corrupt they’d bar Bruce Blakeman from getting campaign funding?,New York state’s Public Campaign Finance Board is preparing to deny $7 million to Republican gubernatorial candidate Bruce Blakeman because he didn’t include his running mate’s name on a form . . . that doesn’t exist yet. This November is the first statewide …,2026-03-31T11:39:09Z,New York Post
Abhay Singh and Anahat Singh Receive Top Asian Squash Federation Awards,"Abhay Singh and Anahat Singh have been recognised as the Asian Squash Federation's outstanding players of the year, while the Indian boys team received the men's team award.",2026-03-31T11:38:18Z,Rediff.com
New twist in the Brandon Aiyuk case: 49ers owner Jed York hasn't ruled out his return,"The San Francisco 49ers&apos; ownership has injected a surprising dose of uncertainty into what many believed was a foregone conclusion regarding Brandon Aiyuk&apos;s future.

Spea",2026-03-31T11:35:07Z,Marca
"Kobo Resources Intersects Strong Gold Results Across All Three Zones at Kossou, Including 7.0 m at 5.06 g/t Au at the Road Cut Zone","High-grade gold results returned from the Road Cut Zone with 7.0 m at 5.06 g/t Au incl. 1.0 m at 20.00 g/t Au, with encouraging gold mineralisation intersected along the Contact Zone Fault area Strong gold mineralisation intersected in all three Kadie Zone ho…",2026-03-31T11:32:02Z,Financial Post
TomaGold Starts Drilling at Berrigan Mine,"1,500-metre Phase 2 drilling program aimed at testing the newly-discovered Berrigan Deep Zone MONTRÉAL — TOMAGOLD CORPORATION (TSXV: LOT; OTCPK: TOGOF) (“TomaGold” or the “Company”) is pleased to announce that drilling has started at its Berrigan Mine project…",2026-03-31T11:31:18Z,Financial Post
Pragmata ya es gold: Capcom confirma que su esperada aventura de ciencia ficción está lista para llegar en abril,"<!--cache-->El nuevo juego de Capcom ha superado una de las últimas grandes fases antes del lanzamiento y mantiene su esperado estreno para el 17 de abril en PS5, Xbox Series, Switch 2 y PC.<!--aa--->Capcom ya puede dar prácticamente por cerrado el desarrollo…",2026-03-31T11:31:00Z,Elespanol.com
Jarren Duran needs to be Captain Chaos for the Red Sox,Stop thinking and play ball.,2026-03-31T11:28:32Z,Over The Monster
"Piramal Finance AUM crosses ₹1 lakh crore, eyes microfinance acquisition","Piramal Finance plans to diversify beyond home loans into microfinance and gold loans, aiming to reach Rs 1.5 lakh crore AUM by March 2028, while maintaining a cautious approach amid global uncertainties",2026-03-31T11:27:56Z,BusinessLine
Middle East Conflict Erases Arab Region's Annual Economic Growth – UN,"The conflict in the Middle East has nullified the annual economic growth of the Arab region, with losses potentially reaching nearly $200 billion, according to a report by the United Nations Development Programme (UNDP).",2026-03-31T11:23:26Z,Sputnikglobe.com
Crypto Trading Platform BYDFi Marks Sixth Anniversary with Month-Long Celebration,"Beginning on April 1, 2026, the cryptocurrency trading platform BYDFi will commemorate its sixth anniversary with a month-long event highlighting its development into an all-in-one platform based on a CEX + DEX dual-engine concept. BYDFi has developed a platf…",2026-03-31T11:19:13Z,ZyCrypto
"Realme 16 5G, Vivo V70 FE, OnePlus Nord 6, OPPO Find X9 Ultra & more smartphones launching in April; Check launch date, price and features here","April 2026 is set to be a busy month for smartphone launches in India with devices from Realme, Vivo, Redmi, OnePlus and OPPO. Key models include Realme 16 5G and Vivo V70 FE on April 2, OnePlus Nord 6 on April 7, and the premium OPPO Find X9 Ultra on April 2…",2026-03-31T11:17:24Z,The Times of India
Did The Sullivan Generator Survive After Shark Tank? Here's What Happened After Season 3,"Of all the ideas presented to ""Shark Tank's"" judges, the Sullivan Generator is one of the most outwardly outlandish, but what happened to it and its creator?",2026-03-31T11:17:00Z,BGR
"Indonesian forest loss surges by 66% in 2025, driven by Prabowo's self-sufficiency drive: Report","A total of 433,751 hectares of forest was cleared last year, a dramatic jump from 261,575 hectares in 2024, a study by a think tank found.",2026-03-31T11:16:00Z,CNA
"Quantum risk resurfaces at the worst time for bitcoin, but 1 token is loving it","Your day-ahead look for March 31, 2026",2026-03-31T11:15:00Z,CoinDesk
Funnel’s Forum 2026 brings 150+ of multifamily’s top leaders to Scottsdale to build the world’s best renter experience,Funnel’s Forum 2026 brings 150+ of multifamily’s top leaders to Scottsdale to build the world’s best renter experience...,2026-03-31T11:15:00Z,GlobeNewswire
"Florida Panthers announce hiring of former Amazon, Disney exec Michael White as business president",The Florida Panthers have named tech and guest-experience executive Michael White as their new president of business operations,2026-03-31T11:14:45Z,Abcnews.com
Aya Gold & Silver Reports Record Results for Q4-2025 and Full Year 2025,"Record Revenue, Net Income and Cash Flow from Operations MONTREAL, March 31, 2026 (GLOBE NEWSWIRE) — Aya Gold & Silver Inc. (TSX: AYA; OTCQX: AYASF) (“Aya” or the “Corporation”) today announced its financial and operational results for the fourth quarter and …",2026-03-31T11:03:49Z,Financial Post
Bitget lists edgeX (EDGE) for Spot Trading,"Bitget adds edgeX (EDGE) in Innovation Zone. EDGE/USDT spot trading opens Mar 31, 2026 12:30 UTC; withdrawals Apr 1....",2026-03-31T11:03:00Z,GlobeNewswire
Fort Collins basketball star named Blue FCU's top winter girls athlete,Fort Collins basketball's Annika VanDalen was named the Fort Collins area's top winter girls athlete after leading a Lambkins' turnaround season.,2026-03-31T11:02:26Z,Coloradoan
"The new Lava Bold N2 Pro debuts with an old 4G chipset, 6.67"" 120Hz display","A month ago, Lava introduced the Bold N2, a fairly basic 4G phone. Now the company is launching the Lava Bold N2 Pro – confusingly, the Pro phone is smaller and cheaper than its vanilla sibling. Huh?

The N2 Pro is powered by the Unisoc T7250, a staple of che…",2026-03-31T11:01:02Z,GSMArena.com
Northisle Announces Infill Drill Results at Northwest Expo Extend Strike and Add New High-Grade Intervals,"High-grade interval in NW25-57 of 117.0 metres at 1.50 g/t Au Eq., including 52.5 metres at 1.91 g/t Au Eq. Highlights: Selected gold-equivalent assay intercepts include: NW25-57: 117.0 metres at 1.50 g/t Au Eq. from 231.0 metres, including 52.5 metres at 1.9…",2026-03-31T11:00:49Z,Financial Post
Aya Gold & Silver Reports Record Results for Q4-2025 and Full Year 2025,"Record Revenue, Net Income and Cash Flow from Operations Record Revenue, Net Income and Cash Flow from Operations",2026-03-31T11:00:00Z,GlobeNewswire
Science Has Two Exciting New Ideas for Your Hairline,"Discover the latest men’s hair loss treatments, from finasteride and minoxidil to emerging therapies. Learn what works, side effects, and how to regrow thinning hair effectively.",2026-03-31T11:00:00Z,menshealth.com
UNCF “A Mind Is…” New York Gala Raises Record $1.3M for HBCUs and Student Success,"Honoring visionary leaders and delivering transformative impact, funds will help continue UNCF's legacy of bridging the gap between potential and opportunity Honoring visionary leaders and delivering transformative impact, funds will help continue UNCF's lega…",2026-03-31T11:00:00Z,GlobeNewswire
Bitcoin Everlight Reports Continued Phase 3 Presale Activity Amid Shifting Global Market Conditions,"Bitcoin Everlight advances Phase 3 presale against a backdrop of US-Iran tensions as early participants continue entering the network  SAN FRANCISCO,...",2026-03-31T11:00:00Z,GlobeNewswire
"They Were Told Wrestling Was Only for Boys. Now, This NYC Club Is Proving Girls Can Fight for Their Futures.","In the Bronx and Harlem, shy girls and a two-time Olympian join forces to build a wrestling club that’s quietly changing futures and creating possibilities.",2026-03-31T11:00:00Z,Women's Health
Oil Shock Tests Bank of Thailand’s Wait-and-See Policy Stance,"Thailand’s central bank signaled a wait-and-see monetary policy approach, saying interest-rate cuts are unlikely to be effective against a Middle East-driven oil shock while leaving the door open to tightening if inflation pressures persist.",2026-03-31T10:54:22Z,Financial Post
"Ausblick: Edelmetallverband: Gold zieht wieder an, Silber gefragt","Rechenzentren, Photovoltaik, Katalysatoren oder der „sichere Hafen“ für Anleger: Gold, Silber und Platin sind begehrt. Trotzdem spürt die Branche auch negative Folgen des Weltgeschehens.",2026-03-31T10:47:21Z,Der Tagesspiegel
"Ausblick: Edelmetallverband: Gold zieht wieder an, Silber gefragt","Hier finden Sie Informationen zu dem Thema „Ausblick“. Lesen Sie jetzt „Edelmetallverband: Gold zieht wieder an, Silber gefragt“.",2026-03-31T10:46:02Z,Die Zeit
"Ausblick: Edelmetallverband: Gold zieht wieder an, Silber gefragt","Rechenzentren, Photovoltaik, Katalysatoren oder der ""sichere Hafen"" für Anleger: Gold, Silber und Platin sind begehrt. Trotzdem spürt die Branche auch negative Folgen des Weltgeschehens.",2026-03-31T10:46:02Z,STERN.de
Plus - Test: Avowed - Patch 2.0 im Nachtest: Mein umstrittener Rollenspiel-Geheimtipp ist ein Jahr nach Release um einiges besser geworden,"Neue Völker, New Game Plus und viele Bugfixes im Anniversary Update 2.0 machen Avowed in Peters Augen endgültig zum Pflichtbesuch für Rollenspieler mit Spaß am Erkunden.",2026-03-31T10:41:00Z,GameStar
"BYDFi Marks 6th Anniversary with Month-Long Celebration, Built for Reliability","Victoria, Seychelles, 31st March 2026, Chainwire
The post BYDFi Marks 6th Anniversary with Month-Long Celebration, Built for Reliability appeared first on The Daily Hodl.",2026-03-31T10:40:56Z,The Daily Hodl
"BYDFi Marks Sixth Anniversary With Month-Long Celebration, Built for Reliability","Global crypto trading platform BYDFi will mark its sixth anniversary with a month-long celebration beginning on April 1, 2026, highlighting BYDFi’s evolution into an all-in-one crypto trading platform built on a CEX + DEX dual-engine model.",2026-03-31T10:40:56Z,The Daily Hodl
"₹7,999 में Lava Bold N2 Pro भारत में लॉन्च, मिलेगा 50MP कैमरा और 5,000mAh बैटरी",Lava Bold N2 Pro: Lava Bold N2 Pro को भारत में मंगलवार को लॉन्च किया गया। कंपनी का यह एंट्री-लेवल स्मार्टफोन 50MP के रियर कैमरे और 8MP के सेल्फी कैमरे से लैस है। यह 4G कनेक्टिविटी को सपोर्ट करता है और Android 15 पर चलता है। यह हैंडसेट दो कलर ऑप्शन में उपलब्ध …,2026-03-31T10:39:30Z,Moneycontrol
(VIDEO) Socceroos vs Curacao LIVE: Where to Watch Australia's Final Home Friendly Before 2026 World Cup,"MELBOURNE — The CommBank Socceroos face Curaçao tonight at AAMI Park in what will be Australia's last international match on home soil before the 2026 FIFA World Cup, with fans able to watch the FIFA Series 2026 clash live and free on Network 10 or via Paramo…",2026-03-31T10:34:50Z,Ibtimes.com.au
Botnet russe : prison ferme aux États-Unis,"Condamnation d'un opérateur russe de botnet lié au ransomware, au cœur de la chaîne d’accès cybercriminelle.",2026-03-31T10:33:05Z,Zataz.com
LibreOffice vs ONLYOFFICE - Which One Is Right For You?,"Both are solid open source office suites but which one should you choose? This in-depth article compares LibreOffice and ONLYOFFICE across features, usability, and real-world experience.",2026-03-31T10:32:41Z,Itsfoss.com
Fastned bietet Osteraktion für kostenlose Schnellladung,Das Unternehmen Fastned bietet über Ostern an fünf Schnellladestationen in Deutschland kostenfreies Laden an. Doch es gibt einen kleinen Haken. Vom 04. bis 06. April können Nutzer an ausgewählten Standorten …,2026-03-31T10:30:50Z,mobiFlip.de
Lamar Odom in 2026: 10 Essential Things to Know About the Former NBA Star's Tumultuous Journey and Struggles,"LOS ANGELES — As Netflix prepares to release ""Untold: The Death and Life of Lamar Odom"" on March 31, 2026, the former NBA champion remains a compelling figure whose life has blended basketball glory, reality television fame, devastating personal losses and a …",2026-03-31T10:29:49Z,Ibtimes.com.au
"European stocks gain on hopes for Iran de-escalation, oil set for record monthly rise","PARIS, March 31 : European shares eked out small gains in morning trading on Tuesday but were still on track for their worst month since 2022, while oil prices were set for a record monthly rise, as traders came to the end of a tumultuous March dominated by t…",2026-03-31T10:29:31Z,CNA
Global equities rise; oil on track for record monthly gain,"NEW YORK/PARIS, March 31 : Global shares rose on Tuesday and Brent crude oil prices were poised for a record monthly increase, as traders came to the end of a tumultuous March dominated by the Iran war.Iran attacked a fully-loaded oil tanker off Dubai early o…",2026-03-31T10:29:31Z,CNA
"HarmonyOS 6 для устройств Huawei предлагает новый интерфейс, эффекты камеры, сценарии использования","Huawei опубликовала подробные списки устройств, которые могут получить доступ к новым функциям HarmonyOS 6, включая смартфоны, планшеты, умные часы и складные устройства. Huawei присвоила этому обновлению номер версии HarmonyOS 6.0.0.328 , чтобы обозначить вн…",2026-03-31T10:27:00Z,Ixbt.com
Kristaps Porzingis finds his stride with Warriors in March,Porzingis once belonged to someone else’s lottery. Now he might define the Warriors’ last dynastic gamble.,2026-03-31T10:24:30Z,Golden State of Mind
"Iran war exerts cost-push pressure on inflation, says Turkish Central Bank governor","The governor of the Turkish Central Bank said ongoing tensions in the Middle East have driven a sharp rise in energy prices, adding cost-push pressure on inflation and indirectly affecting prices across sectors.",2026-03-31T10:18:19Z,Hurriyet Daily News
"Ken Griffin, the CEO who won’t bend the knee to Trump",Everything you need to know before you reach the office this morning.,2026-03-31T10:17:08Z,Fortune
"Leaching Operations Commence at Calcatreu Project, Marking Transition to Operational Phase","VANCOUVER, British Columbia, March 31, 2026 (GLOBE NEWSWIRE) — Patagonia Gold Corp. (“Patagonia” or the “Company”) (TSXV: PGDC) is pleased to announce the successful commencement of leaching operations at its flagship Calcatreu Project (“Calcatreu” or the “Pr…",2026-03-31T10:16:21Z,Financial Post
GASF names 15 finalists for 2025-26 Central Texas athletes of the year award,The Greater Austin Sports Foundation has named 12 high school student-athletes from Central Texas as boys and girls athletes of the year finalists.,2026-03-31T10:15:00Z,Austin American-Statesman
"Last day to score up to $300 off Apple Watch, $130 off Series 11 Cell models, more","We have now entered the final day of Amazon’s Big Spring Sale and some of the Apple Watch deals are already starting to jump back up in price. Alongside the Series 11 offers from $299 or this Cell model at $130 off, one of the most notable price drops you can…",2026-03-31T10:11:22Z,9to5Toys
"Leaching Operations Commence at Calcatreu Project, Marking Transition to Operational Phase","LEACHING OPERATIONS COMMENCE AT CALCATREU PROJECT, MARKING TRANSITION TO OPERATIONAL PHASE...",2026-03-31T10:11:00Z,GlobeNewswire
Jumio Liveness Premium Wins Gold in 2026 Cybersecurity Excellence Awards,"Jumio is recognized for its advanced biometric liveness detection technology for defending against deepfakes and AI-powered fraud SUNNYVALE, Calif. — Jumio, leading provider of AI-powered identity intelligence, today announced that Jumio Liveness Premium has …",2026-03-31T10:09:57Z,Financial Post
Bvlgari Hotel Roma: grandeur and high design in the Eternal City,A stylish rooftop bar and subterranean spa take this luxury hotel to another level,2026-03-31T10:07:33Z,The Week Magazine
Caster Semenya pledges to fight against Olympic gender-testing policy,"'We're going to be vocal about it, we're going to make noise until we're heard,' South Africa's gold medallist says.",2026-03-31T10:06:55Z,Al Jazeera English
Analysts Remain Bullish on Vox Royalty (VOXR) Following Company’s Inclusion in the VanEck Junior Gold Miners ETF,,2026-03-31T10:06:13Z,Yahoo Entertainment
Analysts Sentiment on TRX Gold (TRX) Remains Robust Following Strong Q2 2026 Results,,2026-03-31T10:06:11Z,Yahoo Entertainment
Analysts Bullish on Gold Royalty (GROY) Following Record Fiscal Annual Revenue And Operating Cash Flows For 2025,,2026-03-31T10:06:09Z,Yahoo Entertainment
Taiwan Olympic boxing champ involved in gender debate wins first bout at Asian titles,Lin Yu-ting comfortably won her first international bout since the 2024 Paris Olympics at the Asian championships on Tuesday after World Boxing said she passed a gene test. Taiwan's first Olympic boxing champion beat Thananya Somnuek of Thailand 5-0 in the ro…,2026-03-31T10:06:07Z,Yahoo Entertainment
Analysts See Over 100% Upside for New Found (NFGC) Amid Accelerated Progress At Queensway Gold Project,,2026-03-31T10:06:07Z,Yahoo Entertainment
Analysts Bullish on Galiano Gold (GAU) Amid Strong Share Price Momentum,,2026-03-31T10:06:06Z,Yahoo Entertainment
Analysts Bullish on Dakota Gold (DC) Amid Accelerated Progress at Richmond Hill,"Dakota Gold Corp. (NYSE:DC) earns a place on our list of the 8 best gold penny stocks to buy according to analysts. As of March 28, 2026, 100% of covering...",2026-03-31T10:06:04Z,Yahoo Entertainment
"Canneseries 2026 Dials up the U.S. With HBO Opening Series ‘Half Man,’ Scott Free’s Latest ‘Terror’ Season and Apple TV+’s ‘Star City’","The Hollywood studios may be sitting out the Cannes Film Festival but a more than respectable cohort of major U.S. players will hit Canneseries, Cannes TV festival, a month earlier.  They are led by HBO with Richard Gadd’s highly anticipated “Half Man” which …",2026-03-31T10:03:25Z,Variety
"Records в C#: Классы, которые пишут код за вас","Давайте представим, что вам нужно создать класс для хранения данных пользователя. Сколько строк кода вы напишете? Конструктор, свойства, метод ToString(), сравнение объектов... А если добавится новое поле? Придется обновлять конструктор, метод Equals, GetHash…",2026-03-31T10:03:07Z,Habr.com
"22k gold rate today: Check 22K, 24K gold prices (March 31, 2026) on Tanishq, Malabar Gold & Diamonds, Kalyan Jewellers, Joyalukkas and IBJA","Gold rate prediction: Gold prices experienced a slight increase on March 31, 2026, with 22K gold rates rising across major jewelry brands like Tanishq, Kalyan Jewellers, Malabar Gold & Diamonds, and Joyalukkas.",2026-03-31T10:01:49Z,The Times of India
"Der Countdown läuft - Meldet sich keiner, kriegt ein Dorf das ganze Gold","Jetzt läuft die Zeit für den bisherigen Eigentümer ab. Meldet er sich nicht rechtzeitig, hat ein Bürgermeister große Pläne mit dem Schatz.",2026-03-31T10:01:25Z,Bild
From Prosthetics To Houses: 26 Brilliant Things Made With A 3D Printer,"3D printing has been around for much longer than you might think; almost 40 years in fact. But it's only recently that the potential of this technology has begun to be realized, advances in sensors, 3D printing software and materials mean that the most incred…",2026-03-31T10:01:03Z,Boredpanda.com
Today in Boston Celtics history: Boston's first playoff win; Barksdale born; '59 draft,"Today in Boston Celtics history, Don Barksdale was born in Oakland, California, in 1923.",2026-03-31T10:00:06Z,USA Today
How To Destroy Wealth,This November California voters might show the country how to wreck an economy in the name of fairness.,2026-03-31T10:00:00Z,Forbes
Piramal Finance AUM touches Rs 1 lakh crore; acquisitions on radar: CEO,Piramal Finance has crossed Rs 1 lakh crore in assets under management. The company plans to acquire a microfinance institution to boost its next phase of growth. Piramal Finance aims to increase its assets under management to Rs 1.5 lakh crore by March 2028.…,2026-03-31T12:24:22Z,The Times of India
Skeena Gold & Silver Confirms Eskay Creek Reaches 49% Completion & Provides Project Update; Initial Production Remains on Schedule for Q2 2027,"VANCOUVER, British Columbia, March 31, 2026 (GLOBE NEWSWIRE) — Skeena Resources Limited (TSX: SKE, NYSE: SKE) (“Skeena Gold & Silver”, “Skeena” or the “Company”) is pleased to provide an update on the advancement of its 100% owned Eskay Creek Gold-Silver Proj…",2026-03-31T12:23:39Z,Financial Post
Irish billionaire Paul Coulson’s London home burgled twice in four days as thieves get away with valuables worth £1.25 million,"An Irish billionaire's London home was burgled twice in the space of just four days with thieves getting away with jewellery, cash, luxury handbags and designer clothes worth an estimated £1.25 million, a court has heard.",2026-03-31T12:22:33Z,Independent.ie
Skeena Gold & Silver Confirms Eskay Creek Reaches 49% Completion & Provides Project Update; Initial Production Remains on Schedule for Q2 2027,"VANCOUVER, British Columbia, March 31, 2026 (GLOBE NEWSWIRE) -- Skeena Resources Limited (TSX: SKE, NYSE: SKE) (“Skeena Gold & Silver”, “Skeena” or the “Company”) is pleased to provide an update on the advancement of its 100% owned Eskay Creek Gold-Silver Pro…",2026-03-31T12:20:00Z,GlobeNewswire
Oil Prices Hold Above $100 And Wall Street Rebounds As U.S. Exchanges Strikes With Iran,Wall Street is rebounding early and oil prices are holding above $100 as the U.S. and Iran trade military strikes in the fifth week of the war.,2026-03-31T12:19:12Z,HuffPost
"Wall Street's rough month, Powell's inflation outlook, GLP-1 subscription and more in Morning Squawk",Here are five key things investors need to know to start the trading day.,2026-03-31T12:16:39Z,CNBC
"Plaketten, Medaillen, Urkunden: Frankfurt ist bei der Verleihung von Auszeichnungen großzügig",Mehr als ein Dutzend Preise verleiht Frankfurt an verdiente Personen: Jetzt wird erstmals der Europäische Paulskirchenpreis für Demokratie verliehen. Doch mit der wichtigsten Auszeichnung ist man im Römer knauserig.,2026-03-31T12:15:56Z,Faz.net
"Furto nell’ex convento, ma senza querela cade tutto per la legge Cartabia: tre imputati prosciolti","La legge Cartabia, che ha reso obbligatoria la querela delle persone offese nei casi di furto, continua a mietere vittime. Non i responsabili dei reati, ma le vere vittime, che, se non formalizzano il danno subito, rendono vano l’iter giudiziario, con la cons…",2026-03-31T12:13:43Z,Ilfattoquotidiano.it
"Oil prices hold above $100, Wall Street rebounds amid Iran war strikes","Oil prices hold above $100, Wall Street rebounds amid Iran war strikesbostonherald.com",2026-03-31T12:11:55Z,Boston Herald
L’indagine su San Siro è un macigno nella corsa al dopo-Sala,Cade in un momento particolarissimo la nuova tegola giudiziaria sulla vendita di San Siro alle società di calcio da parte del Comune di Milano. Infatti non suona soltanto inevitabilmente come sano contrappunto ‘verso sinistra’ dell’indagine che a Roma sta met…,2026-03-31T12:11:06Z,Ilfattoquotidiano.it
"Rotraut, de weduwe van Yves Klein, exposeert in Nederland: ‘We hebben telepathisch contact, hij is mijn soulmate’","In het Stedelijk Museum Schiedam is een tentoonstelling te zien met werk van de Franse kunstenaar Yves Klein, zijn vader, moeder en weduwe Rotraut Klein-Moquay. In de opstelling worden de artistieke uitwisselingen tussen de familieleden zichtbaar.",2026-03-31T12:09:52Z,Www.nrc.nl
"Istat: nel 2025 nuovo crollo delle nascite, solo 355mila. E la famiglia più diffusa è quella composta da una sola persona","Il calo demografico in Italia prosegue malgrado lo sbandierato impegno pro natalità del governo Meloni. E l’Istat lo certifica. Solo l’arrivo dei migranti contrasta gli effetti negativi del declino della natalità. Nel 2025 le nascite sono state 355mila, con u…",2026-03-31T12:08:04Z,Ilfattoquotidiano.it
Trump's proposed presidential library revealed as towering Miami skyscraper in striking new video,"New renderings of President Donald Trump's proposed Miami presidential library reveal a glass waterfront skyscraper with gold lettering, a Trump statue, and Oval Office replicas.",2026-03-31T12:07:49Z,Fox News
Si te asustaste al ver al niño de 6 años pilotando una moto de 218 CV... también lo ha hecho con una de 326 CV,"Seguramente Kenan Sofuoglu no será nombrado nunca ‘Padre del Año’, porque el excampeón turco de Supersport ya nos ha mostrado diversos vídeos donde su pequeño hijo Zayn monta enormes motos desde muy pequeño.",2026-03-31T12:04:52Z,Mundodeportivo.com
Megyn Kelly Praises ‘Classy’ Trump Presidential Library Featuring Giant Gold Statue of President,"Megyn Kelly praised the ""classy"" plans for President Donald Trump's official presidential library, which is set to include a giant gold statue.
The post Megyn Kelly Praises ‘Classy’ Trump Presidential Library Featuring Giant Gold Statue of President first app…",2026-03-31T12:03:21Z,Mediaite
"WWE Raw takeaways: The Vision win tag titles, Punk destroys Reigns","Check out the top takeaways from WWE Raw on March 30, which took place at Madison Square Garden in New York.",2026-03-31T12:02:36Z,USA Today
"Apple's 50-Year Legacy of Product Innovation, Through CNET's Lens",The Cupertino colossus has created some of the most iconic products over the last 50 years. Here are ones that stand out.,2026-03-31T12:01:02Z,CNET
Behind Cryptocurrency’s Commercial Real Estate Moment,"Thirteen years ago, Grant Cardone, CEO of Cardone Capital, a multifamily syndication firm with $5 billion in assets today, was paid for a speaking engagement in 115 BTC, or Bitcoin.  For the uninitiated, Bitcoin is the most famous currency in the cryptocurren…",2026-03-31T12:00:54Z,Commercial Observer
28 Kitchen Bar Seating Ideas for 2026 So Good Your Dining Table Starts Feeling Ignored,"Kitchen bars are more than just a place to sit they’re where style and function meet. These 28 kitchen bar seating ideas are stylish, comfortable, and space-savvy perfect for creating a spot that feels inviting, practical, and seamlessly integrated into your …",2026-03-31T12:00:00Z,Thecoolist.com
Common gold IRA rollover mistakes and how to avoid them,Minimize your risk by learning about the most common gold IRA mistakes and how to avoid them.,2026-03-31T12:00:00Z,Yahoo Entertainment
Coachella 2026 Shoe Trends Worth Packing — and the One to Leave Home,FN has rounded up a few trending footwear styles to wear at the 2026 Coachella Valley Music & Arts Festival in April — and one style to avoid.,2026-03-31T12:00:00Z,WWD
"₹7,999 में लॉन्च हुआ धांसू स्मार्टफोन, 120Hz डिस्प्ले और 50MP कैमरा","लावा ने भारत में एक बजट स्मार्टफोन लॉन्च किया है जिसमें 120Hz रिफ्रेश रेट डिस्प्ले मिलता है. इस फोन में 5,000mAh की बैटरी और 50 मेगापिक्सल का कैमरा दिया गया है.",2026-03-31T11:59:36Z,Aajtak.in
"“Igor, l’eroe romantico”: a Milano Fabio Galante introduce il documentario su Protti","Il calcio anni Novanta è il calcio dei campioni che sembrano eroi greci o carismatici personaggi byroniani volti verso il sublime, in soccorso dei più deboli. Uno degli ultimi eroi romantici di quel calcio è Igor Protti, l’unico che si è laureato 4 volte capo…",2026-03-31T11:58:39Z,Ilfattoquotidiano.it
"Lenders turn risk-averse, focus on high CIBIL score borrowers as gold loans surge in India","Lenders are prioritizing borrowers with strong credit histories and higher loan amounts, leading to a decline in new-to-credit customers. Despite this cautious approach, the overall credit market shows improved health, driven by better asset quality. Gold loa…",2026-03-31T11:58:18Z,The Times of India
6 simple home workouts that can relieve calf pain,"The standing wall stretch is the gold standard for targeting the larger, upper portion of the calf muscle. By placing your hands against a wall and extending one leg back with a locked knee, you create a deep, sustained pull that realigns muscle fibers. This …",2026-03-31T11:55:02Z,Economictimes.com
1287405 B.C. Ltd and Monteoro Minerals Announce Proposed Go-Public Transaction and C$17 Million Financing,"Not for distribution to U.S. newswire services or for release publication, distribution or dissemination, directly or indirectly, in whole or in part, in or into the United States. Any failure to comply with this restriction may constitute a violation of U.S.…",2026-03-31T11:53:14Z,Financial Post
Dozens killed in South Sudan gold mine attack,"Over 70 people have been killed and dozens injured in South Sudan, Vice President James Wani Igga has said Read Full Article at RT.com",2026-03-31T11:51:40Z,RT
1287405 B.C. Ltd and Monteoro Minerals Announce Proposed Go-Public Transaction and C$17 Million Financing,"Not for distribution to U.S. newswire services or for release publication, distribution or dissemination, directly or indirectly, in whole or in part, in or into the United States. Any failure to comply with this restriction may constitute a violation of U.S.…",2026-03-31T11:51:00Z,GlobeNewswire
What to know about Trump’s presidential library,The Yodel newsletter: Get caught up on this morning's news,2026-03-31T11:50:18Z,Yahoo Entertainment
"KOMMENTAR - Die Verluste sind grösser als bei Aktien: Wer in Gold einen Schutz vor Krisen sieht, überschätzt dessen Magie",Das Edelmetall hat seit dem Beginn des Iran-Kriegs stark an Wert verloren. Der Glaube an Gold als sicheren Hafen entpuppt sich in kurzer Frist einmal mehr als Irrtum.,2026-03-31T11:50:00Z,Www.nzz.ch
6 easy high protein breakfasts for busy mornings,"Overnight oats are the ultimate  grab-and-go  solution, requiring zero preparation time during the actual morning rush. By mixing rolled oats with a thick, protein-dense Greek yogurt and a scoop of your favorite protein powder, you create a creamy, pudding-li…",2026-03-31T11:45:07Z,Economictimes.com
"‘Get Out’ While Bitcoin is Still Above $65k, Says Peter Schiff as Maximalist Dumps $20 Million in BTC",Gold Proponent Peter Schiff has stated that it is hard to believe Bitcoin is still above $65k and holders should cash out while they can.,2026-03-31T11:40:04Z,ZyCrypto
Are Dems now so corrupt they’d bar Bruce Blakeman from getting campaign funding?,New York state’s Public Campaign Finance Board is preparing to deny $7 million to Republican gubernatorial candidate Bruce Blakeman because he didn’t include his running mate’s name on a form . . . that doesn’t exist yet. This November is the first statewide …,2026-03-31T11:39:09Z,New York Post
Abhay Singh and Anahat Singh Receive Top Asian Squash Federation Awards,"Abhay Singh and Anahat Singh have been recognised as the Asian Squash Federation's outstanding players of the year, while the Indian boys team received the men's team award.",2026-03-31T11:38:18Z,Rediff.com
New twist in the Brandon Aiyuk case: 49ers owner Jed York hasn't ruled out his return,"The San Francisco 49ers&apos; ownership has injected a surprising dose of uncertainty into what many believed was a foregone conclusion regarding Brandon Aiyuk&apos;s future.

Spea",2026-03-31T11:35:07Z,Marca
"Kobo Resources Intersects Strong Gold Results Across All Three Zones at Kossou, Including 7.0 m at 5.06 g/t Au at the Road Cut Zone","High-grade gold results returned from the Road Cut Zone with 7.0 m at 5.06 g/t Au incl. 1.0 m at 20.00 g/t Au, with encouraging gold mineralisation intersected along the Contact Zone Fault area Strong gold mineralisation intersected in all three Kadie Zone ho…",2026-03-31T11:32:02Z,Financial Post
TomaGold Starts Drilling at Berrigan Mine,"1,500-metre Phase 2 drilling program aimed at testing the newly-discovered Berrigan Deep Zone MONTRÉAL — TOMAGOLD CORPORATION (TSXV: LOT; OTCPK: TOGOF) (“TomaGold” or the “Company”) is pleased to announce that drilling has started at its Berrigan Mine project…",2026-03-31T11:31:18Z,Financial Post
Pragmata ya es gold: Capcom confirma que su esperada aventura de ciencia ficción está lista para llegar en abril,"<!--cache-->El nuevo juego de Capcom ha superado una de las últimas grandes fases antes del lanzamiento y mantiene su esperado estreno para el 17 de abril en PS5, Xbox Series, Switch 2 y PC.<!--aa--->Capcom ya puede dar prácticamente por cerrado el desarrollo…",2026-03-31T11:31:00Z,Elespanol.com
Jarren Duran needs to be Captain Chaos for the Red Sox,Stop thinking and play ball.,2026-03-31T11:28:32Z,Over The Monster
"Piramal Finance AUM crosses ₹1 lakh crore, eyes microfinance acquisition","Piramal Finance plans to diversify beyond home loans into microfinance and gold loans, aiming to reach Rs 1.5 lakh crore AUM by March 2028, while maintaining a cautious approach amid global uncertainties",2026-03-31T11:27:56Z,BusinessLine
Middle East Conflict Erases Arab Region's Annual Economic Growth – UN,"The conflict in the Middle East has nullified the annual economic growth of the Arab region, with losses potentially reaching nearly $200 billion, according to a report by the United Nations Development Programme (UNDP).",2026-03-31T11:23:26Z,Sputnikglobe.com
Crypto Trading Platform BYDFi Marks Sixth Anniversary with Month-Long Celebration,"Beginning on April 1, 2026, the cryptocurrency trading platform BYDFi will commemorate its sixth anniversary with a month-long event highlighting its development into an all-in-one platform based on a CEX + DEX dual-engine concept. BYDFi has developed a platf…",2026-03-31T11:19:13Z,ZyCrypto
"Realme 16 5G, Vivo V70 FE, OnePlus Nord 6, OPPO Find X9 Ultra & more smartphones launching in April; Check launch date, price and features here","April 2026 is set to be a busy month for smartphone launches in India with devices from Realme, Vivo, Redmi, OnePlus and OPPO. Key models include Realme 16 5G and Vivo V70 FE on April 2, OnePlus Nord 6 on April 7, and the premium OPPO Find X9 Ultra on April 2…",2026-03-31T11:17:24Z,The Times of India
Did The Sullivan Generator Survive After Shark Tank? Here's What Happened After Season 3,"Of all the ideas presented to ""Shark Tank's"" judges, the Sullivan Generator is one of the most outwardly outlandish, but what happened to it and its creator?",2026-03-31T11:17:00Z,BGR
"Indonesian forest loss surges by 66% in 2025, driven by Prabowo's self-sufficiency drive: Report","A total of 433,751 hectares of forest was cleared last year, a dramatic jump from 261,575 hectares in 2024, a study by a think tank found.",2026-03-31T11:16:00Z,CNA
"Quantum risk resurfaces at the worst time for bitcoin, but 1 token is loving it","Your day-ahead look for March 31, 2026",2026-03-31T11:15:00Z,CoinDesk
Funnel’s Forum 2026 brings 150+ of multifamily’s top leaders to Scottsdale to build the world’s best renter experience,Funnel’s Forum 2026 brings 150+ of multifamily’s top leaders to Scottsdale to build the world’s best renter experience...,2026-03-31T11:15:00Z,GlobeNewswire
"Florida Panthers announce hiring of former Amazon, Disney exec Michael White as business president",The Florida Panthers have named tech and guest-experience executive Michael White as their new president of business operations,2026-03-31T11:14:45Z,Abcnews.com
Aya Gold & Silver Reports Record Results for Q4-2025 and Full Year 2025,"Record Revenue, Net Income and Cash Flow from Operations MONTREAL, March 31, 2026 (GLOBE NEWSWIRE) — Aya Gold & Silver Inc. (TSX: AYA; OTCQX: AYASF) (“Aya” or the “Corporation”) today announced its financial and operational results for the fourth quarter and …",2026-03-31T11:03:49Z,Financial Post
Bitget lists edgeX (EDGE) for Spot Trading,"Bitget adds edgeX (EDGE) in Innovation Zone. EDGE/USDT spot trading opens Mar 31, 2026 12:30 UTC; withdrawals Apr 1....",2026-03-31T11:03:00Z,GlobeNewswire
Fort Collins basketball star named Blue FCU's top winter girls athlete,Fort Collins basketball's Annika VanDalen was named the Fort Collins area's top winter girls athlete after leading a Lambkins' turnaround season.,2026-03-31T11:02:26Z,Coloradoan
"The new Lava Bold N2 Pro debuts with an old 4G chipset, 6.67"" 120Hz display","A month ago, Lava introduced the Bold N2, a fairly basic 4G phone. Now the company is launching the Lava Bold N2 Pro – confusingly, the Pro phone is smaller and cheaper than its vanilla sibling. Huh?

The N2 Pro is powered by the Unisoc T7250, a staple of che…",2026-03-31T11:01:02Z,GSMArena.com
Northisle Announces Infill Drill Results at Northwest Expo Extend Strike and Add New High-Grade Intervals,"High-grade interval in NW25-57 of 117.0 metres at 1.50 g/t Au Eq., including 52.5 metres at 1.91 g/t Au Eq. Highlights: Selected gold-equivalent assay intercepts include: NW25-57: 117.0 metres at 1.50 g/t Au Eq. from 231.0 metres, including 52.5 metres at 1.9…",2026-03-31T11:00:49Z,Financial Post
Aya Gold & Silver Reports Record Results for Q4-2025 and Full Year 2025,"Record Revenue, Net Income and Cash Flow from Operations Record Revenue, Net Income and Cash Flow from Operations",2026-03-31T11:00:00Z,GlobeNewswire
Science Has Two Exciting New Ideas for Your Hairline,"Discover the latest men’s hair loss treatments, from finasteride and minoxidil to emerging therapies. Learn what works, side effects, and how to regrow thinning hair effectively.",2026-03-31T11:00:00Z,menshealth.com
UNCF “A Mind Is…” New York Gala Raises Record $1.3M for HBCUs and Student Success,"Honoring visionary leaders and delivering transformative impact, funds will help continue UNCF's legacy of bridging the gap between potential and opportunity Honoring visionary leaders and delivering transformative impact, funds will help continue UNCF's lega…",2026-03-31T11:00:00Z,GlobeNewswire
Bitcoin Everlight Reports Continued Phase 3 Presale Activity Amid Shifting Global Market Conditions,"Bitcoin Everlight advances Phase 3 presale against a backdrop of US-Iran tensions as early participants continue entering the network  SAN FRANCISCO,...",2026-03-31T11:00:00Z,GlobeNewswire
"They Were Told Wrestling Was Only for Boys. Now, This NYC Club Is Proving Girls Can Fight for Their Futures.","In the Bronx and Harlem, shy girls and a two-time Olympian join forces to build a wrestling club that’s quietly changing futures and creating possibilities.",2026-03-31T11:00:00Z,Women's Health
Oil Shock Tests Bank of Thailand’s Wait-and-See Policy Stance,"Thailand’s central bank signaled a wait-and-see monetary policy approach, saying interest-rate cuts are unlikely to be effective against a Middle East-driven oil shock while leaving the door open to tightening if inflation pressures persist.",2026-03-31T10:54:22Z,Financial Post
"Ausblick: Edelmetallverband: Gold zieht wieder an, Silber gefragt","Rechenzentren, Photovoltaik, Katalysatoren oder der „sichere Hafen“ für Anleger: Gold, Silber und Platin sind begehrt. Trotzdem spürt die Branche auch negative Folgen des Weltgeschehens.",2026-03-31T10:47:21Z,Der Tagesspiegel
"Ausblick: Edelmetallverband: Gold zieht wieder an, Silber gefragt","Hier finden Sie Informationen zu dem Thema „Ausblick“. Lesen Sie jetzt „Edelmetallverband: Gold zieht wieder an, Silber gefragt“.",2026-03-31T10:46:02Z,Die Zeit
"Ausblick: Edelmetallverband: Gold zieht wieder an, Silber gefragt","Rechenzentren, Photovoltaik, Katalysatoren oder der ""sichere Hafen"" für Anleger: Gold, Silber und Platin sind begehrt. Trotzdem spürt die Branche auch negative Folgen des Weltgeschehens.",2026-03-31T10:46:02Z,STERN.de
Plus - Test: Avowed - Patch 2.0 im Nachtest: Mein umstrittener Rollenspiel-Geheimtipp ist ein Jahr nach Release um einiges besser geworden,"Neue Völker, New Game Plus und viele Bugfixes im Anniversary Update 2.0 machen Avowed in Peters Augen endgültig zum Pflichtbesuch für Rollenspieler mit Spaß am Erkunden.",2026-03-31T10:41:00Z,GameStar
"BYDFi Marks 6th Anniversary with Month-Long Celebration, Built for Reliability","Victoria, Seychelles, 31st March 2026, Chainwire
The post BYDFi Marks 6th Anniversary with Month-Long Celebration, Built for Reliability appeared first on The Daily Hodl.",2026-03-31T10:40:56Z,The Daily Hodl
"BYDFi Marks Sixth Anniversary With Month-Long Celebration, Built for Reliability","Global crypto trading platform BYDFi will mark its sixth anniversary with a month-long celebration beginning on April 1, 2026, highlighting BYDFi’s evolution into an all-in-one crypto trading platform built on a CEX + DEX dual-engine model.",2026-03-31T10:40:56Z,The Daily Hodl
"₹7,999 में Lava Bold N2 Pro भारत में लॉन्च, मिलेगा 50MP कैमरा और 5,000mAh बैटरी",Lava Bold N2 Pro: Lava Bold N2 Pro को भारत में मंगलवार को लॉन्च किया गया। कंपनी का यह एंट्री-लेवल स्मार्टफोन 50MP के रियर कैमरे और 8MP के सेल्फी कैमरे से लैस है। यह 4G कनेक्टिविटी को सपोर्ट करता है और Android 15 पर चलता है। यह हैंडसेट दो कलर ऑप्शन में उपलब्ध …,2026-03-31T10:39:30Z,Moneycontrol
(VIDEO) Socceroos vs Curacao LIVE: Where to Watch Australia's Final Home Friendly Before 2026 World Cup,"MELBOURNE — The CommBank Socceroos face Curaçao tonight at AAMI Park in what will be Australia's last international match on home soil before the 2026 FIFA World Cup, with fans able to watch the FIFA Series 2026 clash live and free on Network 10 or via Paramo…",2026-03-31T10:34:50Z,Ibtimes.com.au
Botnet russe : prison ferme aux États-Unis,"Condamnation d'un opérateur russe de botnet lié au ransomware, au cœur de la chaîne d’accès cybercriminelle.",2026-03-31T10:33:05Z,Zataz.com
LibreOffice vs ONLYOFFICE - Which One Is Right For You?,"Both are solid open source office suites but which one should you choose? This in-depth article compares LibreOffice and ONLYOFFICE across features, usability, and real-world experience.",2026-03-31T10:32:41Z,Itsfoss.com
Fastned bietet Osteraktion für kostenlose Schnellladung,Das Unternehmen Fastned bietet über Ostern an fünf Schnellladestationen in Deutschland kostenfreies Laden an. Doch es gibt einen kleinen Haken. Vom 04. bis 06. April können Nutzer an ausgewählten Standorten …,2026-03-31T10:30:50Z,mobiFlip.de
Lamar Odom in 2026: 10 Essential Things to Know About the Former NBA Star's Tumultuous Journey and Struggles,"LOS ANGELES — As Netflix prepares to release ""Untold: The Death and Life of Lamar Odom"" on March 31, 2026, the former NBA champion remains a compelling figure whose life has blended basketball glory, reality television fame, devastating personal losses and a …",2026-03-31T10:29:49Z,Ibtimes.com.au
"European stocks gain on hopes for Iran de-escalation, oil set for record monthly rise","PARIS, March 31 : European shares eked out small gains in morning trading on Tuesday but were still on track for their worst month since 2022, while oil prices were set for a record monthly rise, as traders came to the end of a tumultuous March dominated by t…",2026-03-31T10:29:31Z,CNA
Global equities rise; oil on track for record monthly gain,"NEW YORK/PARIS, March 31 : Global shares rose on Tuesday and Brent crude oil prices were poised for a record monthly increase, as traders came to the end of a tumultuous March dominated by the Iran war.Iran attacked a fully-loaded oil tanker off Dubai early o…",2026-03-31T10:29:31Z,CNA
"HarmonyOS 6 для устройств Huawei предлагает новый интерфейс, эффекты камеры, сценарии использования","Huawei опубликовала подробные списки устройств, которые могут получить доступ к новым функциям HarmonyOS 6, включая смартфоны, планшеты, умные часы и складные устройства. Huawei присвоила этому обновлению номер версии HarmonyOS 6.0.0.328 , чтобы обозначить вн…",2026-03-31T10:27:00Z,Ixbt.com
Kristaps Porzingis finds his stride with Warriors in March,Porzingis once belonged to someone else’s lottery. Now he might define the Warriors’ last dynastic gamble.,2026-03-31T10:24:30Z,Golden State of Mind
"Iran war exerts cost-push pressure on inflation, says Turkish Central Bank governor","The governor of the Turkish Central Bank said ongoing tensions in the Middle East have driven a sharp rise in energy prices, adding cost-push pressure on inflation and indirectly affecting prices across sectors.",2026-03-31T10:18:19Z,Hurriyet Daily News
"Ken Griffin, the CEO who won’t bend the knee to Trump",Everything you need to know before you reach the office this morning.,2026-03-31T10:17:08Z,Fortune
"Leaching Operations Commence at Calcatreu Project, Marking Transition to Operational Phase","VANCOUVER, British Columbia, March 31, 2026 (GLOBE NEWSWIRE) — Patagonia Gold Corp. (“Patagonia” or the “Company”) (TSXV: PGDC) is pleased to announce the successful commencement of leaching operations at its flagship Calcatreu Project (“Calcatreu” or the “Pr…",2026-03-31T10:16:21Z,Financial Post
GASF names 15 finalists for 2025-26 Central Texas athletes of the year award,The Greater Austin Sports Foundation has named 12 high school student-athletes from Central Texas as boys and girls athletes of the year finalists.,2026-03-31T10:15:00Z,Austin American-Statesman
"Last day to score up to $300 off Apple Watch, $130 off Series 11 Cell models, more","We have now entered the final day of Amazon’s Big Spring Sale and some of the Apple Watch deals are already starting to jump back up in price. Alongside the Series 11 offers from $299 or this Cell model at $130 off, one of the most notable price drops you can…",2026-03-31T10:11:22Z,9to5Toys
"Leaching Operations Commence at Calcatreu Project, Marking Transition to Operational Phase","LEACHING OPERATIONS COMMENCE AT CALCATREU PROJECT, MARKING TRANSITION TO OPERATIONAL PHASE...",2026-03-31T10:11:00Z,GlobeNewswire
Jumio Liveness Premium Wins Gold in 2026 Cybersecurity Excellence Awards,"Jumio is recognized for its advanced biometric liveness detection technology for defending against deepfakes and AI-powered fraud SUNNYVALE, Calif. — Jumio, leading provider of AI-powered identity intelligence, today announced that Jumio Liveness Premium has …",2026-03-31T10:09:57Z,Financial Post
Bvlgari Hotel Roma: grandeur and high design in the Eternal City,A stylish rooftop bar and subterranean spa take this luxury hotel to another level,2026-03-31T10:07:33Z,The Week Magazine
Caster Semenya pledges to fight against Olympic gender-testing policy,"'We're going to be vocal about it, we're going to make noise until we're heard,' South Africa's gold medallist says.",2026-03-31T10:06:55Z,Al Jazeera English
Analysts Remain Bullish on Vox Royalty (VOXR) Following Company’s Inclusion in the VanEck Junior Gold Miners ETF,,2026-03-31T10:06:13Z,Yahoo Entertainment
Analysts Sentiment on TRX Gold (TRX) Remains Robust Following Strong Q2 2026 Results,,2026-03-31T10:06:11Z,Yahoo Entertainment
Analysts Bullish on Gold Royalty (GROY) Following Record Fiscal Annual Revenue And Operating Cash Flows For 2025,,2026-03-31T10:06:09Z,Yahoo Entertainment
Taiwan Olympic boxing champ involved in gender debate wins first bout at Asian titles,Lin Yu-ting comfortably won her first international bout since the 2024 Paris Olympics at the Asian championships on Tuesday after World Boxing said she passed a gene test. Taiwan's first Olympic boxing champion beat Thananya Somnuek of Thailand 5-0 in the ro…,2026-03-31T10:06:07Z,Yahoo Entertainment
Analysts See Over 100% Upside for New Found (NFGC) Amid Accelerated Progress At Queensway Gold Project,,2026-03-31T10:06:07Z,Yahoo Entertainment
Analysts Bullish on Galiano Gold (GAU) Amid Strong Share Price Momentum,,2026-03-31T10:06:06Z,Yahoo Entertainment
Analysts Bullish on Dakota Gold (DC) Amid Accelerated Progress at Richmond Hill,"Dakota Gold Corp. (NYSE:DC) earns a place on our list of the 8 best gold penny stocks to buy according to analysts. As of March 28, 2026, 100% of covering...",2026-03-31T10:06:04Z,Yahoo Entertainment
"Canneseries 2026 Dials up the U.S. With HBO Opening Series ‘Half Man,’ Scott Free’s Latest ‘Terror’ Season and Apple TV+’s ‘Star City’","The Hollywood studios may be sitting out the Cannes Film Festival but a more than respectable cohort of major U.S. players will hit Canneseries, Cannes TV festival, a month earlier.  They are led by HBO with Richard Gadd’s highly anticipated “Half Man” which …",2026-03-31T10:03:25Z,Variety
"Records в C#: Классы, которые пишут код за вас","Давайте представим, что вам нужно создать класс для хранения данных пользователя. Сколько строк кода вы напишете? Конструктор, свойства, метод ToString(), сравнение объектов... А если добавится новое поле? Придется обновлять конструктор, метод Equals, GetHash…",2026-03-31T10:03:07Z,Habr.com
"22k gold rate today: Check 22K, 24K gold prices (March 31, 2026) on Tanishq, Malabar Gold & Diamonds, Kalyan Jewellers, Joyalukkas and IBJA","Gold rate prediction: Gold prices experienced a slight increase on March 31, 2026, with 22K gold rates rising across major jewelry brands like Tanishq, Kalyan Jewellers, Malabar Gold & Diamonds, and Joyalukkas.",2026-03-31T10:01:49Z,The Times of India
"Der Countdown läuft - Meldet sich keiner, kriegt ein Dorf das ganze Gold","Jetzt läuft die Zeit für den bisherigen Eigentümer ab. Meldet er sich nicht rechtzeitig, hat ein Bürgermeister große Pläne mit dem Schatz.",2026-03-31T10:01:25Z,Bild
From Prosthetics To Houses: 26 Brilliant Things Made With A 3D Printer,"3D printing has been around for much longer than you might think; almost 40 years in fact. But it's only recently that the potential of this technology has begun to be realized, advances in sensors, 3D printing software and materials mean that the most incred…",2026-03-31T10:01:03Z,Boredpanda.com
Today in Boston Celtics history: Boston's first playoff win; Barksdale born; '59 draft,"Today in Boston Celtics history, Don Barksdale was born in Oakland, California, in 1923.",2026-03-31T10:00:06Z,USA Today
How To Destroy Wealth,This November California voters might show the country how to wreck an economy in the name of fairness.,2026-03-31T10:00:00Z,Forbes
Piramal Finance AUM touches Rs 1 lakh crore; acquisitions on radar: CEO,Piramal Finance has crossed Rs 1 lakh crore in assets under management. The company plans to acquire a microfinance institution to boost its next phase of growth. Piramal Finance aims to increase its assets under management to Rs 1.5 lakh crore by March 2028.…,2026-03-31T12:24:22Z,The Times of India
Skeena Gold & Silver Confirms Eskay Creek Reaches 49% Completion & Provides Project Update; Initial Production Remains on Schedule for Q2 2027,"VANCOUVER, British Columbia, March 31, 2026 (GLOBE NEWSWIRE) — Skeena Resources Limited (TSX: SKE, NYSE: SKE) (“Skeena Gold & Silver”, “Skeena” or the “Company”) is pleased to provide an update on the advancement of its 100% owned Eskay Creek Gold-Silver Proj…",2026-03-31T12:23:39Z,Financial Post
Irish billionaire Paul Coulson’s London home burgled twice in four days as thieves get away with valuables worth £1.25 million,"An Irish billionaire's London home was burgled twice in the space of just four days with thieves getting away with jewellery, cash, luxury handbags and designer clothes worth an estimated £1.25 million, a court has heard.",2026-03-31T12:22:33Z,Independent.ie
Skeena Gold & Silver Confirms Eskay Creek Reaches 49% Completion & Provides Project Update; Initial Production Remains on Schedule for Q2 2027,"VANCOUVER, British Columbia, March 31, 2026 (GLOBE NEWSWIRE) -- Skeena Resources Limited (TSX: SKE, NYSE: SKE) (“Skeena Gold & Silver”, “Skeena” or the “Company”) is pleased to provide an update on the advancement of its 100% owned Eskay Creek Gold-Silver Pro…",2026-03-31T12:20:00Z,GlobeNewswire
Oil Prices Hold Above $100 And Wall Street Rebounds As U.S. Exchanges Strikes With Iran,Wall Street is rebounding early and oil prices are holding above $100 as the U.S. and Iran trade military strikes in the fifth week of the war.,2026-03-31T12:19:12Z,HuffPost
"Wall Street's rough month, Powell's inflation outlook, GLP-1 subscription and more in Morning Squawk",Here are five key things investors need to know to start the trading day.,2026-03-31T12:16:39Z,CNBC
"Plaketten, Medaillen, Urkunden: Frankfurt ist bei der Verleihung von Auszeichnungen großzügig",Mehr als ein Dutzend Preise verleiht Frankfurt an verdiente Personen: Jetzt wird erstmals der Europäische Paulskirchenpreis für Demokratie verliehen. Doch mit der wichtigsten Auszeichnung ist man im Römer knauserig.,2026-03-31T12:15:56Z,Faz.net
"Furto nell’ex convento, ma senza querela cade tutto per la legge Cartabia: tre imputati prosciolti","La legge Cartabia, che ha reso obbligatoria la querela delle persone offese nei casi di furto, continua a mietere vittime. Non i responsabili dei reati, ma le vere vittime, che, se non formalizzano il danno subito, rendono vano l’iter giudiziario, con la cons…",2026-03-31T12:13:43Z,Ilfattoquotidiano.it
"Oil prices hold above $100, Wall Street rebounds amid Iran war strikes","Oil prices hold above $100, Wall Street rebounds amid Iran war strikesbostonherald.com",2026-03-31T12:11:55Z,Boston Herald
L’indagine su San Siro è un macigno nella corsa al dopo-Sala,Cade in un momento particolarissimo la nuova tegola giudiziaria sulla vendita di San Siro alle società di calcio da parte del Comune di Milano. Infatti non suona soltanto inevitabilmente come sano contrappunto ‘verso sinistra’ dell’indagine che a Roma sta met…,2026-03-31T12:11:06Z,Ilfattoquotidiano.it
"Rotraut, de weduwe van Yves Klein, exposeert in Nederland: ‘We hebben telepathisch contact, hij is mijn soulmate’","In het Stedelijk Museum Schiedam is een tentoonstelling te zien met werk van de Franse kunstenaar Yves Klein, zijn vader, moeder en weduwe Rotraut Klein-Moquay. In de opstelling worden de artistieke uitwisselingen tussen de familieleden zichtbaar.",2026-03-31T12:09:52Z,Www.nrc.nl
"Istat: nel 2025 nuovo crollo delle nascite, solo 355mila. E la famiglia più diffusa è quella composta da una sola persona","Il calo demografico in Italia prosegue malgrado lo sbandierato impegno pro natalità del governo Meloni. E l’Istat lo certifica. Solo l’arrivo dei migranti contrasta gli effetti negativi del declino della natalità. Nel 2025 le nascite sono state 355mila, con u…",2026-03-31T12:08:04Z,Ilfattoquotidiano.it
Trump's proposed presidential library revealed as towering Miami skyscraper in striking new video,"New renderings of President Donald Trump's proposed Miami presidential library reveal a glass waterfront skyscraper with gold lettering, a Trump statue, and Oval Office replicas.",2026-03-31T12:07:49Z,Fox News
Si te asustaste al ver al niño de 6 años pilotando una moto de 218 CV... también lo ha hecho con una de 326 CV,"Seguramente Kenan Sofuoglu no será nombrado nunca ‘Padre del Año’, porque el excampeón turco de Supersport ya nos ha mostrado diversos vídeos donde su pequeño hijo Zayn monta enormes motos desde muy pequeño.",2026-03-31T12:04:52Z,Mundodeportivo.com
Megyn Kelly Praises ‘Classy’ Trump Presidential Library Featuring Giant Gold Statue of President,"Megyn Kelly praised the ""classy"" plans for President Donald Trump's official presidential library, which is set to include a giant gold statue.
The post Megyn Kelly Praises ‘Classy’ Trump Presidential Library Featuring Giant Gold Statue of President first app…",2026-03-31T12:03:21Z,Mediaite
"WWE Raw takeaways: The Vision win tag titles, Punk destroys Reigns","Check out the top takeaways from WWE Raw on March 30, which took place at Madison Square Garden in New York.",2026-03-31T12:02:36Z,USA Today
"Apple's 50-Year Legacy of Product Innovation, Through CNET's Lens",The Cupertino colossus has created some of the most iconic products over the last 50 years. Here are ones that stand out.,2026-03-31T12:01:02Z,CNET
Behind Cryptocurrency’s Commercial Real Estate Moment,"Thirteen years ago, Grant Cardone, CEO of Cardone Capital, a multifamily syndication firm with $5 billion in assets today, was paid for a speaking engagement in 115 BTC, or Bitcoin.  For the uninitiated, Bitcoin is the most famous currency in the cryptocurren…",2026-03-31T12:00:54Z,Commercial Observer
28 Kitchen Bar Seating Ideas for 2026 So Good Your Dining Table Starts Feeling Ignored,"Kitchen bars are more than just a place to sit they’re where style and function meet. These 28 kitchen bar seating ideas are stylish, comfortable, and space-savvy perfect for creating a spot that feels inviting, practical, and seamlessly integrated into your …",2026-03-31T12:00:00Z,Thecoolist.com
Common gold IRA rollover mistakes and how to avoid them,Minimize your risk by learning about the most common gold IRA mistakes and how to avoid them.,2026-03-31T12:00:00Z,Yahoo Entertainment
Coachella 2026 Shoe Trends Worth Packing — and the One to Leave Home,FN has rounded up a few trending footwear styles to wear at the 2026 Coachella Valley Music & Arts Festival in April — and one style to avoid.,2026-03-31T12:00:00Z,WWD
"₹7,999 में लॉन्च हुआ धांसू स्मार्टफोन, 120Hz डिस्प्ले और 50MP कैमरा","लावा ने भारत में एक बजट स्मार्टफोन लॉन्च किया है जिसमें 120Hz रिफ्रेश रेट डिस्प्ले मिलता है. इस फोन में 5,000mAh की बैटरी और 50 मेगापिक्सल का कैमरा दिया गया है.",2026-03-31T11:59:36Z,Aajtak.in
"“Igor, l’eroe romantico”: a Milano Fabio Galante introduce il documentario su Protti","Il calcio anni Novanta è il calcio dei campioni che sembrano eroi greci o carismatici personaggi byroniani volti verso il sublime, in soccorso dei più deboli. Uno degli ultimi eroi romantici di quel calcio è Igor Protti, l’unico che si è laureato 4 volte capo…",2026-03-31T11:58:39Z,Ilfattoquotidiano.it
"Lenders turn risk-averse, focus on high CIBIL score borrowers as gold loans surge in India","Lenders are prioritizing borrowers with strong credit histories and higher loan amounts, leading to a decline in new-to-credit customers. Despite this cautious approach, the overall credit market shows improved health, driven by better asset quality. Gold loa…",2026-03-31T11:58:18Z,The Times of India
6 simple home workouts that can relieve calf pain,"The standing wall stretch is the gold standard for targeting the larger, upper portion of the calf muscle. By placing your hands against a wall and extending one leg back with a locked knee, you create a deep, sustained pull that realigns muscle fibers. This …",2026-03-31T11:55:02Z,Economictimes.com
1287405 B.C. Ltd and Monteoro Minerals Announce Proposed Go-Public Transaction and C$17 Million Financing,"Not for distribution to U.S. newswire services or for release publication, distribution or dissemination, directly or indirectly, in whole or in part, in or into the United States. Any failure to comply with this restriction may constitute a violation of U.S.…",2026-03-31T11:53:14Z,Financial Post
Dozens killed in South Sudan gold mine attack,"Over 70 people have been killed and dozens injured in South Sudan, Vice President James Wani Igga has said Read Full Article at RT.com",2026-03-31T11:51:40Z,RT
1287405 B.C. Ltd and Monteoro Minerals Announce Proposed Go-Public Transaction and C$17 Million Financing,"Not for distribution to U.S. newswire services or for release publication, distribution or dissemination, directly or indirectly, in whole or in part, in or into the United States. Any failure to comply with this restriction may constitute a violation of U.S.…",2026-03-31T11:51:00Z,GlobeNewswire
What to know about Trump’s presidential library,The Yodel newsletter: Get caught up on this morning's news,2026-03-31T11:50:18Z,Yahoo Entertainment
"KOMMENTAR - Die Verluste sind grösser als bei Aktien: Wer in Gold einen Schutz vor Krisen sieht, überschätzt dessen Magie",Das Edelmetall hat seit dem Beginn des Iran-Kriegs stark an Wert verloren. Der Glaube an Gold als sicheren Hafen entpuppt sich in kurzer Frist einmal mehr als Irrtum.,2026-03-31T11:50:00Z,Www.nzz.ch
6 easy high protein breakfasts for busy mornings,"Overnight oats are the ultimate  grab-and-go  solution, requiring zero preparation time during the actual morning rush. By mixing rolled oats with a thick, protein-dense Greek yogurt and a scoop of your favorite protein powder, you create a creamy, pudding-li…",2026-03-31T11:45:07Z,Economictimes.com
"‘Get Out’ While Bitcoin is Still Above $65k, Says Peter Schiff as Maximalist Dumps $20 Million in BTC",Gold Proponent Peter Schiff has stated that it is hard to believe Bitcoin is still above $65k and holders should cash out while they can.,2026-03-31T11:40:04Z,ZyCrypto
Are Dems now so corrupt they’d bar Bruce Blakeman from getting campaign funding?,New York state’s Public Campaign Finance Board is preparing to deny $7 million to Republican gubernatorial candidate Bruce Blakeman because he didn’t include his running mate’s name on a form . . . that doesn’t exist yet. This November is the first statewide …,2026-03-31T11:39:09Z,New York Post
Abhay Singh and Anahat Singh Receive Top Asian Squash Federation Awards,"Abhay Singh and Anahat Singh have been recognised as the Asian Squash Federation's outstanding players of the year, while the Indian boys team received the men's team award.",2026-03-31T11:38:18Z,Rediff.com
New twist in the Brandon Aiyuk case: 49ers owner Jed York hasn't ruled out his return,"The San Francisco 49ers&apos; ownership has injected a surprising dose of uncertainty into what many believed was a foregone conclusion regarding Brandon Aiyuk&apos;s future.

Spea",2026-03-31T11:35:07Z,Marca
"Kobo Resources Intersects Strong Gold Results Across All Three Zones at Kossou, Including 7.0 m at 5.06 g/t Au at the Road Cut Zone","High-grade gold results returned from the Road Cut Zone with 7.0 m at 5.06 g/t Au incl. 1.0 m at 20.00 g/t Au, with encouraging gold mineralisation intersected along the Contact Zone Fault area Strong gold mineralisation intersected in all three Kadie Zone ho…",2026-03-31T11:32:02Z,Financial Post
TomaGold Starts Drilling at Berrigan Mine,"1,500-metre Phase 2 drilling program aimed at testing the newly-discovered Berrigan Deep Zone MONTRÉAL — TOMAGOLD CORPORATION (TSXV: LOT; OTCPK: TOGOF) (“TomaGold” or the “Company”) is pleased to announce that drilling has started at its Berrigan Mine project…",2026-03-31T11:31:18Z,Financial Post
Pragmata ya es gold: Capcom confirma que su esperada aventura de ciencia ficción está lista para llegar en abril,"<!--cache-->El nuevo juego de Capcom ha superado una de las últimas grandes fases antes del lanzamiento y mantiene su esperado estreno para el 17 de abril en PS5, Xbox Series, Switch 2 y PC.<!--aa--->Capcom ya puede dar prácticamente por cerrado el desarrollo…",2026-03-31T11:31:00Z,Elespanol.com
Jarren Duran needs to be Captain Chaos for the Red Sox,Stop thinking and play ball.,2026-03-31T11:28:32Z,Over The Monster
"Piramal Finance AUM crosses ₹1 lakh crore, eyes microfinance acquisition","Piramal Finance plans to diversify beyond home loans into microfinance and gold loans, aiming to reach Rs 1.5 lakh crore AUM by March 2028, while maintaining a cautious approach amid global uncertainties",2026-03-31T11:27:56Z,BusinessLine
Middle East Conflict Erases Arab Region's Annual Economic Growth – UN,"The conflict in the Middle East has nullified the annual economic growth of the Arab region, with losses potentially reaching nearly $200 billion, according to a report by the United Nations Development Programme (UNDP).",2026-03-31T11:23:26Z,Sputnikglobe.com
Crypto Trading Platform BYDFi Marks Sixth Anniversary with Month-Long Celebration,"Beginning on April 1, 2026, the cryptocurrency trading platform BYDFi will commemorate its sixth anniversary with a month-long event highlighting its development into an all-in-one platform based on a CEX + DEX dual-engine concept. BYDFi has developed a platf…",2026-03-31T11:19:13Z,ZyCrypto
"Realme 16 5G, Vivo V70 FE, OnePlus Nord 6, OPPO Find X9 Ultra & more smartphones launching in April; Check launch date, price and features here","April 2026 is set to be a busy month for smartphone launches in India with devices from Realme, Vivo, Redmi, OnePlus and OPPO. Key models include Realme 16 5G and Vivo V70 FE on April 2, OnePlus Nord 6 on April 7, and the premium OPPO Find X9 Ultra on April 2…",2026-03-31T11:17:24Z,The Times of India
Did The Sullivan Generator Survive After Shark Tank? Here's What Happened After Season 3,"Of all the ideas presented to ""Shark Tank's"" judges, the Sullivan Generator is one of the most outwardly outlandish, but what happened to it and its creator?",2026-03-31T11:17:00Z,BGR
"Indonesian forest loss surges by 66% in 2025, driven by Prabowo's self-sufficiency drive: Report","A total of 433,751 hectares of forest was cleared last year, a dramatic jump from 261,575 hectares in 2024, a study by a think tank found.",2026-03-31T11:16:00Z,CNA
"Quantum risk resurfaces at the worst time for bitcoin, but 1 token is loving it","Your day-ahead look for March 31, 2026",2026-03-31T11:15:00Z,CoinDesk
Funnel’s Forum 2026 brings 150+ of multifamily’s top leaders to Scottsdale to build the world’s best renter experience,Funnel’s Forum 2026 brings 150+ of multifamily’s top leaders to Scottsdale to build the world’s best renter experience...,2026-03-31T11:15:00Z,GlobeNewswire
"Florida Panthers announce hiring of former Amazon, Disney exec Michael White as business president",The Florida Panthers have named tech and guest-experience executive Michael White as their new president of business operations,2026-03-31T11:14:45Z,Abcnews.com
Aya Gold & Silver Reports Record Results for Q4-2025 and Full Year 2025,"Record Revenue, Net Income and Cash Flow from Operations MONTREAL, March 31, 2026 (GLOBE NEWSWIRE) — Aya Gold & Silver Inc. (TSX: AYA; OTCQX: AYASF) (“Aya” or the “Corporation”) today announced its financial and operational results for the fourth quarter and …",2026-03-31T11:03:49Z,Financial Post
Bitget lists edgeX (EDGE) for Spot Trading,"Bitget adds edgeX (EDGE) in Innovation Zone. EDGE/USDT spot trading opens Mar 31, 2026 12:30 UTC; withdrawals Apr 1....",2026-03-31T11:03:00Z,GlobeNewswire
Fort Collins basketball star named Blue FCU's top winter girls athlete,Fort Collins basketball's Annika VanDalen was named the Fort Collins area's top winter girls athlete after leading a Lambkins' turnaround season.,2026-03-31T11:02:26Z,Coloradoan
"The new Lava Bold N2 Pro debuts with an old 4G chipset, 6.67"" 120Hz display","A month ago, Lava introduced the Bold N2, a fairly basic 4G phone. Now the company is launching the Lava Bold N2 Pro – confusingly, the Pro phone is smaller and cheaper than its vanilla sibling. Huh?

The N2 Pro is powered by the Unisoc T7250, a staple of che…",2026-03-31T11:01:02Z,GSMArena.com
Northisle Announces Infill Drill Results at Northwest Expo Extend Strike and Add New High-Grade Intervals,"High-grade interval in NW25-57 of 117.0 metres at 1.50 g/t Au Eq., including 52.5 metres at 1.91 g/t Au Eq. Highlights: Selected gold-equivalent assay intercepts include: NW25-57: 117.0 metres at 1.50 g/t Au Eq. from 231.0 metres, including 52.5 metres at 1.9…",2026-03-31T11:00:49Z,Financial Post
Aya Gold & Silver Reports Record Results for Q4-2025 and Full Year 2025,"Record Revenue, Net Income and Cash Flow from Operations Record Revenue, Net Income and Cash Flow from Operations",2026-03-31T11:00:00Z,GlobeNewswire
Science Has Two Exciting New Ideas for Your Hairline,"Discover the latest men’s hair loss treatments, from finasteride and minoxidil to emerging therapies. Learn what works, side effects, and how to regrow thinning hair effectively.",2026-03-31T11:00:00Z,menshealth.com
UNCF “A Mind Is…” New York Gala Raises Record $1.3M for HBCUs and Student Success,"Honoring visionary leaders and delivering transformative impact, funds will help continue UNCF's legacy of bridging the gap between potential and opportunity Honoring visionary leaders and delivering transformative impact, funds will help continue UNCF's lega…",2026-03-31T11:00:00Z,GlobeNewswire
Bitcoin Everlight Reports Continued Phase 3 Presale Activity Amid Shifting Global Market Conditions,"Bitcoin Everlight advances Phase 3 presale against a backdrop of US-Iran tensions as early participants continue entering the network  SAN FRANCISCO,...",2026-03-31T11:00:00Z,GlobeNewswire
"They Were Told Wrestling Was Only for Boys. Now, This NYC Club Is Proving Girls Can Fight for Their Futures.","In the Bronx and Harlem, shy girls and a two-time Olympian join forces to build a wrestling club that’s quietly changing futures and creating possibilities.",2026-03-31T11:00:00Z,Women's Health
Oil Shock Tests Bank of Thailand’s Wait-and-See Policy Stance,"Thailand’s central bank signaled a wait-and-see monetary policy approach, saying interest-rate cuts are unlikely to be effective against a Middle East-driven oil shock while leaving the door open to tightening if inflation pressures persist.",2026-03-31T10:54:22Z,Financial Post
"Ausblick: Edelmetallverband: Gold zieht wieder an, Silber gefragt","Rechenzentren, Photovoltaik, Katalysatoren oder der „sichere Hafen“ für Anleger: Gold, Silber und Platin sind begehrt. Trotzdem spürt die Branche auch negative Folgen des Weltgeschehens.",2026-03-31T10:47:21Z,Der Tagesspiegel
"Ausblick: Edelmetallverband: Gold zieht wieder an, Silber gefragt","Hier finden Sie Informationen zu dem Thema „Ausblick“. Lesen Sie jetzt „Edelmetallverband: Gold zieht wieder an, Silber gefragt“.",2026-03-31T10:46:02Z,Die Zeit
"Ausblick: Edelmetallverband: Gold zieht wieder an, Silber gefragt","Rechenzentren, Photovoltaik, Katalysatoren oder der ""sichere Hafen"" für Anleger: Gold, Silber und Platin sind begehrt. Trotzdem spürt die Branche auch negative Folgen des Weltgeschehens.",2026-03-31T10:46:02Z,STERN.de
Plus - Test: Avowed - Patch 2.0 im Nachtest: Mein umstrittener Rollenspiel-Geheimtipp ist ein Jahr nach Release um einiges besser geworden,"Neue Völker, New Game Plus und viele Bugfixes im Anniversary Update 2.0 machen Avowed in Peters Augen endgültig zum Pflichtbesuch für Rollenspieler mit Spaß am Erkunden.",2026-03-31T10:41:00Z,GameStar
"BYDFi Marks 6th Anniversary with Month-Long Celebration, Built for Reliability","Victoria, Seychelles, 31st March 2026, Chainwire
The post BYDFi Marks 6th Anniversary with Month-Long Celebration, Built for Reliability appeared first on The Daily Hodl.",2026-03-31T10:40:56Z,The Daily Hodl
"BYDFi Marks Sixth Anniversary With Month-Long Celebration, Built for Reliability","Global crypto trading platform BYDFi will mark its sixth anniversary with a month-long celebration beginning on April 1, 2026, highlighting BYDFi’s evolution into an all-in-one crypto trading platform built on a CEX + DEX dual-engine model.",2026-03-31T10:40:56Z,The Daily Hodl
"₹7,999 में Lava Bold N2 Pro भारत में लॉन्च, मिलेगा 50MP कैमरा और 5,000mAh बैटरी",Lava Bold N2 Pro: Lava Bold N2 Pro को भारत में मंगलवार को लॉन्च किया गया। कंपनी का यह एंट्री-लेवल स्मार्टफोन 50MP के रियर कैमरे और 8MP के सेल्फी कैमरे से लैस है। यह 4G कनेक्टिविटी को सपोर्ट करता है और Android 15 पर चलता है। यह हैंडसेट दो कलर ऑप्शन में उपलब्ध …,2026-03-31T10:39:30Z,Moneycontrol
(VIDEO) Socceroos vs Curacao LIVE: Where to Watch Australia's Final Home Friendly Before 2026 World Cup,"MELBOURNE — The CommBank Socceroos face Curaçao tonight at AAMI Park in what will be Australia's last international match on home soil before the 2026 FIFA World Cup, with fans able to watch the FIFA Series 2026 clash live and free on Network 10 or via Paramo…",2026-03-31T10:34:50Z,Ibtimes.com.au
Botnet russe : prison ferme aux États-Unis,"Condamnation d'un opérateur russe de botnet lié au ransomware, au cœur de la chaîne d’accès cybercriminelle.",2026-03-31T10:33:05Z,Zataz.com
LibreOffice vs ONLYOFFICE - Which One Is Right For You?,"Both are solid open source office suites but which one should you choose? This in-depth article compares LibreOffice and ONLYOFFICE across features, usability, and real-world experience.",2026-03-31T10:32:41Z,Itsfoss.com
Fastned bietet Osteraktion für kostenlose Schnellladung,Das Unternehmen Fastned bietet über Ostern an fünf Schnellladestationen in Deutschland kostenfreies Laden an. Doch es gibt einen kleinen Haken. Vom 04. bis 06. April können Nutzer an ausgewählten Standorten …,2026-03-31T10:30:50Z,mobiFlip.de
Lamar Odom in 2026: 10 Essential Things to Know About the Former NBA Star's Tumultuous Journey and Struggles,"LOS ANGELES — As Netflix prepares to release ""Untold: The Death and Life of Lamar Odom"" on March 31, 2026, the former NBA champion remains a compelling figure whose life has blended basketball glory, reality television fame, devastating personal losses and a …",2026-03-31T10:29:49Z,Ibtimes.com.au
"European stocks gain on hopes for Iran de-escalation, oil set for record monthly rise","PARIS, March 31 : European shares eked out small gains in morning trading on Tuesday but were still on track for their worst month since 2022, while oil prices were set for a record monthly rise, as traders came to the end of a tumultuous March dominated by t…",2026-03-31T10:29:31Z,CNA
Global equities rise; oil on track for record monthly gain,"NEW YORK/PARIS, March 31 : Global shares rose on Tuesday and Brent crude oil prices were poised for a record monthly increase, as traders came to the end of a tumultuous March dominated by the Iran war.Iran attacked a fully-loaded oil tanker off Dubai early o…",2026-03-31T10:29:31Z,CNA
"HarmonyOS 6 для устройств Huawei предлагает новый интерфейс, эффекты камеры, сценарии использования","Huawei опубликовала подробные списки устройств, которые могут получить доступ к новым функциям HarmonyOS 6, включая смартфоны, планшеты, умные часы и складные устройства. Huawei присвоила этому обновлению номер версии HarmonyOS 6.0.0.328 , чтобы обозначить вн…",2026-03-31T10:27:00Z,Ixbt.com
Kristaps Porzingis finds his stride with Warriors in March,Porzingis once belonged to someone else’s lottery. Now he might define the Warriors’ last dynastic gamble.,2026-03-31T10:24:30Z,Golden State of Mind
"Iran war exerts cost-push pressure on inflation, says Turkish Central Bank governor","The governor of the Turkish Central Bank said ongoing tensions in the Middle East have driven a sharp rise in energy prices, adding cost-push pressure on inflation and indirectly affecting prices across sectors.",2026-03-31T10:18:19Z,Hurriyet Daily News
"Ken Griffin, the CEO who won’t bend the knee to Trump",Everything you need to know before you reach the office this morning.,2026-03-31T10:17:08Z,Fortune
"Leaching Operations Commence at Calcatreu Project, Marking Transition to Operational Phase","VANCOUVER, British Columbia, March 31, 2026 (GLOBE NEWSWIRE) — Patagonia Gold Corp. (“Patagonia” or the “Company”) (TSXV: PGDC) is pleased to announce the successful commencement of leaching operations at its flagship Calcatreu Project (“Calcatreu” or the “Pr…",2026-03-31T10:16:21Z,Financial Post
GASF names 15 finalists for 2025-26 Central Texas athletes of the year award,The Greater Austin Sports Foundation has named 12 high school student-athletes from Central Texas as boys and girls athletes of the year finalists.,2026-03-31T10:15:00Z,Austin American-Statesman
"Last day to score up to $300 off Apple Watch, $130 off Series 11 Cell models, more","We have now entered the final day of Amazon’s Big Spring Sale and some of the Apple Watch deals are already starting to jump back up in price. Alongside the Series 11 offers from $299 or this Cell model at $130 off, one of the most notable price drops you can…",2026-03-31T10:11:22Z,9to5Toys
"Leaching Operations Commence at Calcatreu Project, Marking Transition to Operational Phase","LEACHING OPERATIONS COMMENCE AT CALCATREU PROJECT, MARKING TRANSITION TO OPERATIONAL PHASE...",2026-03-31T10:11:00Z,GlobeNewswire
Jumio Liveness Premium Wins Gold in 2026 Cybersecurity Excellence Awards,"Jumio is recognized for its advanced biometric liveness detection technology for defending against deepfakes and AI-powered fraud SUNNYVALE, Calif. — Jumio, leading provider of AI-powered identity intelligence, today announced that Jumio Liveness Premium has …",2026-03-31T10:09:57Z,Financial Post
Bvlgari Hotel Roma: grandeur and high design in the Eternal City,A stylish rooftop bar and subterranean spa take this luxury hotel to another level,2026-03-31T10:07:33Z,The Week Magazine
Caster Semenya pledges to fight against Olympic gender-testing policy,"'We're going to be vocal about it, we're going to make noise until we're heard,' South Africa's gold medallist says.",2026-03-31T10:06:55Z,Al Jazeera English
Analysts Remain Bullish on Vox Royalty (VOXR) Following Company’s Inclusion in the VanEck Junior Gold Miners ETF,,2026-03-31T10:06:13Z,Yahoo Entertainment
Analysts Sentiment on TRX Gold (TRX) Remains Robust Following Strong Q2 2026 Results,,2026-03-31T10:06:11Z,Yahoo Entertainment
Analysts Bullish on Gold Royalty (GROY) Following Record Fiscal Annual Revenue And Operating Cash Flows For 2025,,2026-03-31T10:06:09Z,Yahoo Entertainment
Taiwan Olympic boxing champ involved in gender debate wins first bout at Asian titles,Lin Yu-ting comfortably won her first international bout since the 2024 Paris Olympics at the Asian championships on Tuesday after World Boxing said she passed a gene test. Taiwan's first Olympic boxing champion beat Thananya Somnuek of Thailand 5-0 in the ro…,2026-03-31T10:06:07Z,Yahoo Entertainment
Analysts See Over 100% Upside for New Found (NFGC) Amid Accelerated Progress At Queensway Gold Project,,2026-03-31T10:06:07Z,Yahoo Entertainment
Analysts Bullish on Galiano Gold (GAU) Amid Strong Share Price Momentum,,2026-03-31T10:06:06Z,Yahoo Entertainment
Analysts Bullish on Dakota Gold (DC) Amid Accelerated Progress at Richmond Hill,"Dakota Gold Corp. (NYSE:DC) earns a place on our list of the 8 best gold penny stocks to buy according to analysts. As of March 28, 2026, 100% of covering...",2026-03-31T10:06:04Z,Yahoo Entertainment
"Canneseries 2026 Dials up the U.S. With HBO Opening Series ‘Half Man,’ Scott Free’s Latest ‘Terror’ Season and Apple TV+’s ‘Star City’","The Hollywood studios may be sitting out the Cannes Film Festival but a more than respectable cohort of major U.S. players will hit Canneseries, Cannes TV festival, a month earlier.  They are led by HBO with Richard Gadd’s highly anticipated “Half Man” which …",2026-03-31T10:03:25Z,Variety
"Records в C#: Классы, которые пишут код за вас","Давайте представим, что вам нужно создать класс для хранения данных пользователя. Сколько строк кода вы напишете? Конструктор, свойства, метод ToString(), сравнение объектов... А если добавится новое поле? Придется обновлять конструктор, метод Equals, GetHash…",2026-03-31T10:03:07Z,Habr.com
"22k gold rate today: Check 22K, 24K gold prices (March 31, 2026) on Tanishq, Malabar Gold & Diamonds, Kalyan Jewellers, Joyalukkas and IBJA","Gold rate prediction: Gold prices experienced a slight increase on March 31, 2026, with 22K gold rates rising across major jewelry brands like Tanishq, Kalyan Jewellers, Malabar Gold & Diamonds, and Joyalukkas.",2026-03-31T10:01:49Z,The Times of India
"Der Countdown läuft - Meldet sich keiner, kriegt ein Dorf das ganze Gold","Jetzt läuft die Zeit für den bisherigen Eigentümer ab. Meldet er sich nicht rechtzeitig, hat ein Bürgermeister große Pläne mit dem Schatz.",2026-03-31T10:01:25Z,Bild
From Prosthetics To Houses: 26 Brilliant Things Made With A 3D Printer,"3D printing has been around for much longer than you might think; almost 40 years in fact. But it's only recently that the potential of this technology has begun to be realized, advances in sensors, 3D printing software and materials mean that the most incred…",2026-03-31T10:01:03Z,Boredpanda.com
Today in Boston Celtics history: Boston's first playoff win; Barksdale born; '59 draft,"Today in Boston Celtics history, Don Barksdale was born in Oakland, California, in 1923.",2026-03-31T10:00:06Z,USA Today
How To Destroy Wealth,This November California voters might show the country how to wreck an economy in the name of fairness.,2026-03-31T10:00:00Z,Forbes
Skeena Gold & Silver Announces Proposed USD$750 Million Senior Secured Notes Offering to Refinance Former Project Financing and to Fund Partial Buyback of Existing Gold Stream,"VANCOUVER, British Columbia, March 31, 2026 (GLOBE NEWSWIRE) — Skeena Resources Limited (TSX: SKE, NYSE: SKE) (“Skeena Gold & Silver”, “Skeena” or the “Company”) is pleased to announce its intention to offer and sell US$750 million aggregate principal amount …",2026-03-31T12:28:44Z,Financial Post
How China's propaganda is spinning the Iran war,"Chinese state media is polishing the narrative of the conflict in the Middle East for domestic audiences. One AI-generated video features a Persian cat and an eagle, depicting the war as a Chinese martial arts fantasy.",2026-03-31T12:28:00Z,DW (English)
Iran war: Chinese propaganda casts US as reckless aggressor,"Chinese state media is subtly framing the US as a belligerent, destabilizing force in the Middle East. One AI-generated video features a Persian cat and an eagle locked in battle, symbolizing the Iran war.",2026-03-31T12:28:00Z,DW (English)
Piramal Finance AUM touches Rs 1 lakh crore; acquisitions on radar: CEO,Piramal Finance has crossed Rs 1 lakh crore in assets under management. The company plans to acquire a microfinance institution to boost its next phase of growth. Piramal Finance aims to increase its assets under management to Rs 1.5 lakh crore by March 2028.…,2026-03-31T12:24:22Z,The Times of India
Skeena Gold & Silver Confirms Eskay Creek Reaches 49% Completion & Provides Project Update; Initial Production Remains on Schedule for Q2 2027,"VANCOUVER, British Columbia, March 31, 2026 (GLOBE NEWSWIRE) — Skeena Resources Limited (TSX: SKE, NYSE: SKE) (“Skeena Gold & Silver”, “Skeena” or the “Company”) is pleased to provide an update on the advancement of its 100% owned Eskay Creek Gold-Silver Proj…",2026-03-31T12:23:39Z,Financial Post
Irish billionaire Paul Coulson’s London home burgled twice in four days as thieves get away with valuables worth £1.25 million,"An Irish billionaire's London home was burgled twice in the space of just four days with thieves getting away with jewellery, cash, luxury handbags and designer clothes worth an estimated £1.25 million, a court has heard.",2026-03-31T12:22:33Z,Independent.ie
Skeena Gold & Silver Confirms Eskay Creek Reaches 49% Completion & Provides Project Update; Initial Production Remains on Schedule for Q2 2027,"VANCOUVER, British Columbia, March 31, 2026 (GLOBE NEWSWIRE) -- Skeena Resources Limited (TSX: SKE, NYSE: SKE) (“Skeena Gold & Silver”, “Skeena” or the “Company”) is pleased to provide an update on the advancement of its 100% owned Eskay Creek Gold-Silver Pro…",2026-03-31T12:20:00Z,GlobeNewswire
Oil Prices Hold Above $100 And Wall Street Rebounds As U.S. Exchanges Strikes With Iran,Wall Street is rebounding early and oil prices are holding above $100 as the U.S. and Iran trade military strikes in the fifth week of the war.,2026-03-31T12:19:12Z,HuffPost
"Wall Street's rough month, Powell's inflation outlook, GLP-1 subscription and more in Morning Squawk",Here are five key things investors need to know to start the trading day.,2026-03-31T12:16:39Z,CNBC
"Plaketten, Medaillen, Urkunden: Frankfurt ist bei der Verleihung von Auszeichnungen großzügig",Mehr als ein Dutzend Preise verleiht Frankfurt an verdiente Personen: Jetzt wird erstmals der Europäische Paulskirchenpreis für Demokratie verliehen. Doch mit der wichtigsten Auszeichnung ist man im Römer knauserig.,2026-03-31T12:15:56Z,Faz.net
"Furto nell’ex convento, ma senza querela cade tutto per la legge Cartabia: tre imputati prosciolti","La legge Cartabia, che ha reso obbligatoria la querela delle persone offese nei casi di furto, continua a mietere vittime. Non i responsabili dei reati, ma le vere vittime, che, se non formalizzano il danno subito, rendono vano l’iter giudiziario, con la cons…",2026-03-31T12:13:43Z,Ilfattoquotidiano.it
"Oil prices hold above $100, Wall Street rebounds amid Iran war strikes","Oil prices hold above $100, Wall Street rebounds amid Iran war strikesbostonherald.com",2026-03-31T12:11:55Z,Boston Herald
L’indagine su San Siro è un macigno nella corsa al dopo-Sala,Cade in un momento particolarissimo la nuova tegola giudiziaria sulla vendita di San Siro alle società di calcio da parte del Comune di Milano. Infatti non suona soltanto inevitabilmente come sano contrappunto ‘verso sinistra’ dell’indagine che a Roma sta met…,2026-03-31T12:11:06Z,Ilfattoquotidiano.it
"Rotraut, de weduwe van Yves Klein, exposeert in Nederland: ‘We hebben telepathisch contact, hij is mijn soulmate’","In het Stedelijk Museum Schiedam is een tentoonstelling te zien met werk van de Franse kunstenaar Yves Klein, zijn vader, moeder en weduwe Rotraut Klein-Moquay. In de opstelling worden de artistieke uitwisselingen tussen de familieleden zichtbaar.",2026-03-31T12:09:52Z,Www.nrc.nl
"Istat: nel 2025 nuovo crollo delle nascite, solo 355mila. E la famiglia più diffusa è quella composta da una sola persona","Il calo demografico in Italia prosegue malgrado lo sbandierato impegno pro natalità del governo Meloni. E l’Istat lo certifica. Solo l’arrivo dei migranti contrasta gli effetti negativi del declino della natalità. Nel 2025 le nascite sono state 355mila, con u…",2026-03-31T12:08:04Z,Ilfattoquotidiano.it
Trump's proposed presidential library revealed as towering Miami skyscraper in striking new video,"New renderings of President Donald Trump's proposed Miami presidential library reveal a glass waterfront skyscraper with gold lettering, a Trump statue, and Oval Office replicas.",2026-03-31T12:07:49Z,Fox News
Si te asustaste al ver al niño de 6 años pilotando una moto de 218 CV... también lo ha hecho con una de 326 CV,"Seguramente Kenan Sofuoglu no será nombrado nunca ‘Padre del Año’, porque el excampeón turco de Supersport ya nos ha mostrado diversos vídeos donde su pequeño hijo Zayn monta enormes motos desde muy pequeño.",2026-03-31T12:04:52Z,Mundodeportivo.com
Megyn Kelly Praises ‘Classy’ Trump Presidential Library Featuring Giant Gold Statue of President,"Megyn Kelly praised the ""classy"" plans for President Donald Trump's official presidential library, which is set to include a giant gold statue.
The post Megyn Kelly Praises ‘Classy’ Trump Presidential Library Featuring Giant Gold Statue of President first app…",2026-03-31T12:03:21Z,Mediaite
"WWE Raw takeaways: The Vision win tag titles, Punk destroys Reigns","Check out the top takeaways from WWE Raw on March 30, which took place at Madison Square Garden in New York.",2026-03-31T12:02:36Z,USA Today
"Apple's 50-Year Legacy of Product Innovation, Through CNET's Lens",The Cupertino colossus has created some of the most iconic products over the last 50 years. Here are ones that stand out.,2026-03-31T12:01:02Z,CNET
Behind Cryptocurrency’s Commercial Real Estate Moment,"Thirteen years ago, Grant Cardone, CEO of Cardone Capital, a multifamily syndication firm with $5 billion in assets today, was paid for a speaking engagement in 115 BTC, or Bitcoin.  For the uninitiated, Bitcoin is the most famous currency in the cryptocurren…",2026-03-31T12:00:54Z,Commercial Observer
28 Kitchen Bar Seating Ideas for 2026 So Good Your Dining Table Starts Feeling Ignored,"Kitchen bars are more than just a place to sit they’re where style and function meet. These 28 kitchen bar seating ideas are stylish, comfortable, and space-savvy perfect for creating a spot that feels inviting, practical, and seamlessly integrated into your …",2026-03-31T12:00:00Z,Thecoolist.com
Common gold IRA rollover mistakes and how to avoid them,Minimize your risk by learning about the most common gold IRA mistakes and how to avoid them.,2026-03-31T12:00:00Z,Yahoo Entertainment
Coachella 2026 Shoe Trends Worth Packing — and the One to Leave Home,FN has rounded up a few trending footwear styles to wear at the 2026 Coachella Valley Music & Arts Festival in April — and one style to avoid.,2026-03-31T12:00:00Z,WWD
"₹7,999 में लॉन्च हुआ धांसू स्मार्टफोन, 120Hz डिस्प्ले और 50MP कैमरा","लावा ने भारत में एक बजट स्मार्टफोन लॉन्च किया है जिसमें 120Hz रिफ्रेश रेट डिस्प्ले मिलता है. इस फोन में 5,000mAh की बैटरी और 50 मेगापिक्सल का कैमरा दिया गया है.",2026-03-31T11:59:36Z,Aajtak.in
"“Igor, l’eroe romantico”: a Milano Fabio Galante introduce il documentario su Protti","Il calcio anni Novanta è il calcio dei campioni che sembrano eroi greci o carismatici personaggi byroniani volti verso il sublime, in soccorso dei più deboli. Uno degli ultimi eroi romantici di quel calcio è Igor Protti, l’unico che si è laureato 4 volte capo…",2026-03-31T11:58:39Z,Ilfattoquotidiano.it
"Lenders turn risk-averse, focus on high CIBIL score borrowers as gold loans surge in India","Lenders are prioritizing borrowers with strong credit histories and higher loan amounts, leading to a decline in new-to-credit customers. Despite this cautious approach, the overall credit market shows improved health, driven by better asset quality. Gold loa…",2026-03-31T11:58:18Z,The Times of India
6 simple home workouts that can relieve calf pain,"The standing wall stretch is the gold standard for targeting the larger, upper portion of the calf muscle. By placing your hands against a wall and extending one leg back with a locked knee, you create a deep, sustained pull that realigns muscle fibers. This …",2026-03-31T11:55:02Z,Economictimes.com
1287405 B.C. Ltd and Monteoro Minerals Announce Proposed Go-Public Transaction and C$17 Million Financing,"Not for distribution to U.S. newswire services or for release publication, distribution or dissemination, directly or indirectly, in whole or in part, in or into the United States. Any failure to comply with this restriction may constitute a violation of U.S.…",2026-03-31T11:53:14Z,Financial Post
Dozens killed in South Sudan gold mine attack,"Over 70 people have been killed and dozens injured in South Sudan, Vice President James Wani Igga has said Read Full Article at RT.com",2026-03-31T11:51:40Z,RT
1287405 B.C. Ltd and Monteoro Minerals Announce Proposed Go-Public Transaction and C$17 Million Financing,"Not for distribution to U.S. newswire services or for release publication, distribution or dissemination, directly or indirectly, in whole or in part, in or into the United States. Any failure to comply with this restriction may constitute a violation of U.S.…",2026-03-31T11:51:00Z,GlobeNewswire
What to know about Trump’s presidential library,The Yodel newsletter: Get caught up on this morning's news,2026-03-31T11:50:18Z,Yahoo Entertainment
"KOMMENTAR - Die Verluste sind grösser als bei Aktien: Wer in Gold einen Schutz vor Krisen sieht, überschätzt dessen Magie",Das Edelmetall hat seit dem Beginn des Iran-Kriegs stark an Wert verloren. Der Glaube an Gold als sicheren Hafen entpuppt sich in kurzer Frist einmal mehr als Irrtum.,2026-03-31T11:50:00Z,Www.nzz.ch
6 easy high protein breakfasts for busy mornings,"Overnight oats are the ultimate  grab-and-go  solution, requiring zero preparation time during the actual morning rush. By mixing rolled oats with a thick, protein-dense Greek yogurt and a scoop of your favorite protein powder, you create a creamy, pudding-li…",2026-03-31T11:45:07Z,Economictimes.com
"‘Get Out’ While Bitcoin is Still Above $65k, Says Peter Schiff as Maximalist Dumps $20 Million in BTC",Gold Proponent Peter Schiff has stated that it is hard to believe Bitcoin is still above $65k and holders should cash out while they can.,2026-03-31T11:40:04Z,ZyCrypto
Are Dems now so corrupt they’d bar Bruce Blakeman from getting campaign funding?,New York state’s Public Campaign Finance Board is preparing to deny $7 million to Republican gubernatorial candidate Bruce Blakeman because he didn’t include his running mate’s name on a form . . . that doesn’t exist yet. This November is the first statewide …,2026-03-31T11:39:09Z,New York Post
Abhay Singh and Anahat Singh Receive Top Asian Squash Federation Awards,"Abhay Singh and Anahat Singh have been recognised as the Asian Squash Federation's outstanding players of the year, while the Indian boys team received the men's team award.",2026-03-31T11:38:18Z,Rediff.com
New twist in the Brandon Aiyuk case: 49ers owner Jed York hasn't ruled out his return,"The San Francisco 49ers&apos; ownership has injected a surprising dose of uncertainty into what many believed was a foregone conclusion regarding Brandon Aiyuk&apos;s future.

Spea",2026-03-31T11:35:07Z,Marca
"Kobo Resources Intersects Strong Gold Results Across All Three Zones at Kossou, Including 7.0 m at 5.06 g/t Au at the Road Cut Zone","High-grade gold results returned from the Road Cut Zone with 7.0 m at 5.06 g/t Au incl. 1.0 m at 20.00 g/t Au, with encouraging gold mineralisation intersected along the Contact Zone Fault area Strong gold mineralisation intersected in all three Kadie Zone ho…",2026-03-31T11:32:02Z,Financial Post
TomaGold Starts Drilling at Berrigan Mine,"1,500-metre Phase 2 drilling program aimed at testing the newly-discovered Berrigan Deep Zone MONTRÉAL — TOMAGOLD CORPORATION (TSXV: LOT; OTCPK: TOGOF) (“TomaGold” or the “Company”) is pleased to announce that drilling has started at its Berrigan Mine project…",2026-03-31T11:31:18Z,Financial Post
Pragmata ya es gold: Capcom confirma que su esperada aventura de ciencia ficción está lista para llegar en abril,"<!--cache-->El nuevo juego de Capcom ha superado una de las últimas grandes fases antes del lanzamiento y mantiene su esperado estreno para el 17 de abril en PS5, Xbox Series, Switch 2 y PC.<!--aa--->Capcom ya puede dar prácticamente por cerrado el desarrollo…",2026-03-31T11:31:00Z,Elespanol.com
Jarren Duran needs to be Captain Chaos for the Red Sox,Stop thinking and play ball.,2026-03-31T11:28:32Z,Over The Monster
"Piramal Finance AUM crosses ₹1 lakh crore, eyes microfinance acquisition","Piramal Finance plans to diversify beyond home loans into microfinance and gold loans, aiming to reach Rs 1.5 lakh crore AUM by March 2028, while maintaining a cautious approach amid global uncertainties",2026-03-31T11:27:56Z,BusinessLine
Middle East Conflict Erases Arab Region's Annual Economic Growth – UN,"The conflict in the Middle East has nullified the annual economic growth of the Arab region, with losses potentially reaching nearly $200 billion, according to a report by the United Nations Development Programme (UNDP).",2026-03-31T11:23:26Z,Sputnikglobe.com
Crypto Trading Platform BYDFi Marks Sixth Anniversary with Month-Long Celebration,"Beginning on April 1, 2026, the cryptocurrency trading platform BYDFi will commemorate its sixth anniversary with a month-long event highlighting its development into an all-in-one platform based on a CEX + DEX dual-engine concept. BYDFi has developed a platf…",2026-03-31T11:19:13Z,ZyCrypto
"Realme 16 5G, Vivo V70 FE, OnePlus Nord 6, OPPO Find X9 Ultra & more smartphones launching in April; Check launch date, price and features here","April 2026 is set to be a busy month for smartphone launches in India with devices from Realme, Vivo, Redmi, OnePlus and OPPO. Key models include Realme 16 5G and Vivo V70 FE on April 2, OnePlus Nord 6 on April 7, and the premium OPPO Find X9 Ultra on April 2…",2026-03-31T11:17:24Z,The Times of India
Did The Sullivan Generator Survive After Shark Tank? Here's What Happened After Season 3,"Of all the ideas presented to ""Shark Tank's"" judges, the Sullivan Generator is one of the most outwardly outlandish, but what happened to it and its creator?",2026-03-31T11:17:00Z,BGR
"Indonesian forest loss surges by 66% in 2025, driven by Prabowo's self-sufficiency drive: Report","A total of 433,751 hectares of forest was cleared last year, a dramatic jump from 261,575 hectares in 2024, a study by a think tank found.",2026-03-31T11:16:00Z,CNA
"Quantum risk resurfaces at the worst time for bitcoin, but 1 token is loving it","Your day-ahead look for March 31, 2026",2026-03-31T11:15:00Z,CoinDesk
Funnel’s Forum 2026 brings 150+ of multifamily’s top leaders to Scottsdale to build the world’s best renter experience,Funnel’s Forum 2026 brings 150+ of multifamily’s top leaders to Scottsdale to build the world’s best renter experience...,2026-03-31T11:15:00Z,GlobeNewswire
"Florida Panthers announce hiring of former Amazon, Disney exec Michael White as business president",The Florida Panthers have named tech and guest-experience executive Michael White as their new president of business operations,2026-03-31T11:14:45Z,Abcnews.com
Aya Gold & Silver Reports Record Results for Q4-2025 and Full Year 2025,"Record Revenue, Net Income and Cash Flow from Operations MONTREAL, March 31, 2026 (GLOBE NEWSWIRE) — Aya Gold & Silver Inc. (TSX: AYA; OTCQX: AYASF) (“Aya” or the “Corporation”) today announced its financial and operational results for the fourth quarter and …",2026-03-31T11:03:49Z,Financial Post
Bitget lists edgeX (EDGE) for Spot Trading,"Bitget adds edgeX (EDGE) in Innovation Zone. EDGE/USDT spot trading opens Mar 31, 2026 12:30 UTC; withdrawals Apr 1....",2026-03-31T11:03:00Z,GlobeNewswire
Fort Collins basketball star named Blue FCU's top winter girls athlete,Fort Collins basketball's Annika VanDalen was named the Fort Collins area's top winter girls athlete after leading a Lambkins' turnaround season.,2026-03-31T11:02:26Z,Coloradoan
"The new Lava Bold N2 Pro debuts with an old 4G chipset, 6.67"" 120Hz display","A month ago, Lava introduced the Bold N2, a fairly basic 4G phone. Now the company is launching the Lava Bold N2 Pro – confusingly, the Pro phone is smaller and cheaper than its vanilla sibling. Huh?

The N2 Pro is powered by the Unisoc T7250, a staple of che…",2026-03-31T11:01:02Z,GSMArena.com
Northisle Announces Infill Drill Results at Northwest Expo Extend Strike and Add New High-Grade Intervals,"High-grade interval in NW25-57 of 117.0 metres at 1.50 g/t Au Eq., including 52.5 metres at 1.91 g/t Au Eq. Highlights: Selected gold-equivalent assay intercepts include: NW25-57: 117.0 metres at 1.50 g/t Au Eq. from 231.0 metres, including 52.5 metres at 1.9…",2026-03-31T11:00:49Z,Financial Post
Aya Gold & Silver Reports Record Results for Q4-2025 and Full Year 2025,"Record Revenue, Net Income and Cash Flow from Operations Record Revenue, Net Income and Cash Flow from Operations",2026-03-31T11:00:00Z,GlobeNewswire
Science Has Two Exciting New Ideas for Your Hairline,"Discover the latest men’s hair loss treatments, from finasteride and minoxidil to emerging therapies. Learn what works, side effects, and how to regrow thinning hair effectively.",2026-03-31T11:00:00Z,menshealth.com
UNCF “A Mind Is…” New York Gala Raises Record $1.3M for HBCUs and Student Success,"Honoring visionary leaders and delivering transformative impact, funds will help continue UNCF's legacy of bridging the gap between potential and opportunity Honoring visionary leaders and delivering transformative impact, funds will help continue UNCF's lega…",2026-03-31T11:00:00Z,GlobeNewswire
Bitcoin Everlight Reports Continued Phase 3 Presale Activity Amid Shifting Global Market Conditions,"Bitcoin Everlight advances Phase 3 presale against a backdrop of US-Iran tensions as early participants continue entering the network  SAN FRANCISCO,...",2026-03-31T11:00:00Z,GlobeNewswire
"They Were Told Wrestling Was Only for Boys. Now, This NYC Club Is Proving Girls Can Fight for Their Futures.","In the Bronx and Harlem, shy girls and a two-time Olympian join forces to build a wrestling club that’s quietly changing futures and creating possibilities.",2026-03-31T11:00:00Z,Women's Health
Oil Shock Tests Bank of Thailand’s Wait-and-See Policy Stance,"Thailand’s central bank signaled a wait-and-see monetary policy approach, saying interest-rate cuts are unlikely to be effective against a Middle East-driven oil shock while leaving the door open to tightening if inflation pressures persist.",2026-03-31T10:54:22Z,Financial Post
"Ausblick: Edelmetallverband: Gold zieht wieder an, Silber gefragt","Rechenzentren, Photovoltaik, Katalysatoren oder der „sichere Hafen“ für Anleger: Gold, Silber und Platin sind begehrt. Trotzdem spürt die Branche auch negative Folgen des Weltgeschehens.",2026-03-31T10:47:21Z,Der Tagesspiegel
"Ausblick: Edelmetallverband: Gold zieht wieder an, Silber gefragt","Hier finden Sie Informationen zu dem Thema „Ausblick“. Lesen Sie jetzt „Edelmetallverband: Gold zieht wieder an, Silber gefragt“.",2026-03-31T10:46:02Z,Die Zeit
"Ausblick: Edelmetallverband: Gold zieht wieder an, Silber gefragt","Rechenzentren, Photovoltaik, Katalysatoren oder der ""sichere Hafen"" für Anleger: Gold, Silber und Platin sind begehrt. Trotzdem spürt die Branche auch negative Folgen des Weltgeschehens.",2026-03-31T10:46:02Z,STERN.de
Plus - Test: Avowed - Patch 2.0 im Nachtest: Mein umstrittener Rollenspiel-Geheimtipp ist ein Jahr nach Release um einiges besser geworden,"Neue Völker, New Game Plus und viele Bugfixes im Anniversary Update 2.0 machen Avowed in Peters Augen endgültig zum Pflichtbesuch für Rollenspieler mit Spaß am Erkunden.",2026-03-31T10:41:00Z,GameStar
"BYDFi Marks 6th Anniversary with Month-Long Celebration, Built for Reliability","Victoria, Seychelles, 31st March 2026, Chainwire
The post BYDFi Marks 6th Anniversary with Month-Long Celebration, Built for Reliability appeared first on The Daily Hodl.",2026-03-31T10:40:56Z,The Daily Hodl
"BYDFi Marks Sixth Anniversary With Month-Long Celebration, Built for Reliability","Global crypto trading platform BYDFi will mark its sixth anniversary with a month-long celebration beginning on April 1, 2026, highlighting BYDFi’s evolution into an all-in-one crypto trading platform built on a CEX + DEX dual-engine model.",2026-03-31T10:40:56Z,The Daily Hodl
"₹7,999 में Lava Bold N2 Pro भारत में लॉन्च, मिलेगा 50MP कैमरा और 5,000mAh बैटरी",Lava Bold N2 Pro: Lava Bold N2 Pro को भारत में मंगलवार को लॉन्च किया गया। कंपनी का यह एंट्री-लेवल स्मार्टफोन 50MP के रियर कैमरे और 8MP के सेल्फी कैमरे से लैस है। यह 4G कनेक्टिविटी को सपोर्ट करता है और Android 15 पर चलता है। यह हैंडसेट दो कलर ऑप्शन में उपलब्ध …,2026-03-31T10:39:30Z,Moneycontrol
(VIDEO) Socceroos vs Curacao LIVE: Where to Watch Australia's Final Home Friendly Before 2026 World Cup,"MELBOURNE — The CommBank Socceroos face Curaçao tonight at AAMI Park in what will be Australia's last international match on home soil before the 2026 FIFA World Cup, with fans able to watch the FIFA Series 2026 clash live and free on Network 10 or via Paramo…",2026-03-31T10:34:50Z,Ibtimes.com.au
Botnet russe : prison ferme aux États-Unis,"Condamnation d'un opérateur russe de botnet lié au ransomware, au cœur de la chaîne d’accès cybercriminelle.",2026-03-31T10:33:05Z,Zataz.com
LibreOffice vs ONLYOFFICE - Which One Is Right For You?,"Both are solid open source office suites but which one should you choose? This in-depth article compares LibreOffice and ONLYOFFICE across features, usability, and real-world experience.",2026-03-31T10:32:41Z,Itsfoss.com
Fastned bietet Osteraktion für kostenlose Schnellladung,Das Unternehmen Fastned bietet über Ostern an fünf Schnellladestationen in Deutschland kostenfreies Laden an. Doch es gibt einen kleinen Haken. Vom 04. bis 06. April können Nutzer an ausgewählten Standorten …,2026-03-31T10:30:50Z,mobiFlip.de
Lamar Odom in 2026: 10 Essential Things to Know About the Former NBA Star's Tumultuous Journey and Struggles,"LOS ANGELES — As Netflix prepares to release ""Untold: The Death and Life of Lamar Odom"" on March 31, 2026, the former NBA champion remains a compelling figure whose life has blended basketball glory, reality television fame, devastating personal losses and a …",2026-03-31T10:29:49Z,Ibtimes.com.au
"European stocks gain on hopes for Iran de-escalation, oil set for record monthly rise","PARIS, March 31 : European shares eked out small gains in morning trading on Tuesday but were still on track for their worst month since 2022, while oil prices were set for a record monthly rise, as traders came to the end of a tumultuous March dominated by t…",2026-03-31T10:29:31Z,CNA
Global equities rise; oil on track for record monthly gain,"NEW YORK/PARIS, March 31 : Global shares rose on Tuesday and Brent crude oil prices were poised for a record monthly increase, as traders came to the end of a tumultuous March dominated by the Iran war.Iran attacked a fully-loaded oil tanker off Dubai early o…",2026-03-31T10:29:31Z,CNA
"HarmonyOS 6 для устройств Huawei предлагает новый интерфейс, эффекты камеры, сценарии использования","Huawei опубликовала подробные списки устройств, которые могут получить доступ к новым функциям HarmonyOS 6, включая смартфоны, планшеты, умные часы и складные устройства. Huawei присвоила этому обновлению номер версии HarmonyOS 6.0.0.328 , чтобы обозначить вн…",2026-03-31T10:27:00Z,Ixbt.com
Kristaps Porzingis finds his stride with Warriors in March,Porzingis once belonged to someone else’s lottery. Now he might define the Warriors’ last dynastic gamble.,2026-03-31T10:24:30Z,Golden State of Mind
"Iran war exerts cost-push pressure on inflation, says Turkish Central Bank governor","The governor of the Turkish Central Bank said ongoing tensions in the Middle East have driven a sharp rise in energy prices, adding cost-push pressure on inflation and indirectly affecting prices across sectors.",2026-03-31T10:18:19Z,Hurriyet Daily News
"Ken Griffin, the CEO who won’t bend the knee to Trump",Everything you need to know before you reach the office this morning.,2026-03-31T10:17:08Z,Fortune
"Leaching Operations Commence at Calcatreu Project, Marking Transition to Operational Phase","VANCOUVER, British Columbia, March 31, 2026 (GLOBE NEWSWIRE) — Patagonia Gold Corp. (“Patagonia” or the “Company”) (TSXV: PGDC) is pleased to announce the successful commencement of leaching operations at its flagship Calcatreu Project (“Calcatreu” or the “Pr…",2026-03-31T10:16:21Z,Financial Post
GASF names 15 finalists for 2025-26 Central Texas athletes of the year award,The Greater Austin Sports Foundation has named 12 high school student-athletes from Central Texas as boys and girls athletes of the year finalists.,2026-03-31T10:15:00Z,Austin American-Statesman
"Last day to score up to $300 off Apple Watch, $130 off Series 11 Cell models, more","We have now entered the final day of Amazon’s Big Spring Sale and some of the Apple Watch deals are already starting to jump back up in price. Alongside the Series 11 offers from $299 or this Cell model at $130 off, one of the most notable price drops you can…",2026-03-31T10:11:22Z,9to5Toys
"Leaching Operations Commence at Calcatreu Project, Marking Transition to Operational Phase","LEACHING OPERATIONS COMMENCE AT CALCATREU PROJECT, MARKING TRANSITION TO OPERATIONAL PHASE...",2026-03-31T10:11:00Z,GlobeNewswire
Jumio Liveness Premium Wins Gold in 2026 Cybersecurity Excellence Awards,"Jumio is recognized for its advanced biometric liveness detection technology for defending against deepfakes and AI-powered fraud SUNNYVALE, Calif. — Jumio, leading provider of AI-powered identity intelligence, today announced that Jumio Liveness Premium has …",2026-03-31T10:09:57Z,Financial Post
Bvlgari Hotel Roma: grandeur and high design in the Eternal City,A stylish rooftop bar and subterranean spa take this luxury hotel to another level,2026-03-31T10:07:33Z,The Week Magazine
Caster Semenya pledges to fight against Olympic gender-testing policy,"'We're going to be vocal about it, we're going to make noise until we're heard,' South Africa's gold medallist says.",2026-03-31T10:06:55Z,Al Jazeera English
Analysts Remain Bullish on Vox Royalty (VOXR) Following Company’s Inclusion in the VanEck Junior Gold Miners ETF,,2026-03-31T10:06:13Z,Yahoo Entertainment
Analysts Sentiment on TRX Gold (TRX) Remains Robust Following Strong Q2 2026 Results,,2026-03-31T10:06:11Z,Yahoo Entertainment
Analysts Bullish on Gold Royalty (GROY) Following Record Fiscal Annual Revenue And Operating Cash Flows For 2025,,2026-03-31T10:06:09Z,Yahoo Entertainment
Taiwan Olympic boxing champ involved in gender debate wins first bout at Asian titles,Lin Yu-ting comfortably won her first international bout since the 2024 Paris Olympics at the Asian championships on Tuesday after World Boxing said she passed a gene test. Taiwan's first Olympic boxing champion beat Thananya Somnuek of Thailand 5-0 in the ro…,2026-03-31T10:06:07Z,Yahoo Entertainment
Analysts See Over 100% Upside for New Found (NFGC) Amid Accelerated Progress At Queensway Gold Project,,2026-03-31T10:06:07Z,Yahoo Entertainment
Analysts Bullish on Galiano Gold (GAU) Amid Strong Share Price Momentum,,2026-03-31T10:06:06Z,Yahoo Entertainment
Analysts Bullish on Dakota Gold (DC) Amid Accelerated Progress at Richmond Hill,"Dakota Gold Corp. (NYSE:DC) earns a place on our list of the 8 best gold penny stocks to buy according to analysts. As of March 28, 2026, 100% of covering...",2026-03-31T10:06:04Z,Yahoo Entertainment
"Canneseries 2026 Dials up the U.S. With HBO Opening Series ‘Half Man,’ Scott Free’s Latest ‘Terror’ Season and Apple TV+’s ‘Star City’","The Hollywood studios may be sitting out the Cannes Film Festival but a more than respectable cohort of major U.S. players will hit Canneseries, Cannes TV festival, a month earlier.  They are led by HBO with Richard Gadd’s highly anticipated “Half Man” which …",2026-03-31T10:03:25Z,Variety
"Records в C#: Классы, которые пишут код за вас","Давайте представим, что вам нужно создать класс для хранения данных пользователя. Сколько строк кода вы напишете? Конструктор, свойства, метод ToString(), сравнение объектов... А если добавится новое поле? Придется обновлять конструктор, метод Equals, GetHash…",2026-03-31T10:03:07Z,Habr.com
"22k gold rate today: Check 22K, 24K gold prices (March 31, 2026) on Tanishq, Malabar Gold & Diamonds, Kalyan Jewellers, Joyalukkas and IBJA","Gold rate prediction: Gold prices experienced a slight increase on March 31, 2026, with 22K gold rates rising across major jewelry brands like Tanishq, Kalyan Jewellers, Malabar Gold & Diamonds, and Joyalukkas.",2026-03-31T10:01:49Z,The Times of India
"Der Countdown läuft - Meldet sich keiner, kriegt ein Dorf das ganze Gold","Jetzt läuft die Zeit für den bisherigen Eigentümer ab. Meldet er sich nicht rechtzeitig, hat ein Bürgermeister große Pläne mit dem Schatz.",2026-03-31T10:01:25Z,Bild
